,Unnamed: 0,Price_Category,Number of Bedrooms,County,Rent_Price,Land_Price,Population of County,Average_Value_County,Rent_To_Land_Ratio,Average_Value_Bedroom_Count,vat_internal_€m,paye_income_tax_and_usc_€m,self_employed_income_tax_€m,corporation_tax_€m,capital_gains_tax_€m,Net_Income
0,0,Standard,Four plus bed,Carlow,1397.92,17417,61968,976.8573684,0.080261813,1360.95,86.53,147.83,25.62,33.55,7.19,53953
1,1,Standard,Four plus bed,Carlow,1323.98,17417,61968,976.8573684,0.076016536,1360.95,86.53,147.83,25.62,33.55,7.19,53953
2,2,Standard,All bedrooms,Carlow,1060.03,17417,61968,976.8573684,0.060861802,1029.973333,86.53,147.83,25.62,33.55,7.19,53953
3,3,Standard,Three bed,Carlow,1028.83,17417,61968,976.8573684,0.059070448,1002.91,86.53,147.83,25.62,33.55,7.19,53953
4,4,Standard,All bedrooms,Carlow,1017.06,17417,61968,976.8573684,0.058394672,1029.973333,86.53,147.83,25.62,33.55,7.19,53953
5,5,Standard,All bedrooms,Carlow,1012.83,17417,61968,976.8573684,0.058151806,1029.973333,86.53,147.83,25.62,33.55,7.19,53953
6,6,Standard,Three bed,Carlow,997.69,17417,61968,976.8573684,0.05728254,1002.91,86.53,147.83,25.62,33.55,7.19,53953
7,7,Standard,Three bed,Carlow,982.21,17417,61968,976.8573684,0.056393753,1002.91,86.53,147.83,25.62,33.55,7.19,53953
8,8,Standard,1 to 3 bed,Carlow,969.62,17417,61968,976.8573684,0.055670896,947.4166667,86.53,147.83,25.62,33.55,7.19,53953
9,9,Standard,1 to 3 bed,Carlow,945.86,17417,61968,976.8573684,0.054306712,947.4166667,86.53,147.83,25.62,33.55,7.19,53953
10,10,Standard,1 to 3 bed,Carlow,926.77,17417,61968,976.8573684,0.053210656,947.4166667,86.53,147.83,25.62,33.55,7.19,53953
11,11,Standard,Two bed,Carlow,907.25,17417,61968,976.8573684,0.052089912,881.7166667,86.53,147.83,25.62,33.55,7.19,53953
12,12,Standard,1 to 2 bed,Carlow,888.99,17417,61968,976.8573684,0.051041511,863.2266667,86.53,147.83,25.62,33.55,7.19,53953
13,13,Standard,Two bed,Carlow,877.48,17417,61968,976.8573684,0.050380663,881.7166667,86.53,147.83,25.62,33.55,7.19,53953
14,14,Budget,Two bed,Carlow,860.42,17417,61968,976.8573684,0.04940116,881.7166667,86.53,147.83,25.62,33.55,7.19,53953
15,15,Budget,1 to 2 bed,Carlow,858.69,17417,61968,976.8573684,0.049301832,863.2266667,86.53,147.83,25.62,33.55,7.19,53953
16,16,Budget,One bed,Carlow,849.14,17417,61968,976.8573684,0.048753517,831.33,86.53,147.83,25.62,33.55,7.19,53953
17,17,Budget,1 to 2 bed,Carlow,842.0,17417,61968,976.8573684,0.048343572,863.2266667,86.53,147.83,25.62,33.55,7.19,53953
18,18,Budget,One bed,Carlow,813.52,17417,61968,976.8573684,0.046708388,831.33,86.53,147.83,25.62,33.55,7.19,53953
19,19,Standard,Four plus bed,Cavan,1079.64,10000,81704,759.1215217,0.107964,1018.265,115.04,196.23,30.28,77.63,7.47,52780
20,20,Standard,Four plus bed,Cavan,1047.92,10000,81704,759.1215217,0.104792,1018.265,115.04,196.23,30.28,77.63,7.47,52780
21,21,Standard,Four plus bed,Cavan,973.88,10000,81704,759.1215217,0.097388,1018.265,115.04,196.23,30.28,77.63,7.47,52780
22,22,Standard,Four plus bed,Cavan,971.62,10000,81704,759.1215217,0.097162,1018.265,115.04,196.23,30.28,77.63,7.47,52780
23,23,Standard,Three bed,Cavan,956.26,10000,81704,759.1215217,0.095626,794.3325,115.04,196.23,30.28,77.63,7.47,52780
24,24,Standard,Three bed,Cavan,898.99,10000,81704,759.1215217,0.089899,794.3325,115.04,196.23,30.28,77.63,7.47,52780
25,25,Standard,All bedrooms,Cavan,889.31,10000,81704,759.1215217,0.088931,782.8355556,115.04,196.23,30.28,77.63,7.47,52780
26,26,Standard,All bedrooms,Cavan,865.28,10000,81704,759.1215217,0.086528,782.8355556,115.04,196.23,30.28,77.63,7.47,52780
27,27,Budget,All bedrooms,Cavan,844.51,10000,81704,759.1215217,0.084451,782.8355556,115.04,196.23,30.28,77.63,7.47,52780
28,28,Budget,1 to 3 bed,Cavan,837.07,10000,81704,759.1215217,0.083707,724.2533333,115.04,196.23,30.28,77.63,7.47,52780
29,29,Budget,Two bed,Cavan,822.93,10000,81704,759.1215217,0.082293,731.028,115.04,196.23,30.28,77.63,7.47,52780
30,30,Budget,1 to 3 bed,Cavan,816.1,10000,81704,759.1215217,0.08161,724.2533333,115.04,196.23,30.28,77.63,7.47,52780
31,31,Budget,Three bed,Cavan,807.56,10000,81704,759.1215217,0.080756,794.3325,115.04,196.23,30.28,77.63,7.47,52780
32,32,Budget,Three bed,Cavan,805.33,10000,81704,759.1215217,0.080533,794.3325,115.04,196.23,30.28,77.63,7.47,52780
33,33,Budget,Three bed,Cavan,801.24,10000,81704,759.1215217,0.080124,794.3325,115.04,196.23,30.28,77.63,7.47,52780
34,34,Budget,All bedrooms,Cavan,797.31,10000,81704,759.1215217,0.079731,782.8355556,115.04,196.23,30.28,77.63,7.47,52780
35,35,Budget,All bedrooms,Cavan,795.35,10000,81704,759.1215217,0.079535,782.8355556,115.04,196.23,30.28,77.63,7.47,52780
36,36,Budget,All bedrooms,Cavan,793.75,10000,81704,759.1215217,0.079375,782.8355556,115.04,196.23,30.28,77.63,7.47,52780
37,37,Budget,1 to 2 bed,Cavan,788.43,10000,81704,759.1215217,0.078843,662.54625,115.04,196.23,30.28,77.63,7.47,52780
38,38,Budget,1 to 3 bed,Cavan,761.29,10000,81704,759.1215217,0.076129,724.2533333,115.04,196.23,30.28,77.63,7.47,52780
39,39,Budget,Two bed,Cavan,757.11,10000,81704,759.1215217,0.075711,731.028,115.04,196.23,30.28,77.63,7.47,52780
40,40,Budget,1 to 3 bed,Cavan,746.61,10000,81704,759.1215217,0.074661,724.2533333,115.04,196.23,30.28,77.63,7.47,52780
41,41,Budget,Two bed,Cavan,739.31,10000,81704,759.1215217,0.073931,731.028,115.04,196.23,30.28,77.63,7.47,52780
42,42,Budget,All bedrooms,Cavan,728.95,10000,81704,759.1215217,0.072895,782.8355556,115.04,196.23,30.28,77.63,7.47,52780
43,43,Budget,1 to 2 bed,Cavan,728.51,10000,81704,759.1215217,0.072851,662.54625,115.04,196.23,30.28,77.63,7.47,52780
44,44,Budget,All bedrooms,Cavan,715.75,10000,81704,759.1215217,0.071575,782.8355556,115.04,196.23,30.28,77.63,7.47,52780
45,45,Budget,Three bed,Cavan,714.49,10000,81704,759.1215217,0.071449,794.3325,115.04,196.23,30.28,77.63,7.47,52780
46,46,Budget,Three bed,Cavan,709.17,10000,81704,759.1215217,0.070917,794.3325,115.04,196.23,30.28,77.63,7.47,52780
47,47,Budget,1 to 3 bed,Cavan,702.02,10000,81704,759.1215217,0.070202,724.2533333,115.04,196.23,30.28,77.63,7.47,52780
48,48,Budget,One bed,Cavan,697.62,10000,81704,759.1215217,0.069762,657.52,115.04,196.23,30.28,77.63,7.47,52780
49,49,Budget,1 to 2 bed,Cavan,696.33,10000,81704,759.1215217,0.069633,662.54625,115.04,196.23,30.28,77.63,7.47,52780
50,50,Budget,1 to 2 bed,Cavan,692.09,10000,81704,759.1215217,0.069209,662.54625,115.04,196.23,30.28,77.63,7.47,52780
51,51,Budget,1 to 3 bed,Cavan,690.07,10000,81704,759.1215217,0.069007,724.2533333,115.04,196.23,30.28,77.63,7.47,52780
52,52,Budget,1 to 3 bed,Cavan,685.72,10000,81704,759.1215217,0.068572,724.2533333,115.04,196.23,30.28,77.63,7.47,52780
53,53,Budget,1 to 3 bed,Cavan,677.96,10000,81704,759.1215217,0.067796,724.2533333,115.04,196.23,30.28,77.63,7.47,52780
54,54,Budget,Two bed,Cavan,669.83,10000,81704,759.1215217,0.066983,731.028,115.04,196.23,30.28,77.63,7.47,52780
55,55,Budget,One bed,Cavan,667.19,10000,81704,759.1215217,0.066719,657.52,115.04,196.23,30.28,77.63,7.47,52780
56,56,Budget,Two bed,Cavan,665.96,10000,81704,759.1215217,0.066596,731.028,115.04,196.23,30.28,77.63,7.47,52780
57,57,Budget,Three bed,Cavan,661.62,10000,81704,759.1215217,0.066162,794.3325,115.04,196.23,30.28,77.63,7.47,52780
58,58,Budget,1 to 2 bed,Cavan,655.67,10000,81704,759.1215217,0.065567,662.54625,115.04,196.23,30.28,77.63,7.47,52780
59,59,Budget,1 to 2 bed,Cavan,615.98,10000,81704,759.1215217,0.061598,662.54625,115.04,196.23,30.28,77.63,7.47,52780
60,60,Budget,All bedrooms,Cavan,615.31,10000,81704,759.1215217,0.061531,782.8355556,115.04,196.23,30.28,77.63,7.47,52780
61,61,Budget,One bed,Cavan,607.75,10000,81704,759.1215217,0.060775,657.52,115.04,196.23,30.28,77.63,7.47,52780
62,62,Budget,1 to 3 bed,Cavan,601.44,10000,81704,759.1215217,0.060144,724.2533333,115.04,196.23,30.28,77.63,7.47,52780
63,63,Budget,1 to 2 bed,Cavan,587.11,10000,81704,759.1215217,0.058711,662.54625,115.04,196.23,30.28,77.63,7.47,52780
64,64,Budget,1 to 2 bed,Cavan,536.25,10000,81704,759.1215217,0.053625,662.54625,115.04,196.23,30.28,77.63,7.47,52780
65,65,Standard,Four plus bed,Clare,1157.5,9875,127938,861.5288235,0.11721519,1114.595,168.66,380.6,50.19,136.84,15.83,55072
66,66,Standard,Four plus bed,Clare,1071.69,9875,127938,861.5288235,0.10852557,1114.595,168.66,380.6,50.19,136.84,15.83,55072
67,67,Standard,Three bed,Clare,1038.72,9875,127938,861.5288235,0.105186835,948.425,168.66,380.6,50.19,136.84,15.83,55072
68,68,Standard,Three bed,Clare,1024.16,9875,127938,861.5288235,0.103712405,948.425,168.66,380.6,50.19,136.84,15.83,55072
69,69,Standard,Three bed,Clare,1003.83,9875,127938,861.5288235,0.101653671,948.425,168.66,380.6,50.19,136.84,15.83,55072
70,70,Standard,Three bed,Clare,992.88,9875,127938,861.5288235,0.10054481,948.425,168.66,380.6,50.19,136.84,15.83,55072
71,71,Standard,All bedrooms,Clare,983.09,9875,127938,861.5288235,0.099553418,895.1385714,168.66,380.6,50.19,136.84,15.83,55072
72,72,Standard,1 to 3 bed,Clare,967.09,9875,127938,861.5288235,0.097933165,867.1542857,168.66,380.6,50.19,136.84,15.83,55072
73,73,Standard,Three bed,Clare,956.38,9875,127938,861.5288235,0.096848608,948.425,168.66,380.6,50.19,136.84,15.83,55072
74,74,Standard,All bedrooms,Clare,955.1,9875,127938,861.5288235,0.096718987,895.1385714,168.66,380.6,50.19,136.84,15.83,55072
75,75,Standard,1 to 3 bed,Clare,948.72,9875,127938,861.5288235,0.096072911,867.1542857,168.66,380.6,50.19,136.84,15.83,55072
76,76,Standard,All bedrooms,Clare,943.63,9875,127938,861.5288235,0.095557468,895.1385714,168.66,380.6,50.19,136.84,15.83,55072
77,77,Standard,All bedrooms,Clare,941.41,9875,127938,861.5288235,0.095332658,895.1385714,168.66,380.6,50.19,136.84,15.83,55072
78,78,Standard,1 to 3 bed,Clare,932.51,9875,127938,861.5288235,0.094431392,867.1542857,168.66,380.6,50.19,136.84,15.83,55072
79,79,Standard,Two bed,Clare,918.76,9875,127938,861.5288235,0.093038987,818.606,168.66,380.6,50.19,136.84,15.83,55072
80,80,Standard,1 to 3 bed,Clare,913.77,9875,127938,861.5288235,0.092533671,867.1542857,168.66,380.6,50.19,136.84,15.83,55072
81,81,Standard,Two bed,Clare,911.35,9875,127938,861.5288235,0.092288608,818.606,168.66,380.6,50.19,136.84,15.83,55072
82,82,Standard,All bedrooms,Clare,905.46,9875,127938,861.5288235,0.091692152,895.1385714,168.66,380.6,50.19,136.84,15.83,55072
83,83,Standard,1 to 2 bed,Clare,899.76,9875,127938,861.5288235,0.091114937,769.704,168.66,380.6,50.19,136.84,15.83,55072
84,84,Standard,1 to 2 bed,Clare,895.26,9875,127938,861.5288235,0.090659241,769.704,168.66,380.6,50.19,136.84,15.83,55072
85,85,Standard,All bedrooms,Clare,892.09,9875,127938,861.5288235,0.090338228,895.1385714,168.66,380.6,50.19,136.84,15.83,55072
86,86,Budget,1 to 3 bed,Clare,851.31,9875,127938,861.5288235,0.086208608,867.1542857,168.66,380.6,50.19,136.84,15.83,55072
87,87,Budget,1 to 3 bed,Clare,824.02,9875,127938,861.5288235,0.083445063,867.1542857,168.66,380.6,50.19,136.84,15.83,55072
88,88,Budget,Two bed,Clare,815.48,9875,127938,861.5288235,0.082580253,818.606,168.66,380.6,50.19,136.84,15.83,55072
89,89,Budget,Two bed,Clare,815.25,9875,127938,861.5288235,0.082556962,818.606,168.66,380.6,50.19,136.84,15.83,55072
90,90,Budget,1 to 2 bed,Clare,751.08,9875,127938,861.5288235,0.076058734,769.704,168.66,380.6,50.19,136.84,15.83,55072
91,91,Budget,1 to 2 bed,Clare,707.7,9875,127938,861.5288235,0.071665823,769.704,168.66,380.6,50.19,136.84,15.83,55072
92,92,Budget,Three bed,Clare,674.58,9875,127938,861.5288235,0.068311899,948.425,168.66,380.6,50.19,136.84,15.83,55072
93,93,Budget,All bedrooms,Clare,645.19,9875,127938,861.5288235,0.065335696,895.1385714,168.66,380.6,50.19,136.84,15.83,55072
94,94,Budget,1 to 3 bed,Clare,632.66,9875,127938,861.5288235,0.064066835,867.1542857,168.66,380.6,50.19,136.84,15.83,55072
95,95,Budget,Two bed,Clare,632.19,9875,127938,861.5288235,0.064019241,818.606,168.66,380.6,50.19,136.84,15.83,55072
96,96,Budget,1 to 2 bed,Clare,594.72,9875,127938,861.5288235,0.06022481,769.704,168.66,380.6,50.19,136.84,15.83,55072
97,97,Budget,One bed,Clare,569.77,9875,127938,861.5288235,0.057698228,547.32,168.66,380.6,50.19,136.84,15.83,55072
98,98,Budget,One bed,Clare,524.87,9875,127938,861.5288235,0.053151392,547.32,168.66,380.6,50.19,136.84,15.83,55072
99,99,Luxury,Four plus bed,Cork,2031.86,17875,584156,1107.281059,0.11367049,1508.663846,1818.53,2259.48,341.84,8467.08,184.82,60620
100,100,Luxury,Four plus bed,Cork,1874.94,17875,584156,1107.281059,0.104891748,1508.663846,1818.53,2259.48,341.84,8467.08,184.82,60620
101,101,Luxury,Four plus bed,Cork,1780.89,17875,584156,1107.281059,0.09963021,1508.663846,1818.53,2259.48,341.84,8467.08,184.82,60620
102,102,Luxury,Four plus bed,Cork,1683.22,17875,584156,1107.281059,0.094166154,1508.663846,1818.53,2259.48,341.84,8467.08,184.82,60620
103,103,Luxury,Four plus bed,Cork,1666.3,17875,584156,1107.281059,0.09321958,1508.663846,1818.53,2259.48,341.84,8467.08,184.82,60620
104,104,Luxury,All bedrooms,Cork,1645.5,17875,584156,1107.281059,0.092055944,1123.136471,1818.53,2259.48,341.84,8467.08,184.82,60620
105,105,Standard,Four plus bed,Cork,1610.16,17875,584156,1107.281059,0.090078881,1508.663846,1818.53,2259.48,341.84,8467.08,184.82,60620
106,106,Standard,Four plus bed,Cork,1606.71,17875,584156,1107.281059,0.089885874,1508.663846,1818.53,2259.48,341.84,8467.08,184.82,60620
107,107,Standard,Four plus bed,Cork,1570.15,17875,584156,1107.281059,0.087840559,1508.663846,1818.53,2259.48,341.84,8467.08,184.82,60620
108,108,Standard,Three bed,Cork,1566.06,17875,584156,1107.281059,0.087611748,1173.547692,1818.53,2259.48,341.84,8467.08,184.82,60620
109,109,Standard,Three bed,Cork,1545.77,17875,584156,1107.281059,0.086476643,1173.547692,1818.53,2259.48,341.84,8467.08,184.82,60620
110,110,Standard,Three bed,Cork,1508.51,17875,584156,1107.281059,0.084392168,1173.547692,1818.53,2259.48,341.84,8467.08,184.82,60620
111,111,Standard,Three bed,Cork,1452.07,17875,584156,1107.281059,0.081234685,1173.547692,1818.53,2259.48,341.84,8467.08,184.82,60620
112,112,Standard,All bedrooms,Cork,1432.18,17875,584156,1107.281059,0.080121958,1123.136471,1818.53,2259.48,341.84,8467.08,184.82,60620
113,113,Standard,All bedrooms,Cork,1430.42,17875,584156,1107.281059,0.080023497,1123.136471,1818.53,2259.48,341.84,8467.08,184.82,60620
114,114,Standard,All bedrooms,Cork,1429.62,17875,584156,1107.281059,0.079978741,1123.136471,1818.53,2259.48,341.84,8467.08,184.82,60620
115,115,Standard,Two bed,Cork,1419.22,17875,584156,1107.281059,0.079396923,1068.4544,1818.53,2259.48,341.84,8467.08,184.82,60620
116,116,Standard,Two bed,Cork,1403.69,17875,584156,1107.281059,0.078528112,1068.4544,1818.53,2259.48,341.84,8467.08,184.82,60620
117,117,Standard,1 to 3 bed,Cork,1398.53,17875,584156,1107.281059,0.078239441,1080.637647,1818.53,2259.48,341.84,8467.08,184.82,60620
118,118,Standard,1 to 3 bed,Cork,1393.14,17875,584156,1107.281059,0.077937902,1080.637647,1818.53,2259.48,341.84,8467.08,184.82,60620
119,119,Standard,Four plus bed,Cork,1388.75,17875,584156,1107.281059,0.077692308,1508.663846,1818.53,2259.48,341.84,8467.08,184.82,60620
120,120,Standard,1 to 3 bed,Cork,1386.77,17875,584156,1107.281059,0.077581538,1080.637647,1818.53,2259.48,341.84,8467.08,184.82,60620
121,121,Standard,All bedrooms,Cork,1384.28,17875,584156,1107.281059,0.077442238,1123.136471,1818.53,2259.48,341.84,8467.08,184.82,60620
122,122,Standard,Three bed,Cork,1380.96,17875,584156,1107.281059,0.077256503,1173.547692,1818.53,2259.48,341.84,8467.08,184.82,60620
123,123,Standard,All bedrooms,Cork,1378.86,17875,584156,1107.281059,0.077139021,1123.136471,1818.53,2259.48,341.84,8467.08,184.82,60620
124,124,Standard,1 to 3 bed,Cork,1362.41,17875,584156,1107.281059,0.076218741,1080.637647,1818.53,2259.48,341.84,8467.08,184.82,60620
125,125,Standard,All bedrooms,Cork,1361.46,17875,584156,1107.281059,0.076165594,1123.136471,1818.53,2259.48,341.84,8467.08,184.82,60620
126,126,Standard,Three bed,Cork,1359.65,17875,584156,1107.281059,0.076064336,1173.547692,1818.53,2259.48,341.84,8467.08,184.82,60620
127,127,Standard,Three bed,Cork,1344.39,17875,584156,1107.281059,0.075210629,1173.547692,1818.53,2259.48,341.84,8467.08,184.82,60620
128,128,Standard,Two bed,Cork,1338.48,17875,584156,1107.281059,0.07488,1068.4544,1818.53,2259.48,341.84,8467.08,184.82,60620
129,129,Standard,Two bed,Cork,1334.21,17875,584156,1107.281059,0.074641119,1068.4544,1818.53,2259.48,341.84,8467.08,184.82,60620
130,130,Standard,1 to 3 bed,Cork,1330.94,17875,584156,1107.281059,0.074458182,1080.637647,1818.53,2259.48,341.84,8467.08,184.82,60620
131,131,Standard,All bedrooms,Cork,1329.78,17875,584156,1107.281059,0.074393287,1123.136471,1818.53,2259.48,341.84,8467.08,184.82,60620
132,132,Standard,Two bed,Cork,1317.06,17875,584156,1107.281059,0.073681678,1068.4544,1818.53,2259.48,341.84,8467.08,184.82,60620
133,133,Standard,Three bed,Cork,1308.67,17875,584156,1107.281059,0.073212308,1173.547692,1818.53,2259.48,341.84,8467.08,184.82,60620
134,134,Standard,Three bed,Cork,1306.94,17875,584156,1107.281059,0.073115524,1173.547692,1818.53,2259.48,341.84,8467.08,184.82,60620
135,135,Standard,1 to 3 bed,Cork,1305.53,17875,584156,1107.281059,0.073036643,1080.637647,1818.53,2259.48,341.84,8467.08,184.82,60620
136,136,Standard,1 to 3 bed,Cork,1300.26,17875,584156,1107.281059,0.072741818,1080.637647,1818.53,2259.48,341.84,8467.08,184.82,60620
137,137,Standard,All bedrooms,Cork,1295.61,17875,584156,1107.281059,0.072481678,1123.136471,1818.53,2259.48,341.84,8467.08,184.82,60620
138,138,Standard,1 to 2 bed,Cork,1293.65,17875,584156,1107.281059,0.072372028,991.9007407,1818.53,2259.48,341.84,8467.08,184.82,60620
139,139,Standard,1 to 2 bed,Cork,1292.65,17875,584156,1107.281059,0.072316084,991.9007407,1818.53,2259.48,341.84,8467.08,184.82,60620
140,140,Standard,All bedrooms,Cork,1289.43,17875,584156,1107.281059,0.072135944,1123.136471,1818.53,2259.48,341.84,8467.08,184.82,60620
141,141,Standard,Three bed,Cork,1270.26,17875,584156,1107.281059,0.071063497,1173.547692,1818.53,2259.48,341.84,8467.08,184.82,60620
142,142,Standard,Four plus bed,Cork,1270.03,17875,584156,1107.281059,0.071050629,1508.663846,1818.53,2259.48,341.84,8467.08,184.82,60620
143,143,Standard,Three bed,Cork,1267.64,17875,584156,1107.281059,0.070916923,1173.547692,1818.53,2259.48,341.84,8467.08,184.82,60620
144,144,Standard,Two bed,Cork,1262.84,17875,584156,1107.281059,0.070648392,1068.4544,1818.53,2259.48,341.84,8467.08,184.82,60620
145,145,Standard,1 to 3 bed,Cork,1262.24,17875,584156,1107.281059,0.070614825,1080.637647,1818.53,2259.48,341.84,8467.08,184.82,60620
146,146,Standard,1 to 2 bed,Cork,1260.86,17875,584156,1107.281059,0.070537622,991.9007407,1818.53,2259.48,341.84,8467.08,184.82,60620
147,147,Standard,Three bed,Cork,1259.78,17875,584156,1107.281059,0.070477203,1173.547692,1818.53,2259.48,341.84,8467.08,184.82,60620
148,148,Standard,Two bed,Cork,1251.47,17875,584156,1107.281059,0.070012308,1068.4544,1818.53,2259.48,341.84,8467.08,184.82,60620
149,149,Standard,All bedrooms,Cork,1245.05,17875,584156,1107.281059,0.069653147,1123.136471,1818.53,2259.48,341.84,8467.08,184.82,60620
150,150,Standard,1 to 3 bed,Cork,1242.94,17875,584156,1107.281059,0.069535105,1080.637647,1818.53,2259.48,341.84,8467.08,184.82,60620
151,151,Standard,All bedrooms,Cork,1239.0,17875,584156,1107.281059,0.069314685,1123.136471,1818.53,2259.48,341.84,8467.08,184.82,60620
152,152,Standard,1 to 2 bed,Cork,1235.82,17875,584156,1107.281059,0.069136783,991.9007407,1818.53,2259.48,341.84,8467.08,184.82,60620
153,153,Standard,1 to 2 bed,Cork,1229.04,17875,584156,1107.281059,0.068757483,991.9007407,1818.53,2259.48,341.84,8467.08,184.82,60620
154,154,Standard,1 to 3 bed,Cork,1220.57,17875,584156,1107.281059,0.068283636,1080.637647,1818.53,2259.48,341.84,8467.08,184.82,60620
155,155,Standard,All bedrooms,Cork,1208.46,17875,584156,1107.281059,0.067606154,1123.136471,1818.53,2259.48,341.84,8467.08,184.82,60620
156,156,Standard,1 to 2 bed,Cork,1204.5,17875,584156,1107.281059,0.067384615,991.9007407,1818.53,2259.48,341.84,8467.08,184.82,60620
157,157,Standard,All bedrooms,Cork,1201.76,17875,584156,1107.281059,0.067231329,1123.136471,1818.53,2259.48,341.84,8467.08,184.82,60620
158,158,Standard,1 to 3 bed,Cork,1201.01,17875,584156,1107.281059,0.067189371,1080.637647,1818.53,2259.48,341.84,8467.08,184.82,60620
159,159,Standard,Two bed,Cork,1198.62,17875,584156,1107.281059,0.067055664,1068.4544,1818.53,2259.48,341.84,8467.08,184.82,60620
160,160,Standard,All bedrooms,Cork,1187.49,17875,584156,1107.281059,0.066433007,1123.136471,1818.53,2259.48,341.84,8467.08,184.82,60620
161,161,Standard,1 to 3 bed,Cork,1180.93,17875,584156,1107.281059,0.066066014,1080.637647,1818.53,2259.48,341.84,8467.08,184.82,60620
162,162,Standard,Two bed,Cork,1179.4,17875,584156,1107.281059,0.06598042,1068.4544,1818.53,2259.48,341.84,8467.08,184.82,60620
163,163,Standard,1 to 3 bed,Cork,1175.45,17875,584156,1107.281059,0.065759441,1080.637647,1818.53,2259.48,341.84,8467.08,184.82,60620
164,164,Standard,1 to 2 bed,Cork,1166.18,17875,584156,1107.281059,0.065240839,991.9007407,1818.53,2259.48,341.84,8467.08,184.82,60620
165,165,Standard,1 to 3 bed,Cork,1165.55,17875,584156,1107.281059,0.065205594,1080.637647,1818.53,2259.48,341.84,8467.08,184.82,60620
166,166,Standard,Two bed,Cork,1164.66,17875,584156,1107.281059,0.065155804,1068.4544,1818.53,2259.48,341.84,8467.08,184.82,60620
167,167,Standard,1 to 3 bed,Cork,1159.4,17875,584156,1107.281059,0.064861538,1080.637647,1818.53,2259.48,341.84,8467.08,184.82,60620
168,168,Standard,All bedrooms,Cork,1148.56,17875,584156,1107.281059,0.064255105,1123.136471,1818.53,2259.48,341.84,8467.08,184.82,60620
169,169,Standard,Three bed,Cork,1148.41,17875,584156,1107.281059,0.064246713,1173.547692,1818.53,2259.48,341.84,8467.08,184.82,60620
170,170,Standard,1 to 2 bed,Cork,1147.75,17875,584156,1107.281059,0.06420979,991.9007407,1818.53,2259.48,341.84,8467.08,184.82,60620
171,171,Standard,Four plus bed,Cork,1136.51,17875,584156,1107.281059,0.063580979,1508.663846,1818.53,2259.48,341.84,8467.08,184.82,60620
172,172,Standard,All bedrooms,Cork,1131.16,17875,584156,1107.281059,0.063281678,1123.136471,1818.53,2259.48,341.84,8467.08,184.82,60620
173,173,Standard,1 to 3 bed,Cork,1130.28,17875,584156,1107.281059,0.063232448,1080.637647,1818.53,2259.48,341.84,8467.08,184.82,60620
174,174,Standard,Three bed,Cork,1126.23,17875,584156,1107.281059,0.063005874,1173.547692,1818.53,2259.48,341.84,8467.08,184.82,60620
175,175,Standard,1 to 2 bed,Cork,1117.68,17875,584156,1107.281059,0.062527552,991.9007407,1818.53,2259.48,341.84,8467.08,184.82,60620
176,176,Standard,1 to 2 bed,Cork,1100.82,17875,584156,1107.281059,0.061584336,991.9007407,1818.53,2259.48,341.84,8467.08,184.82,60620
177,177,Standard,Two bed,Cork,1099.78,17875,584156,1107.281059,0.061526154,1068.4544,1818.53,2259.48,341.84,8467.08,184.82,60620
178,178,Standard,Three bed,Cork,1094.51,17875,584156,1107.281059,0.061231329,1173.547692,1818.53,2259.48,341.84,8467.08,184.82,60620
179,179,Standard,1 to 3 bed,Cork,1092.36,17875,584156,1107.281059,0.061111049,1080.637647,1818.53,2259.48,341.84,8467.08,184.82,60620
180,180,Standard,Two bed,Cork,1083.15,17875,584156,1107.281059,0.060595804,1068.4544,1818.53,2259.48,341.84,8467.08,184.82,60620
181,181,Standard,Three bed,Cork,1078.19,17875,584156,1107.281059,0.060318322,1173.547692,1818.53,2259.48,341.84,8467.08,184.82,60620
182,182,Standard,Two bed,Cork,1071.1,17875,584156,1107.281059,0.059921678,1068.4544,1818.53,2259.48,341.84,8467.08,184.82,60620
183,183,Standard,Four plus bed,Cork,1070.71,17875,584156,1107.281059,0.05989986,1508.663846,1818.53,2259.48,341.84,8467.08,184.82,60620
184,184,Standard,Two bed,Cork,1064.16,17875,584156,1107.281059,0.059533427,1068.4544,1818.53,2259.48,341.84,8467.08,184.82,60620
185,185,Standard,One bed,Cork,1063.55,17875,584156,1107.281059,0.059499301,881.0827273,1818.53,2259.48,341.84,8467.08,184.82,60620
186,186,Standard,1 to 2 bed,Cork,1055.82,17875,584156,1107.281059,0.059066853,991.9007407,1818.53,2259.48,341.84,8467.08,184.82,60620
187,187,Standard,1 to 2 bed,Cork,1055.73,17875,584156,1107.281059,0.059061818,991.9007407,1818.53,2259.48,341.84,8467.08,184.82,60620
188,188,Standard,All bedrooms,Cork,1054.97,17875,584156,1107.281059,0.059019301,1123.136471,1818.53,2259.48,341.84,8467.08,184.82,60620
189,189,Standard,1 to 2 bed,Cork,1041.69,17875,584156,1107.281059,0.058276364,991.9007407,1818.53,2259.48,341.84,8467.08,184.82,60620
190,190,Standard,Three bed,Cork,1037.96,17875,584156,1107.281059,0.058067692,1173.547692,1818.53,2259.48,341.84,8467.08,184.82,60620
191,191,Standard,One bed,Cork,1032.23,17875,584156,1107.281059,0.057747133,881.0827273,1818.53,2259.48,341.84,8467.08,184.82,60620
192,192,Standard,1 to 3 bed,Cork,1031.03,17875,584156,1107.281059,0.05768,1080.637647,1818.53,2259.48,341.84,8467.08,184.82,60620
193,193,Standard,1 to 2 bed,Cork,1017.06,17875,584156,1107.281059,0.056898462,991.9007407,1818.53,2259.48,341.84,8467.08,184.82,60620
194,194,Standard,Three bed,Cork,1013.62,17875,584156,1107.281059,0.056706014,1173.547692,1818.53,2259.48,341.84,8467.08,184.82,60620
195,195,Standard,All bedrooms,Cork,1012.01,17875,584156,1107.281059,0.056615944,1123.136471,1818.53,2259.48,341.84,8467.08,184.82,60620
196,196,Standard,Three bed,Cork,1010.65,17875,584156,1107.281059,0.05653986,1173.547692,1818.53,2259.48,341.84,8467.08,184.82,60620
197,197,Standard,All bedrooms,Cork,1002.12,17875,584156,1107.281059,0.056062657,1123.136471,1818.53,2259.48,341.84,8467.08,184.82,60620
198,198,Standard,1 to 3 bed,Cork,999.73,17875,584156,1107.281059,0.055928951,1080.637647,1818.53,2259.48,341.84,8467.08,184.82,60620
199,199,Standard,Two bed,Cork,996.74,17875,584156,1107.281059,0.055761678,1068.4544,1818.53,2259.48,341.84,8467.08,184.82,60620
200,200,Standard,One bed,Cork,995.58,17875,584156,1107.281059,0.055696783,881.0827273,1818.53,2259.48,341.84,8467.08,184.82,60620
201,201,Standard,One bed,Cork,995.41,17875,584156,1107.281059,0.055687273,881.0827273,1818.53,2259.48,341.84,8467.08,184.82,60620
202,202,Standard,All bedrooms,Cork,994.88,17875,584156,1107.281059,0.055657622,1123.136471,1818.53,2259.48,341.84,8467.08,184.82,60620
203,203,Standard,All bedrooms,Cork,994.32,17875,584156,1107.281059,0.055626294,1123.136471,1818.53,2259.48,341.84,8467.08,184.82,60620
204,204,Standard,1 to 3 bed,Cork,994.32,17875,584156,1107.281059,0.055626294,1080.637647,1818.53,2259.48,341.84,8467.08,184.82,60620
205,205,Standard,1 to 3 bed,Cork,993.55,17875,584156,1107.281059,0.055583217,1080.637647,1818.53,2259.48,341.84,8467.08,184.82,60620
206,206,Standard,All bedrooms,Cork,993.37,17875,584156,1107.281059,0.055573147,1123.136471,1818.53,2259.48,341.84,8467.08,184.82,60620
207,207,Standard,Two bed,Cork,992.19,17875,584156,1107.281059,0.055507133,1068.4544,1818.53,2259.48,341.84,8467.08,184.82,60620
208,208,Standard,All bedrooms,Cork,988.2,17875,584156,1107.281059,0.055283916,1123.136471,1818.53,2259.48,341.84,8467.08,184.82,60620
209,209,Standard,One bed,Cork,987.68,17875,584156,1107.281059,0.055254825,881.0827273,1818.53,2259.48,341.84,8467.08,184.82,60620
210,210,Standard,1 to 3 bed,Cork,974.68,17875,584156,1107.281059,0.054527552,1080.637647,1818.53,2259.48,341.84,8467.08,184.82,60620
211,211,Standard,Three bed,Cork,973.97,17875,584156,1107.281059,0.054487832,1173.547692,1818.53,2259.48,341.84,8467.08,184.82,60620
212,212,Standard,1 to 3 bed,Cork,973.77,17875,584156,1107.281059,0.054476643,1080.637647,1818.53,2259.48,341.84,8467.08,184.82,60620
213,213,Standard,All bedrooms,Cork,970.34,17875,584156,1107.281059,0.054284755,1123.136471,1818.53,2259.48,341.84,8467.08,184.82,60620
214,214,Standard,Three bed,Cork,960.81,17875,584156,1107.281059,0.053751608,1173.547692,1818.53,2259.48,341.84,8467.08,184.82,60620
215,215,Standard,Three bed,Cork,959.83,17875,584156,1107.281059,0.053696783,1173.547692,1818.53,2259.48,341.84,8467.08,184.82,60620
216,216,Standard,1 to 3 bed,Cork,953.08,17875,584156,1107.281059,0.053319161,1080.637647,1818.53,2259.48,341.84,8467.08,184.82,60620
217,217,Standard,One bed,Cork,952.96,17875,584156,1107.281059,0.053312448,881.0827273,1818.53,2259.48,341.84,8467.08,184.82,60620
218,218,Standard,All bedrooms,Cork,949.5,17875,584156,1107.281059,0.053118881,1123.136471,1818.53,2259.48,341.84,8467.08,184.82,60620
219,219,Standard,Two bed,Cork,948.25,17875,584156,1107.281059,0.053048951,1068.4544,1818.53,2259.48,341.84,8467.08,184.82,60620
220,220,Standard,Three bed,Cork,945.33,17875,584156,1107.281059,0.052885594,1173.547692,1818.53,2259.48,341.84,8467.08,184.82,60620
221,221,Standard,1 to 3 bed,Cork,938.29,17875,584156,1107.281059,0.052491748,1080.637647,1818.53,2259.48,341.84,8467.08,184.82,60620
222,222,Standard,All bedrooms,Cork,938.08,17875,584156,1107.281059,0.05248,1123.136471,1818.53,2259.48,341.84,8467.08,184.82,60620
223,223,Standard,Two bed,Cork,935.98,17875,584156,1107.281059,0.052362517,1068.4544,1818.53,2259.48,341.84,8467.08,184.82,60620
224,224,Standard,1 to 2 bed,Cork,930.22,17875,584156,1107.281059,0.05204028,991.9007407,1818.53,2259.48,341.84,8467.08,184.82,60620
225,225,Standard,Four plus bed,Cork,922.4,17875,584156,1107.281059,0.051602797,1508.663846,1818.53,2259.48,341.84,8467.08,184.82,60620
226,226,Standard,1 to 2 bed,Cork,915.74,17875,584156,1107.281059,0.05123021,991.9007407,1818.53,2259.48,341.84,8467.08,184.82,60620
227,227,Standard,1 to 3 bed,Cork,904.93,17875,584156,1107.281059,0.050625455,1080.637647,1818.53,2259.48,341.84,8467.08,184.82,60620
228,228,Standard,All bedrooms,Cork,901.31,17875,584156,1107.281059,0.050422937,1123.136471,1818.53,2259.48,341.84,8467.08,184.82,60620
229,229,Standard,Two bed,Cork,896.25,17875,584156,1107.281059,0.05013986,1068.4544,1818.53,2259.48,341.84,8467.08,184.82,60620
230,230,Standard,1 to 3 bed,Cork,894.98,17875,584156,1107.281059,0.050068811,1080.637647,1818.53,2259.48,341.84,8467.08,184.82,60620
231,231,Standard,1 to 2 bed,Cork,890.57,17875,584156,1107.281059,0.049822098,991.9007407,1818.53,2259.48,341.84,8467.08,184.82,60620
232,232,Standard,Three bed,Cork,890.4,17875,584156,1107.281059,0.049812587,1173.547692,1818.53,2259.48,341.84,8467.08,184.82,60620
233,233,Standard,1 to 3 bed,Cork,882.82,17875,584156,1107.281059,0.049388531,1080.637647,1818.53,2259.48,341.84,8467.08,184.82,60620
234,234,Standard,All bedrooms,Cork,874.99,17875,584156,1107.281059,0.04895049,1123.136471,1818.53,2259.48,341.84,8467.08,184.82,60620
235,235,Budget,All bedrooms,Cork,860.44,17875,584156,1107.281059,0.048136503,1123.136471,1818.53,2259.48,341.84,8467.08,184.82,60620
236,236,Budget,All bedrooms,Cork,857.89,17875,584156,1107.281059,0.047993846,1123.136471,1818.53,2259.48,341.84,8467.08,184.82,60620
237,237,Budget,Two bed,Cork,857.22,17875,584156,1107.281059,0.047956364,1068.4544,1818.53,2259.48,341.84,8467.08,184.82,60620
238,238,Budget,Three bed,Cork,857.14,17875,584156,1107.281059,0.047951888,1173.547692,1818.53,2259.48,341.84,8467.08,184.82,60620
239,239,Budget,One bed,Cork,852.75,17875,584156,1107.281059,0.047706294,881.0827273,1818.53,2259.48,341.84,8467.08,184.82,60620
240,240,Budget,1 to 2 bed,Cork,850.89,17875,584156,1107.281059,0.047602238,991.9007407,1818.53,2259.48,341.84,8467.08,184.82,60620
241,241,Budget,1 to 3 bed,Cork,850.2,17875,584156,1107.281059,0.047563636,1080.637647,1818.53,2259.48,341.84,8467.08,184.82,60620
242,242,Budget,All bedrooms,Cork,848.42,17875,584156,1107.281059,0.047464056,1123.136471,1818.53,2259.48,341.84,8467.08,184.82,60620
243,243,Budget,Three bed,Cork,844.49,17875,584156,1107.281059,0.047244196,1173.547692,1818.53,2259.48,341.84,8467.08,184.82,60620
244,244,Budget,1 to 2 bed,Cork,840.21,17875,584156,1107.281059,0.047004755,991.9007407,1818.53,2259.48,341.84,8467.08,184.82,60620
245,245,Budget,1 to 3 bed,Cork,835.07,17875,584156,1107.281059,0.046717203,1080.637647,1818.53,2259.48,341.84,8467.08,184.82,60620
246,246,Budget,1 to 2 bed,Cork,832.23,17875,584156,1107.281059,0.046558322,991.9007407,1818.53,2259.48,341.84,8467.08,184.82,60620
247,247,Budget,1 to 3 bed,Cork,831.75,17875,584156,1107.281059,0.046531469,1080.637647,1818.53,2259.48,341.84,8467.08,184.82,60620
248,248,Budget,1 to 3 bed,Cork,828.58,17875,584156,1107.281059,0.046354126,1080.637647,1818.53,2259.48,341.84,8467.08,184.82,60620
249,249,Budget,1 to 2 bed,Cork,825.15,17875,584156,1107.281059,0.046162238,991.9007407,1818.53,2259.48,341.84,8467.08,184.82,60620
250,250,Budget,All bedrooms,Cork,819.53,17875,584156,1107.281059,0.045847832,1123.136471,1818.53,2259.48,341.84,8467.08,184.82,60620
251,251,Budget,1 to 2 bed,Cork,817.85,17875,584156,1107.281059,0.045753846,991.9007407,1818.53,2259.48,341.84,8467.08,184.82,60620
252,252,Budget,Two bed,Cork,810.61,17875,584156,1107.281059,0.045348811,1068.4544,1818.53,2259.48,341.84,8467.08,184.82,60620
253,253,Budget,One bed,Cork,796.33,17875,584156,1107.281059,0.04454993,881.0827273,1818.53,2259.48,341.84,8467.08,184.82,60620
254,254,Budget,Two bed,Cork,793.82,17875,584156,1107.281059,0.04440951,1068.4544,1818.53,2259.48,341.84,8467.08,184.82,60620
255,255,Budget,Two bed,Cork,791.07,17875,584156,1107.281059,0.044255664,1068.4544,1818.53,2259.48,341.84,8467.08,184.82,60620
256,256,Budget,1 to 3 bed,Cork,790.64,17875,584156,1107.281059,0.044231608,1080.637647,1818.53,2259.48,341.84,8467.08,184.82,60620
257,257,Budget,All bedrooms,Cork,787.65,17875,584156,1107.281059,0.044064336,1123.136471,1818.53,2259.48,341.84,8467.08,184.82,60620
258,258,Budget,Two bed,Cork,787.08,17875,584156,1107.281059,0.044032448,1068.4544,1818.53,2259.48,341.84,8467.08,184.82,60620
259,259,Budget,1 to 2 bed,Cork,767.14,17875,584156,1107.281059,0.042916923,991.9007407,1818.53,2259.48,341.84,8467.08,184.82,60620
260,260,Budget,1 to 3 bed,Cork,755.95,17875,584156,1107.281059,0.042290909,1080.637647,1818.53,2259.48,341.84,8467.08,184.82,60620
261,261,Budget,1 to 2 bed,Cork,755.02,17875,584156,1107.281059,0.042238881,991.9007407,1818.53,2259.48,341.84,8467.08,184.82,60620
262,262,Budget,1 to 2 bed,Cork,736.17,17875,584156,1107.281059,0.041184336,991.9007407,1818.53,2259.48,341.84,8467.08,184.82,60620
263,263,Budget,One bed,Cork,719.28,17875,584156,1107.281059,0.040239441,881.0827273,1818.53,2259.48,341.84,8467.08,184.82,60620
264,264,Budget,1 to 2 bed,Cork,714.35,17875,584156,1107.281059,0.039963636,991.9007407,1818.53,2259.48,341.84,8467.08,184.82,60620
265,265,Budget,Two bed,Cork,714.31,17875,584156,1107.281059,0.039961399,1068.4544,1818.53,2259.48,341.84,8467.08,184.82,60620
266,266,Budget,1 to 2 bed,Cork,686.53,17875,584156,1107.281059,0.038407273,991.9007407,1818.53,2259.48,341.84,8467.08,184.82,60620
267,267,Budget,One bed,Cork,680.72,17875,584156,1107.281059,0.038082238,881.0827273,1818.53,2259.48,341.84,8467.08,184.82,60620
268,268,Budget,One bed,Cork,615.42,17875,584156,1107.281059,0.034429091,881.0827273,1818.53,2259.48,341.84,8467.08,184.82,60620
269,269,Standard,Four plus bed,Donegal,933.9,13280,167084,651.4333333,0.070323795,827.5875,151.96,202.12,48.96,78.69,13.88,45840
270,270,Budget,Four plus bed,Donegal,817.69,13280,167084,651.4333333,0.061573042,827.5875,151.96,202.12,48.96,78.69,13.88,45840
271,271,Budget,Three bed,Donegal,812.29,13280,167084,651.4333333,0.061166416,688.1016667,151.96,202.12,48.96,78.69,13.88,45840
272,272,Budget,Four plus bed,Donegal,812.09,13280,167084,651.4333333,0.061151355,827.5875,151.96,202.12,48.96,78.69,13.88,45840
273,273,Budget,All bedrooms,Donegal,787.89,13280,167084,651.4333333,0.059329066,660.5622222,151.96,202.12,48.96,78.69,13.88,45840
274,274,Budget,Four plus bed,Donegal,746.67,13280,167084,651.4333333,0.056225151,827.5875,151.96,202.12,48.96,78.69,13.88,45840
275,275,Budget,1 to 3 bed,Donegal,745.93,13280,167084,651.4333333,0.056169428,623.5533333,151.96,202.12,48.96,78.69,13.88,45840
276,276,Budget,Three bed,Donegal,726.56,13280,167084,651.4333333,0.054710843,688.1016667,151.96,202.12,48.96,78.69,13.88,45840
277,277,Budget,Three bed,Donegal,724.51,13280,167084,651.4333333,0.054556476,688.1016667,151.96,202.12,48.96,78.69,13.88,45840
278,278,Budget,Two bed,Donegal,712.2,13280,167084,651.4333333,0.053629518,625.056,151.96,202.12,48.96,78.69,13.88,45840
279,279,Budget,All bedrooms,Donegal,703.3,13280,167084,651.4333333,0.052959337,660.5622222,151.96,202.12,48.96,78.69,13.88,45840
280,280,Budget,1 to 2 bed,Donegal,677.77,13280,167084,651.4333333,0.051036898,586.3271429,151.96,202.12,48.96,78.69,13.88,45840
281,281,Budget,All bedrooms,Donegal,667.09,13280,167084,651.4333333,0.050232681,660.5622222,151.96,202.12,48.96,78.69,13.88,45840
282,282,Budget,1 to 3 bed,Donegal,666.05,13280,167084,651.4333333,0.050154367,623.5533333,151.96,202.12,48.96,78.69,13.88,45840
283,283,Budget,Three bed,Donegal,663.47,13280,167084,651.4333333,0.04996009,688.1016667,151.96,202.12,48.96,78.69,13.88,45840
284,284,Budget,All bedrooms,Donegal,655.23,13280,167084,651.4333333,0.049339608,660.5622222,151.96,202.12,48.96,78.69,13.88,45840
285,285,Budget,Three bed,Donegal,648.74,13280,167084,651.4333333,0.048850904,688.1016667,151.96,202.12,48.96,78.69,13.88,45840
286,286,Budget,All bedrooms,Donegal,648.24,13280,167084,651.4333333,0.048813253,660.5622222,151.96,202.12,48.96,78.69,13.88,45840
287,287,Budget,All bedrooms,Donegal,646.62,13280,167084,651.4333333,0.048691265,660.5622222,151.96,202.12,48.96,78.69,13.88,45840
288,288,Budget,1 to 3 bed,Donegal,639.04,13280,167084,651.4333333,0.048120482,623.5533333,151.96,202.12,48.96,78.69,13.88,45840
289,289,Budget,Two bed,Donegal,630.45,13280,167084,651.4333333,0.047473645,625.056,151.96,202.12,48.96,78.69,13.88,45840
290,290,Budget,1 to 3 bed,Donegal,625.5,13280,167084,651.4333333,0.047100904,623.5533333,151.96,202.12,48.96,78.69,13.88,45840
291,291,Budget,All bedrooms,Donegal,622.06,13280,167084,651.4333333,0.046841867,660.5622222,151.96,202.12,48.96,78.69,13.88,45840
292,292,Budget,Two bed,Donegal,619.15,13280,167084,651.4333333,0.046622741,625.056,151.96,202.12,48.96,78.69,13.88,45840
293,293,Budget,Two bed,Donegal,612.2,13280,167084,651.4333333,0.046099398,625.056,151.96,202.12,48.96,78.69,13.88,45840
294,294,Budget,All bedrooms,Donegal,610.79,13280,167084,651.4333333,0.045993223,660.5622222,151.96,202.12,48.96,78.69,13.88,45840
295,295,Budget,1 to 2 bed,Donegal,605.77,13280,167084,651.4333333,0.045615211,586.3271429,151.96,202.12,48.96,78.69,13.88,45840
296,296,Budget,1 to 2 bed,Donegal,605.63,13280,167084,651.4333333,0.045604669,586.3271429,151.96,202.12,48.96,78.69,13.88,45840
297,297,Budget,All bedrooms,Donegal,603.84,13280,167084,651.4333333,0.04546988,660.5622222,151.96,202.12,48.96,78.69,13.88,45840
298,298,Budget,1 to 3 bed,Donegal,602.37,13280,167084,651.4333333,0.045359187,623.5533333,151.96,202.12,48.96,78.69,13.88,45840
299,299,Budget,1 to 3 bed,Donegal,596.55,13280,167084,651.4333333,0.044920934,623.5533333,151.96,202.12,48.96,78.69,13.88,45840
300,300,Budget,One bed,Donegal,596.54,13280,167084,651.4333333,0.044920181,567.315,151.96,202.12,48.96,78.69,13.88,45840
301,301,Budget,1 to 3 bed,Donegal,592.12,13280,167084,651.4333333,0.044587349,623.5533333,151.96,202.12,48.96,78.69,13.88,45840
302,302,Budget,1 to 2 bed,Donegal,581.81,13280,167084,651.4333333,0.043810994,586.3271429,151.96,202.12,48.96,78.69,13.88,45840
303,303,Budget,1 to 3 bed,Donegal,579.01,13280,167084,651.4333333,0.043600151,623.5533333,151.96,202.12,48.96,78.69,13.88,45840
304,304,Budget,1 to 2 bed,Donegal,573.46,13280,167084,651.4333333,0.043182229,586.3271429,151.96,202.12,48.96,78.69,13.88,45840
305,305,Budget,1 to 3 bed,Donegal,565.41,13280,167084,651.4333333,0.042576054,623.5533333,151.96,202.12,48.96,78.69,13.88,45840
306,306,Budget,Three bed,Donegal,553.04,13280,167084,651.4333333,0.041644578,688.1016667,151.96,202.12,48.96,78.69,13.88,45840
307,307,Budget,1 to 2 bed,Donegal,552.19,13280,167084,651.4333333,0.041580572,586.3271429,151.96,202.12,48.96,78.69,13.88,45840
308,308,Budget,Two bed,Donegal,551.28,13280,167084,651.4333333,0.041512048,625.056,151.96,202.12,48.96,78.69,13.88,45840
309,309,Budget,One bed,Donegal,538.09,13280,167084,651.4333333,0.040518825,567.315,151.96,202.12,48.96,78.69,13.88,45840
310,310,Budget,1 to 2 bed,Donegal,507.66,13280,167084,651.4333333,0.03822741,586.3271429,151.96,202.12,48.96,78.69,13.88,45840
311,311,Luxury,Four plus bed,Dublin,4324.51,18395,1458154,1842.651282,0.235091601,2896.236389,9895.73,13623.77,1383.09,11525.39,792.11,70886
312,312,Luxury,Four plus bed,Dublin,4213.17,18395,1458154,1842.651282,0.229038869,2896.236389,9895.73,13623.77,1383.09,11525.39,792.11,70886
313,313,Luxury,Four plus bed,Dublin,4188.71,18395,1458154,1842.651282,0.22770916,2896.236389,9895.73,13623.77,1383.09,11525.39,792.11,70886
314,314,Luxury,Four plus bed,Dublin,3941.27,18395,1458154,1842.651282,0.214257679,2896.236389,9895.73,13623.77,1383.09,11525.39,792.11,70886
315,315,Luxury,Four plus bed,Dublin,3676.63,18395,1458154,1842.651282,0.199871161,2896.236389,9895.73,13623.77,1383.09,11525.39,792.11,70886
316,316,Luxury,Four plus bed,Dublin,3585.99,18395,1458154,1842.651282,0.194943735,2896.236389,9895.73,13623.77,1383.09,11525.39,792.11,70886
317,317,Luxury,Four plus bed,Dublin,3364.25,18395,1458154,1842.651282,0.182889372,2896.236389,9895.73,13623.77,1383.09,11525.39,792.11,70886
318,318,Luxury,Three bed,Dublin,3298.2,18395,1458154,1842.651282,0.179298722,2133.736098,9895.73,13623.77,1383.09,11525.39,792.11,70886
319,319,Luxury,Four plus bed,Dublin,3293.0,18395,1458154,1842.651282,0.179016037,2896.236389,9895.73,13623.77,1383.09,11525.39,792.11,70886
320,320,Luxury,Four plus bed,Dublin,3281.75,18395,1458154,1842.651282,0.178404458,2896.236389,9895.73,13623.77,1383.09,11525.39,792.11,70886
321,321,Luxury,Four plus bed,Dublin,3270.48,18395,1458154,1842.651282,0.177791791,2896.236389,9895.73,13623.77,1383.09,11525.39,792.11,70886
322,322,Luxury,Four plus bed,Dublin,3216.02,18395,1458154,1842.651282,0.174831204,2896.236389,9895.73,13623.77,1383.09,11525.39,792.11,70886
323,323,Luxury,Four plus bed,Dublin,3115.88,18395,1458154,1842.651282,0.169387334,2896.236389,9895.73,13623.77,1383.09,11525.39,792.11,70886
324,324,Luxury,Four plus bed,Dublin,3086.44,18395,1458154,1842.651282,0.167786899,2896.236389,9895.73,13623.77,1383.09,11525.39,792.11,70886
325,325,Luxury,Four plus bed,Dublin,3062.55,18395,1458154,1842.651282,0.166488176,2896.236389,9895.73,13623.77,1383.09,11525.39,792.11,70886
326,326,Luxury,Four plus bed,Dublin,3013.47,18395,1458154,1842.651282,0.16382006,2896.236389,9895.73,13623.77,1383.09,11525.39,792.11,70886
327,327,Luxury,Four plus bed,Dublin,3006.57,18395,1458154,1842.651282,0.163444958,2896.236389,9895.73,13623.77,1383.09,11525.39,792.11,70886
328,328,Luxury,Four plus bed,Dublin,2938.04,18395,1458154,1842.651282,0.159719489,2896.236389,9895.73,13623.77,1383.09,11525.39,792.11,70886
329,329,Luxury,All bedrooms,Dublin,2933.85,18395,1458154,1842.651282,0.15949171,1867.439918,9895.73,13623.77,1383.09,11525.39,792.11,70886
330,330,Luxury,Four plus bed,Dublin,2933.23,18395,1458154,1842.651282,0.159458005,2896.236389,9895.73,13623.77,1383.09,11525.39,792.11,70886
331,331,Luxury,Four plus bed,Dublin,2912.37,18395,1458154,1842.651282,0.158324001,2896.236389,9895.73,13623.77,1383.09,11525.39,792.11,70886
332,332,Luxury,Four plus bed,Dublin,2907.53,18395,1458154,1842.651282,0.158060886,2896.236389,9895.73,13623.77,1383.09,11525.39,792.11,70886
333,333,Luxury,Three bed,Dublin,2898.88,18395,1458154,1842.651282,0.15759065,2133.736098,9895.73,13623.77,1383.09,11525.39,792.11,70886
334,334,Luxury,All bedrooms,Dublin,2865.28,18395,1458154,1842.651282,0.155764066,1867.439918,9895.73,13623.77,1383.09,11525.39,792.11,70886
335,335,Luxury,Three bed,Dublin,2813.48,18395,1458154,1842.651282,0.152948084,2133.736098,9895.73,13623.77,1383.09,11525.39,792.11,70886
336,336,Luxury,Three bed,Dublin,2788.09,18395,1458154,1842.651282,0.151567817,2133.736098,9895.73,13623.77,1383.09,11525.39,792.11,70886
337,337,Luxury,Four plus bed,Dublin,2772.37,18395,1458154,1842.651282,0.150713237,2896.236389,9895.73,13623.77,1383.09,11525.39,792.11,70886
338,338,Luxury,Three bed,Dublin,2734.45,18395,1458154,1842.651282,0.148651808,2133.736098,9895.73,13623.77,1383.09,11525.39,792.11,70886
339,339,Luxury,Three bed,Dublin,2727.07,18395,1458154,1842.651282,0.148250612,2133.736098,9895.73,13623.77,1383.09,11525.39,792.11,70886
340,340,Luxury,Three bed,Dublin,2726.23,18395,1458154,1842.651282,0.148204947,2133.736098,9895.73,13623.77,1383.09,11525.39,792.11,70886
341,341,Luxury,Four plus bed,Dublin,2715.31,18395,1458154,1842.651282,0.147611307,2896.236389,9895.73,13623.77,1383.09,11525.39,792.11,70886
342,342,Luxury,All bedrooms,Dublin,2709.97,18395,1458154,1842.651282,0.147321011,1867.439918,9895.73,13623.77,1383.09,11525.39,792.11,70886
343,343,Luxury,Four plus bed,Dublin,2655.67,18395,1458154,1842.651282,0.144369122,2896.236389,9895.73,13623.77,1383.09,11525.39,792.11,70886
344,344,Luxury,Four plus bed,Dublin,2613.35,18395,1458154,1842.651282,0.142068497,2896.236389,9895.73,13623.77,1383.09,11525.39,792.11,70886
345,345,Luxury,Three bed,Dublin,2611.36,18395,1458154,1842.651282,0.141960315,2133.736098,9895.73,13623.77,1383.09,11525.39,792.11,70886
346,346,Luxury,Three bed,Dublin,2586.88,18395,1458154,1842.651282,0.140629519,2133.736098,9895.73,13623.77,1383.09,11525.39,792.11,70886
347,347,Luxury,Three bed,Dublin,2563.85,18395,1458154,1842.651282,0.139377548,2133.736098,9895.73,13623.77,1383.09,11525.39,792.11,70886
348,348,Luxury,Three bed,Dublin,2548.56,18395,1458154,1842.651282,0.138546344,2133.736098,9895.73,13623.77,1383.09,11525.39,792.11,70886
349,349,Luxury,Four plus bed,Dublin,2543.96,18395,1458154,1842.651282,0.138296276,2896.236389,9895.73,13623.77,1383.09,11525.39,792.11,70886
350,350,Luxury,Three bed,Dublin,2493.3,18395,1458154,1842.651282,0.135542267,2133.736098,9895.73,13623.77,1383.09,11525.39,792.11,70886
351,351,Luxury,Three bed,Dublin,2485.67,18395,1458154,1842.651282,0.13512748,2133.736098,9895.73,13623.77,1383.09,11525.39,792.11,70886
352,352,Luxury,Three bed,Dublin,2473.57,18395,1458154,1842.651282,0.134469693,2133.736098,9895.73,13623.77,1383.09,11525.39,792.11,70886
353,353,Luxury,Four plus bed,Dublin,2466.18,18395,1458154,1842.651282,0.134067953,2896.236389,9895.73,13623.77,1383.09,11525.39,792.11,70886
354,354,Luxury,Two bed,Dublin,2465.49,18395,1458154,1842.651282,0.134030443,1808.275905,9895.73,13623.77,1383.09,11525.39,792.11,70886
355,355,Luxury,All bedrooms,Dublin,2462.86,18395,1458154,1842.651282,0.133887469,1867.439918,9895.73,13623.77,1383.09,11525.39,792.11,70886
356,356,Luxury,Three bed,Dublin,2455.86,18395,1458154,1842.651282,0.133506931,2133.736098,9895.73,13623.77,1383.09,11525.39,792.11,70886
357,357,Luxury,Three bed,Dublin,2453.93,18395,1458154,1842.651282,0.133402011,2133.736098,9895.73,13623.77,1383.09,11525.39,792.11,70886
358,358,Luxury,All bedrooms,Dublin,2443.32,18395,1458154,1842.651282,0.132825224,1867.439918,9895.73,13623.77,1383.09,11525.39,792.11,70886
359,359,Luxury,Three bed,Dublin,2437.27,18395,1458154,1842.651282,0.132496331,2133.736098,9895.73,13623.77,1383.09,11525.39,792.11,70886
360,360,Luxury,Four plus bed,Dublin,2435.79,18395,1458154,1842.651282,0.132415874,2896.236389,9895.73,13623.77,1383.09,11525.39,792.11,70886
361,361,Luxury,Three bed,Dublin,2430.66,18395,1458154,1842.651282,0.132136994,2133.736098,9895.73,13623.77,1383.09,11525.39,792.11,70886
362,362,Luxury,All bedrooms,Dublin,2421.71,18395,1458154,1842.651282,0.131650448,1867.439918,9895.73,13623.77,1383.09,11525.39,792.11,70886
363,363,Luxury,Three bed,Dublin,2404.69,18395,1458154,1842.651282,0.130725197,2133.736098,9895.73,13623.77,1383.09,11525.39,792.11,70886
364,364,Luxury,Three bed,Dublin,2401.7,18395,1458154,1842.651282,0.130562653,2133.736098,9895.73,13623.77,1383.09,11525.39,792.11,70886
365,365,Luxury,Four plus bed,Dublin,2400.68,18395,1458154,1842.651282,0.130507203,2896.236389,9895.73,13623.77,1383.09,11525.39,792.11,70886
366,366,Luxury,All bedrooms,Dublin,2396.3,18395,1458154,1842.651282,0.130269095,1867.439918,9895.73,13623.77,1383.09,11525.39,792.11,70886
367,367,Luxury,All bedrooms,Dublin,2391.13,18395,1458154,1842.651282,0.12998804,1867.439918,9895.73,13623.77,1383.09,11525.39,792.11,70886
368,368,Luxury,1 to 3 bed,Dublin,2391.13,18395,1458154,1842.651282,0.12998804,1772.76925,9895.73,13623.77,1383.09,11525.39,792.11,70886
369,369,Luxury,All bedrooms,Dublin,2378.75,18395,1458154,1842.651282,0.129315031,1867.439918,9895.73,13623.77,1383.09,11525.39,792.11,70886
370,370,Luxury,All bedrooms,Dublin,2369.66,18395,1458154,1842.651282,0.128820875,1867.439918,9895.73,13623.77,1383.09,11525.39,792.11,70886
371,371,Luxury,Three bed,Dublin,2369.4,18395,1458154,1842.651282,0.128806741,2133.736098,9895.73,13623.77,1383.09,11525.39,792.11,70886
372,372,Luxury,Three bed,Dublin,2357.69,18395,1458154,1842.651282,0.128170155,2133.736098,9895.73,13623.77,1383.09,11525.39,792.11,70886
373,373,Luxury,1 to 2 bed,Dublin,2355.29,18395,1458154,1842.651282,0.128039685,1667.058,9895.73,13623.77,1383.09,11525.39,792.11,70886
374,374,Luxury,Three bed,Dublin,2350.69,18395,1458154,1842.651282,0.127789617,2133.736098,9895.73,13623.77,1383.09,11525.39,792.11,70886
375,375,Luxury,1 to 3 bed,Dublin,2328.36,18395,1458154,1842.651282,0.1265757,1772.76925,9895.73,13623.77,1383.09,11525.39,792.11,70886
376,376,Luxury,All bedrooms,Dublin,2325.22,18395,1458154,1842.651282,0.126405001,1867.439918,9895.73,13623.77,1383.09,11525.39,792.11,70886
377,377,Luxury,Four plus bed,Dublin,2324.97,18395,1458154,1842.651282,0.126391411,2896.236389,9895.73,13623.77,1383.09,11525.39,792.11,70886
378,378,Luxury,All bedrooms,Dublin,2319.38,18395,1458154,1842.651282,0.126087524,1867.439918,9895.73,13623.77,1383.09,11525.39,792.11,70886
379,379,Luxury,Two bed,Dublin,2319.38,18395,1458154,1842.651282,0.126087524,1808.275905,9895.73,13623.77,1383.09,11525.39,792.11,70886
380,380,Luxury,Two bed,Dublin,2311.47,18395,1458154,1842.651282,0.125657516,1808.275905,9895.73,13623.77,1383.09,11525.39,792.11,70886
381,381,Luxury,Three bed,Dublin,2305.5,18395,1458154,1842.651282,0.125332971,2133.736098,9895.73,13623.77,1383.09,11525.39,792.11,70886
382,382,Luxury,1 to 3 bed,Dublin,2300.76,18395,1458154,1842.651282,0.125075292,1772.76925,9895.73,13623.77,1383.09,11525.39,792.11,70886
383,383,Luxury,Three bed,Dublin,2296.52,18395,1458154,1842.651282,0.124844795,2133.736098,9895.73,13623.77,1383.09,11525.39,792.11,70886
384,384,Luxury,Three bed,Dublin,2290.1,18395,1458154,1842.651282,0.124495787,2133.736098,9895.73,13623.77,1383.09,11525.39,792.11,70886
385,385,Luxury,1 to 3 bed,Dublin,2272.65,18395,1458154,1842.651282,0.12354716,1772.76925,9895.73,13623.77,1383.09,11525.39,792.11,70886
386,386,Luxury,Three bed,Dublin,2269.31,18395,1458154,1842.651282,0.123365588,2133.736098,9895.73,13623.77,1383.09,11525.39,792.11,70886
387,387,Luxury,Three bed,Dublin,2269.3,18395,1458154,1842.651282,0.123365045,2133.736098,9895.73,13623.77,1383.09,11525.39,792.11,70886
388,388,Luxury,All bedrooms,Dublin,2260.94,18395,1458154,1842.651282,0.122910574,1867.439918,9895.73,13623.77,1383.09,11525.39,792.11,70886
389,389,Luxury,All bedrooms,Dublin,2257.36,18395,1458154,1842.651282,0.122715955,1867.439918,9895.73,13623.77,1383.09,11525.39,792.11,70886
390,390,Luxury,1 to 3 bed,Dublin,2257.36,18395,1458154,1842.651282,0.122715955,1772.76925,9895.73,13623.77,1383.09,11525.39,792.11,70886
391,391,Luxury,All bedrooms,Dublin,2248.3,18395,1458154,1842.651282,0.12222343,1867.439918,9895.73,13623.77,1383.09,11525.39,792.11,70886
392,392,Luxury,Three bed,Dublin,2247.94,18395,1458154,1842.651282,0.12220386,2133.736098,9895.73,13623.77,1383.09,11525.39,792.11,70886
393,393,Luxury,Four plus bed,Dublin,2241.21,18395,1458154,1842.651282,0.121837999,2896.236389,9895.73,13623.77,1383.09,11525.39,792.11,70886
394,394,Luxury,1 to 2 bed,Dublin,2231.09,18395,1458154,1842.651282,0.12128785,1667.058,9895.73,13623.77,1383.09,11525.39,792.11,70886
395,395,Luxury,Two bed,Dublin,2229.49,18395,1458154,1842.651282,0.12120087,1808.275905,9895.73,13623.77,1383.09,11525.39,792.11,70886
396,396,Luxury,1 to 3 bed,Dublin,2221.44,18395,1458154,1842.651282,0.120763251,1772.76925,9895.73,13623.77,1383.09,11525.39,792.11,70886
397,397,Luxury,All bedrooms,Dublin,2205.82,18395,1458154,1842.651282,0.119914107,1867.439918,9895.73,13623.77,1383.09,11525.39,792.11,70886
398,398,Luxury,Three bed,Dublin,2201.3,18395,1458154,1842.651282,0.119668388,2133.736098,9895.73,13623.77,1383.09,11525.39,792.11,70886
399,399,Luxury,All bedrooms,Dublin,2201.26,18395,1458154,1842.651282,0.119666214,1867.439918,9895.73,13623.77,1383.09,11525.39,792.11,70886
400,400,Luxury,Three bed,Dublin,2201.15,18395,1458154,1842.651282,0.119660234,2133.736098,9895.73,13623.77,1383.09,11525.39,792.11,70886
401,401,Luxury,Four plus bed,Dublin,2195.19,18395,1458154,1842.651282,0.119336233,2896.236389,9895.73,13623.77,1383.09,11525.39,792.11,70886
402,402,Luxury,Two bed,Dublin,2183.87,18395,1458154,1842.651282,0.118720848,1808.275905,9895.73,13623.77,1383.09,11525.39,792.11,70886
403,403,Luxury,1 to 2 bed,Dublin,2182.6,18395,1458154,1842.651282,0.118651808,1667.058,9895.73,13623.77,1383.09,11525.39,792.11,70886
404,404,Luxury,Three bed,Dublin,2177.36,18395,1458154,1842.651282,0.118366948,2133.736098,9895.73,13623.77,1383.09,11525.39,792.11,70886
405,405,Luxury,1 to 3 bed,Dublin,2174.78,18395,1458154,1842.651282,0.118226692,1772.76925,9895.73,13623.77,1383.09,11525.39,792.11,70886
406,406,Luxury,Three bed,Dublin,2172.8,18395,1458154,1842.651282,0.118119054,2133.736098,9895.73,13623.77,1383.09,11525.39,792.11,70886
407,407,Luxury,Three bed,Dublin,2161.16,18395,1458154,1842.651282,0.117486273,2133.736098,9895.73,13623.77,1383.09,11525.39,792.11,70886
408,408,Luxury,All bedrooms,Dublin,2152.15,18395,1458154,1842.651282,0.116996466,1867.439918,9895.73,13623.77,1383.09,11525.39,792.11,70886
409,409,Luxury,Three bed,Dublin,2150.46,18395,1458154,1842.651282,0.116904594,2133.736098,9895.73,13623.77,1383.09,11525.39,792.11,70886
410,410,Luxury,1 to 3 bed,Dublin,2141.15,18395,1458154,1842.651282,0.116398478,1772.76925,9895.73,13623.77,1383.09,11525.39,792.11,70886
411,411,Luxury,Three bed,Dublin,2140.0,18395,1458154,1842.651282,0.116335961,2133.736098,9895.73,13623.77,1383.09,11525.39,792.11,70886
412,412,Luxury,1 to 3 bed,Dublin,2139.52,18395,1458154,1842.651282,0.116309867,1772.76925,9895.73,13623.77,1383.09,11525.39,792.11,70886
413,413,Luxury,Three bed,Dublin,2137.59,18395,1458154,1842.651282,0.116204947,2133.736098,9895.73,13623.77,1383.09,11525.39,792.11,70886
414,414,Luxury,Three bed,Dublin,2129.01,18395,1458154,1842.651282,0.115738516,2133.736098,9895.73,13623.77,1383.09,11525.39,792.11,70886
415,415,Luxury,Two bed,Dublin,2128.04,18395,1458154,1842.651282,0.115685784,1808.275905,9895.73,13623.77,1383.09,11525.39,792.11,70886
416,416,Luxury,Two bed,Dublin,2126.73,18395,1458154,1842.651282,0.115614569,1808.275905,9895.73,13623.77,1383.09,11525.39,792.11,70886
417,417,Luxury,All bedrooms,Dublin,2123.84,18395,1458154,1842.651282,0.115457461,1867.439918,9895.73,13623.77,1383.09,11525.39,792.11,70886
418,418,Luxury,1 to 3 bed,Dublin,2123.84,18395,1458154,1842.651282,0.115457461,1772.76925,9895.73,13623.77,1383.09,11525.39,792.11,70886
419,419,Luxury,Three bed,Dublin,2117.31,18395,1458154,1842.651282,0.115102473,2133.736098,9895.73,13623.77,1383.09,11525.39,792.11,70886
420,420,Luxury,Three bed,Dublin,2116.21,18395,1458154,1842.651282,0.115042675,2133.736098,9895.73,13623.77,1383.09,11525.39,792.11,70886
421,421,Luxury,Two bed,Dublin,2113.83,18395,1458154,1842.651282,0.114913292,1808.275905,9895.73,13623.77,1383.09,11525.39,792.11,70886
422,422,Luxury,Three bed,Dublin,2112.73,18395,1458154,1842.651282,0.114853493,2133.736098,9895.73,13623.77,1383.09,11525.39,792.11,70886
423,423,Luxury,Two bed,Dublin,2111.6,18395,1458154,1842.651282,0.114792063,1808.275905,9895.73,13623.77,1383.09,11525.39,792.11,70886
424,424,Luxury,All bedrooms,Dublin,2109.05,18395,1458154,1842.651282,0.114653438,1867.439918,9895.73,13623.77,1383.09,11525.39,792.11,70886
425,425,Luxury,Two bed,Dublin,2108.91,18395,1458154,1842.651282,0.114645828,1808.275905,9895.73,13623.77,1383.09,11525.39,792.11,70886
426,426,Luxury,1 to 2 bed,Dublin,2108.76,18395,1458154,1842.651282,0.114637673,1667.058,9895.73,13623.77,1383.09,11525.39,792.11,70886
427,427,Luxury,All bedrooms,Dublin,2103.97,18395,1458154,1842.651282,0.114377276,1867.439918,9895.73,13623.77,1383.09,11525.39,792.11,70886
428,428,Luxury,Three bed,Dublin,2101.04,18395,1458154,1842.651282,0.114217994,2133.736098,9895.73,13623.77,1383.09,11525.39,792.11,70886
429,429,Luxury,All bedrooms,Dublin,2099.82,18395,1458154,1842.651282,0.114151672,1867.439918,9895.73,13623.77,1383.09,11525.39,792.11,70886
430,430,Luxury,All bedrooms,Dublin,2098.39,18395,1458154,1842.651282,0.114073933,1867.439918,9895.73,13623.77,1383.09,11525.39,792.11,70886
431,431,Luxury,All bedrooms,Dublin,2098.07,18395,1458154,1842.651282,0.114056537,1867.439918,9895.73,13623.77,1383.09,11525.39,792.11,70886
432,432,Luxury,Two bed,Dublin,2086.19,18395,1458154,1842.651282,0.113410709,1808.275905,9895.73,13623.77,1383.09,11525.39,792.11,70886
433,433,Luxury,All bedrooms,Dublin,2076.69,18395,1458154,1842.651282,0.112894265,1867.439918,9895.73,13623.77,1383.09,11525.39,792.11,70886
434,434,Luxury,Four plus bed,Dublin,2070.6,18395,1458154,1842.651282,0.112563197,2896.236389,9895.73,13623.77,1383.09,11525.39,792.11,70886
435,435,Luxury,All bedrooms,Dublin,2069.45,18395,1458154,1842.651282,0.11250068,1867.439918,9895.73,13623.77,1383.09,11525.39,792.11,70886
436,436,Luxury,Two bed,Dublin,2064.34,18395,1458154,1842.651282,0.112222887,1808.275905,9895.73,13623.77,1383.09,11525.39,792.11,70886
437,437,Luxury,All bedrooms,Dublin,2062.96,18395,1458154,1842.651282,0.112147866,1867.439918,9895.73,13623.77,1383.09,11525.39,792.11,70886
438,438,Luxury,All bedrooms,Dublin,2059.67,18395,1458154,1842.651282,0.111969013,1867.439918,9895.73,13623.77,1383.09,11525.39,792.11,70886
439,439,Luxury,1 to 3 bed,Dublin,2059.45,18395,1458154,1842.651282,0.111957054,1772.76925,9895.73,13623.77,1383.09,11525.39,792.11,70886
440,440,Luxury,1 to 3 bed,Dublin,2058.88,18395,1458154,1842.651282,0.111926067,1772.76925,9895.73,13623.77,1383.09,11525.39,792.11,70886
441,441,Luxury,1 to 3 bed,Dublin,2057.83,18395,1458154,1842.651282,0.111868986,1772.76925,9895.73,13623.77,1383.09,11525.39,792.11,70886
442,442,Luxury,All bedrooms,Dublin,2056.75,18395,1458154,1842.651282,0.111810275,1867.439918,9895.73,13623.77,1383.09,11525.39,792.11,70886
443,443,Luxury,1 to 2 bed,Dublin,2056.68,18395,1458154,1842.651282,0.111806469,1667.058,9895.73,13623.77,1383.09,11525.39,792.11,70886
444,444,Luxury,Two bed,Dublin,2054.65,18395,1458154,1842.651282,0.111696113,1808.275905,9895.73,13623.77,1383.09,11525.39,792.11,70886
445,445,Luxury,Two bed,Dublin,2049.28,18395,1458154,1842.651282,0.111404186,1808.275905,9895.73,13623.77,1383.09,11525.39,792.11,70886
446,446,Luxury,1 to 3 bed,Dublin,2046.42,18395,1458154,1842.651282,0.111248709,1772.76925,9895.73,13623.77,1383.09,11525.39,792.11,70886
447,447,Luxury,1 to 3 bed,Dublin,2045.99,18395,1458154,1842.651282,0.111225333,1772.76925,9895.73,13623.77,1383.09,11525.39,792.11,70886
448,448,Luxury,1 to 3 bed,Dublin,2042.83,18395,1458154,1842.651282,0.111053547,1772.76925,9895.73,13623.77,1383.09,11525.39,792.11,70886
449,449,Luxury,Two bed,Dublin,2041.1,18395,1458154,1842.651282,0.1109595,1808.275905,9895.73,13623.77,1383.09,11525.39,792.11,70886
450,450,Luxury,Two bed,Dublin,2040.41,18395,1458154,1842.651282,0.11092199,1808.275905,9895.73,13623.77,1383.09,11525.39,792.11,70886
451,451,Luxury,1 to 3 bed,Dublin,2039.58,18395,1458154,1842.651282,0.110876869,1772.76925,9895.73,13623.77,1383.09,11525.39,792.11,70886
452,452,Luxury,Two bed,Dublin,2034.61,18395,1458154,1842.651282,0.110606687,1808.275905,9895.73,13623.77,1383.09,11525.39,792.11,70886
453,453,Luxury,Three bed,Dublin,2034.3,18395,1458154,1842.651282,0.110589834,2133.736098,9895.73,13623.77,1383.09,11525.39,792.11,70886
454,454,Luxury,1 to 3 bed,Dublin,2032.66,18395,1458154,1842.651282,0.11050068,1772.76925,9895.73,13623.77,1383.09,11525.39,792.11,70886
455,455,Luxury,Two bed,Dublin,2024.86,18395,1458154,1842.651282,0.110076651,1808.275905,9895.73,13623.77,1383.09,11525.39,792.11,70886
456,456,Luxury,1 to 3 bed,Dublin,2022.27,18395,1458154,1842.651282,0.109935852,1772.76925,9895.73,13623.77,1383.09,11525.39,792.11,70886
457,457,Luxury,1 to 2 bed,Dublin,2020.77,18395,1458154,1842.651282,0.109854308,1667.058,9895.73,13623.77,1383.09,11525.39,792.11,70886
458,458,Luxury,1 to 3 bed,Dublin,2018.57,18395,1458154,1842.651282,0.109734711,1772.76925,9895.73,13623.77,1383.09,11525.39,792.11,70886
459,459,Luxury,All bedrooms,Dublin,2017.85,18395,1458154,1842.651282,0.109695569,1867.439918,9895.73,13623.77,1383.09,11525.39,792.11,70886
460,460,Luxury,Three bed,Dublin,2017.76,18395,1458154,1842.651282,0.109690677,2133.736098,9895.73,13623.77,1383.09,11525.39,792.11,70886
461,461,Luxury,1 to 3 bed,Dublin,2017.55,18395,1458154,1842.651282,0.109679261,1772.76925,9895.73,13623.77,1383.09,11525.39,792.11,70886
462,462,Luxury,Three bed,Dublin,2012.66,18395,1458154,1842.651282,0.109413428,2133.736098,9895.73,13623.77,1383.09,11525.39,792.11,70886
463,463,Luxury,Three bed,Dublin,2012.05,18395,1458154,1842.651282,0.109380266,2133.736098,9895.73,13623.77,1383.09,11525.39,792.11,70886
464,464,Luxury,1 to 2 bed,Dublin,2011.29,18395,1458154,1842.651282,0.109338951,1667.058,9895.73,13623.77,1383.09,11525.39,792.11,70886
465,465,Luxury,Two bed,Dublin,2007.82,18395,1458154,1842.651282,0.109150313,1808.275905,9895.73,13623.77,1383.09,11525.39,792.11,70886
466,466,Luxury,Three bed,Dublin,2005.68,18395,1458154,1842.651282,0.109033977,2133.736098,9895.73,13623.77,1383.09,11525.39,792.11,70886
467,467,Luxury,1 to 3 bed,Dublin,2004.38,18395,1458154,1842.651282,0.108963305,1772.76925,9895.73,13623.77,1383.09,11525.39,792.11,70886
468,468,Luxury,Two bed,Dublin,2004.02,18395,1458154,1842.651282,0.108943735,1808.275905,9895.73,13623.77,1383.09,11525.39,792.11,70886
469,469,Luxury,All bedrooms,Dublin,2002.39,18395,1458154,1842.651282,0.108855124,1867.439918,9895.73,13623.77,1383.09,11525.39,792.11,70886
470,470,Luxury,Two bed,Dublin,2001.16,18395,1458154,1842.651282,0.108788258,1808.275905,9895.73,13623.77,1383.09,11525.39,792.11,70886
471,471,Luxury,Three bed,Dublin,1999.33,18395,1458154,1842.651282,0.108688774,2133.736098,9895.73,13623.77,1383.09,11525.39,792.11,70886
472,472,Luxury,All bedrooms,Dublin,1998.72,18395,1458154,1842.651282,0.108655613,1867.439918,9895.73,13623.77,1383.09,11525.39,792.11,70886
473,473,Luxury,1 to 3 bed,Dublin,1990.69,18395,1458154,1842.651282,0.108219081,1772.76925,9895.73,13623.77,1383.09,11525.39,792.11,70886
474,474,Luxury,1 to 2 bed,Dublin,1990.2,18395,1458154,1842.651282,0.108192444,1667.058,9895.73,13623.77,1383.09,11525.39,792.11,70886
475,475,Luxury,Three bed,Dublin,1990.17,18395,1458154,1842.651282,0.108190813,2133.736098,9895.73,13623.77,1383.09,11525.39,792.11,70886
476,476,Luxury,All bedrooms,Dublin,1988.71,18395,1458154,1842.651282,0.108111443,1867.439918,9895.73,13623.77,1383.09,11525.39,792.11,70886
477,477,Luxury,Three bed,Dublin,1988.13,18395,1458154,1842.651282,0.108079913,2133.736098,9895.73,13623.77,1383.09,11525.39,792.11,70886
478,478,Luxury,All bedrooms,Dublin,1988.02,18395,1458154,1842.651282,0.108073933,1867.439918,9895.73,13623.77,1383.09,11525.39,792.11,70886
479,479,Luxury,1 to 2 bed,Dublin,1986.57,18395,1458154,1842.651282,0.107995107,1667.058,9895.73,13623.77,1383.09,11525.39,792.11,70886
480,480,Luxury,1 to 2 bed,Dublin,1986.39,18395,1458154,1842.651282,0.107985322,1667.058,9895.73,13623.77,1383.09,11525.39,792.11,70886
481,481,Luxury,Two bed,Dublin,1981.3,18395,1458154,1842.651282,0.107708616,1808.275905,9895.73,13623.77,1383.09,11525.39,792.11,70886
482,482,Luxury,Two bed,Dublin,1979.26,18395,1458154,1842.651282,0.107597717,1808.275905,9895.73,13623.77,1383.09,11525.39,792.11,70886
483,483,Luxury,Two bed,Dublin,1977.76,18395,1458154,1842.651282,0.107516173,1808.275905,9895.73,13623.77,1383.09,11525.39,792.11,70886
484,484,Luxury,Three bed,Dublin,1976.94,18395,1458154,1842.651282,0.107471596,2133.736098,9895.73,13623.77,1383.09,11525.39,792.11,70886
485,485,Luxury,All bedrooms,Dublin,1973.08,18395,1458154,1842.651282,0.107261756,1867.439918,9895.73,13623.77,1383.09,11525.39,792.11,70886
486,486,Luxury,All bedrooms,Dublin,1969.86,18395,1458154,1842.651282,0.107086708,1867.439918,9895.73,13623.77,1383.09,11525.39,792.11,70886
487,487,Luxury,1 to 2 bed,Dublin,1969.71,18395,1458154,1842.651282,0.107078554,1667.058,9895.73,13623.77,1383.09,11525.39,792.11,70886
488,488,Luxury,All bedrooms,Dublin,1968.8,18395,1458154,1842.651282,0.107029084,1867.439918,9895.73,13623.77,1383.09,11525.39,792.11,70886
489,489,Luxury,1 to 3 bed,Dublin,1966.55,18395,1458154,1842.651282,0.106906768,1772.76925,9895.73,13623.77,1383.09,11525.39,792.11,70886
490,490,Luxury,Three bed,Dublin,1966.21,18395,1458154,1842.651282,0.106888285,2133.736098,9895.73,13623.77,1383.09,11525.39,792.11,70886
491,491,Luxury,Two bed,Dublin,1965.41,18395,1458154,1842.651282,0.106844795,1808.275905,9895.73,13623.77,1383.09,11525.39,792.11,70886
492,492,Luxury,Three bed,Dublin,1963.61,18395,1458154,1842.651282,0.106746942,2133.736098,9895.73,13623.77,1383.09,11525.39,792.11,70886
493,493,Luxury,Three bed,Dublin,1963.58,18395,1458154,1842.651282,0.106745311,2133.736098,9895.73,13623.77,1383.09,11525.39,792.11,70886
494,494,Luxury,Two bed,Dublin,1960.69,18395,1458154,1842.651282,0.106588203,1808.275905,9895.73,13623.77,1383.09,11525.39,792.11,70886
495,495,Luxury,1 to 3 bed,Dublin,1959.25,18395,1458154,1842.651282,0.106509921,1772.76925,9895.73,13623.77,1383.09,11525.39,792.11,70886
496,496,Luxury,1 to 3 bed,Dublin,1958.51,18395,1458154,1842.651282,0.106469693,1772.76925,9895.73,13623.77,1383.09,11525.39,792.11,70886
497,497,Luxury,Two bed,Dublin,1956.58,18395,1458154,1842.651282,0.106364773,1808.275905,9895.73,13623.77,1383.09,11525.39,792.11,70886
498,498,Luxury,1 to 2 bed,Dublin,1952.02,18395,1458154,1842.651282,0.10611688,1667.058,9895.73,13623.77,1383.09,11525.39,792.11,70886
499,499,Luxury,Two bed,Dublin,1951.61,18395,1458154,1842.651282,0.106094591,1808.275905,9895.73,13623.77,1383.09,11525.39,792.11,70886
500,500,Luxury,Two bed,Dublin,1947.7,18395,1458154,1842.651282,0.105882033,1808.275905,9895.73,13623.77,1383.09,11525.39,792.11,70886
501,501,Luxury,All bedrooms,Dublin,1947.18,18395,1458154,1842.651282,0.105853765,1867.439918,9895.73,13623.77,1383.09,11525.39,792.11,70886
502,502,Luxury,1 to 2 bed,Dublin,1946.33,18395,1458154,1842.651282,0.105807556,1667.058,9895.73,13623.77,1383.09,11525.39,792.11,70886
503,503,Luxury,Three bed,Dublin,1944.38,18395,1458154,1842.651282,0.105701549,2133.736098,9895.73,13623.77,1383.09,11525.39,792.11,70886
504,504,Luxury,Two bed,Dublin,1938.82,18395,1458154,1842.651282,0.105399293,1808.275905,9895.73,13623.77,1383.09,11525.39,792.11,70886
505,505,Luxury,1 to 3 bed,Dublin,1937.04,18395,1458154,1842.651282,0.105302528,1772.76925,9895.73,13623.77,1383.09,11525.39,792.11,70886
506,506,Luxury,All bedrooms,Dublin,1935.66,18395,1458154,1842.651282,0.105227507,1867.439918,9895.73,13623.77,1383.09,11525.39,792.11,70886
507,507,Luxury,Two bed,Dublin,1934.87,18395,1458154,1842.651282,0.105184561,1808.275905,9895.73,13623.77,1383.09,11525.39,792.11,70886
508,508,Luxury,1 to 2 bed,Dublin,1933.92,18395,1458154,1842.651282,0.105132917,1667.058,9895.73,13623.77,1383.09,11525.39,792.11,70886
509,509,Luxury,All bedrooms,Dublin,1933.12,18395,1458154,1842.651282,0.105089426,1867.439918,9895.73,13623.77,1383.09,11525.39,792.11,70886
510,510,Luxury,Four plus bed,Dublin,1927.06,18395,1458154,1842.651282,0.104759989,2896.236389,9895.73,13623.77,1383.09,11525.39,792.11,70886
511,511,Luxury,1 to 2 bed,Dublin,1924.86,18395,1458154,1842.651282,0.104640391,1667.058,9895.73,13623.77,1383.09,11525.39,792.11,70886
512,512,Luxury,Three bed,Dublin,1922.84,18395,1458154,1842.651282,0.104530579,2133.736098,9895.73,13623.77,1383.09,11525.39,792.11,70886
513,513,Luxury,1 to 3 bed,Dublin,1921.87,18395,1458154,1842.651282,0.104477847,1772.76925,9895.73,13623.77,1383.09,11525.39,792.11,70886
514,514,Luxury,Three bed,Dublin,1921.83,18395,1458154,1842.651282,0.104475673,2133.736098,9895.73,13623.77,1383.09,11525.39,792.11,70886
515,515,Luxury,1 to 2 bed,Dublin,1920.19,18395,1458154,1842.651282,0.104386518,1667.058,9895.73,13623.77,1383.09,11525.39,792.11,70886
516,516,Luxury,Three bed,Dublin,1919.11,18395,1458154,1842.651282,0.104327806,2133.736098,9895.73,13623.77,1383.09,11525.39,792.11,70886
517,517,Luxury,Two bed,Dublin,1919.05,18395,1458154,1842.651282,0.104324545,1808.275905,9895.73,13623.77,1383.09,11525.39,792.11,70886
518,518,Luxury,1 to 2 bed,Dublin,1918.92,18395,1458154,1842.651282,0.104317478,1667.058,9895.73,13623.77,1383.09,11525.39,792.11,70886
519,519,Luxury,Three bed,Dublin,1915.99,18395,1458154,1842.651282,0.104158195,2133.736098,9895.73,13623.77,1383.09,11525.39,792.11,70886
520,520,Luxury,All bedrooms,Dublin,1904.4,18395,1458154,1842.651282,0.103528133,1867.439918,9895.73,13623.77,1383.09,11525.39,792.11,70886
521,521,Luxury,All bedrooms,Dublin,1904.32,18395,1458154,1842.651282,0.103523784,1867.439918,9895.73,13623.77,1383.09,11525.39,792.11,70886
522,522,Luxury,1 to 3 bed,Dublin,1904.32,18395,1458154,1842.651282,0.103523784,1772.76925,9895.73,13623.77,1383.09,11525.39,792.11,70886
523,523,Luxury,1 to 2 bed,Dublin,1903.22,18395,1458154,1842.651282,0.103463985,1667.058,9895.73,13623.77,1383.09,11525.39,792.11,70886
524,524,Luxury,Three bed,Dublin,1902.1,18395,1458154,1842.651282,0.103403099,2133.736098,9895.73,13623.77,1383.09,11525.39,792.11,70886
525,525,Luxury,All bedrooms,Dublin,1901.34,18395,1458154,1842.651282,0.103361783,1867.439918,9895.73,13623.77,1383.09,11525.39,792.11,70886
526,526,Luxury,All bedrooms,Dublin,1899.9,18395,1458154,1842.651282,0.103283501,1867.439918,9895.73,13623.77,1383.09,11525.39,792.11,70886
527,527,Luxury,Four plus bed,Dublin,1898.88,18395,1458154,1842.651282,0.103228051,2896.236389,9895.73,13623.77,1383.09,11525.39,792.11,70886
528,528,Luxury,All bedrooms,Dublin,1895.99,18395,1458154,1842.651282,0.103070943,1867.439918,9895.73,13623.77,1383.09,11525.39,792.11,70886
529,529,Luxury,All bedrooms,Dublin,1895.99,18395,1458154,1842.651282,0.103070943,1867.439918,9895.73,13623.77,1383.09,11525.39,792.11,70886
530,530,Luxury,All bedrooms,Dublin,1894.74,18395,1458154,1842.651282,0.10300299,1867.439918,9895.73,13623.77,1383.09,11525.39,792.11,70886
531,531,Luxury,Two bed,Dublin,1892.57,18395,1458154,1842.651282,0.102885023,1808.275905,9895.73,13623.77,1383.09,11525.39,792.11,70886
532,532,Luxury,1 to 3 bed,Dublin,1892.08,18395,1458154,1842.651282,0.102858385,1772.76925,9895.73,13623.77,1383.09,11525.39,792.11,70886
533,533,Luxury,All bedrooms,Dublin,1889.85,18395,1458154,1842.651282,0.102737157,1867.439918,9895.73,13623.77,1383.09,11525.39,792.11,70886
534,534,Luxury,Two bed,Dublin,1889.33,18395,1458154,1842.651282,0.102708888,1808.275905,9895.73,13623.77,1383.09,11525.39,792.11,70886
535,535,Luxury,Three bed,Dublin,1889.0,18395,1458154,1842.651282,0.102690949,2133.736098,9895.73,13623.77,1383.09,11525.39,792.11,70886
536,536,Luxury,1 to 3 bed,Dublin,1887.57,18395,1458154,1842.651282,0.10261321,1772.76925,9895.73,13623.77,1383.09,11525.39,792.11,70886
537,537,Luxury,1 to 2 bed,Dublin,1887.54,18395,1458154,1842.651282,0.102611579,1667.058,9895.73,13623.77,1383.09,11525.39,792.11,70886
538,538,Luxury,1 to 3 bed,Dublin,1885.27,18395,1458154,1842.651282,0.102488176,1772.76925,9895.73,13623.77,1383.09,11525.39,792.11,70886
539,539,Luxury,Two bed,Dublin,1884.51,18395,1458154,1842.651282,0.102446861,1808.275905,9895.73,13623.77,1383.09,11525.39,792.11,70886
540,540,Luxury,Four plus bed,Dublin,1884.46,18395,1458154,1842.651282,0.102444142,2896.236389,9895.73,13623.77,1383.09,11525.39,792.11,70886
541,541,Luxury,All bedrooms,Dublin,1883.36,18395,1458154,1842.651282,0.102384344,1867.439918,9895.73,13623.77,1383.09,11525.39,792.11,70886
542,542,Luxury,1 to 2 bed,Dublin,1878.53,18395,1458154,1842.651282,0.102121772,1667.058,9895.73,13623.77,1383.09,11525.39,792.11,70886
543,543,Luxury,Three bed,Dublin,1877.47,18395,1458154,1842.651282,0.102064148,2133.736098,9895.73,13623.77,1383.09,11525.39,792.11,70886
544,544,Luxury,All bedrooms,Dublin,1873.97,18395,1458154,1842.651282,0.101873879,1867.439918,9895.73,13623.77,1383.09,11525.39,792.11,70886
545,545,Luxury,1 to 3 bed,Dublin,1873.72,18395,1458154,1842.651282,0.101860288,1772.76925,9895.73,13623.77,1383.09,11525.39,792.11,70886
546,546,Luxury,All bedrooms,Dublin,1873.69,18395,1458154,1842.651282,0.101858657,1867.439918,9895.73,13623.77,1383.09,11525.39,792.11,70886
547,547,Luxury,All bedrooms,Dublin,1872.38,18395,1458154,1842.651282,0.101787442,1867.439918,9895.73,13623.77,1383.09,11525.39,792.11,70886
548,548,Luxury,1 to 3 bed,Dublin,1872.38,18395,1458154,1842.651282,0.101787442,1772.76925,9895.73,13623.77,1383.09,11525.39,792.11,70886
549,549,Luxury,1 to 3 bed,Dublin,1871.82,18395,1458154,1842.651282,0.101756999,1772.76925,9895.73,13623.77,1383.09,11525.39,792.11,70886
550,550,Luxury,Two bed,Dublin,1870.83,18395,1458154,1842.651282,0.10170318,1808.275905,9895.73,13623.77,1383.09,11525.39,792.11,70886
551,551,Luxury,One bed,Dublin,1870.73,18395,1458154,1842.651282,0.101697744,1407.534667,9895.73,13623.77,1383.09,11525.39,792.11,70886
552,552,Luxury,1 to 2 bed,Dublin,1868.67,18395,1458154,1842.651282,0.101585757,1667.058,9895.73,13623.77,1383.09,11525.39,792.11,70886
553,553,Luxury,1 to 3 bed,Dublin,1868.18,18395,1458154,1842.651282,0.101559119,1772.76925,9895.73,13623.77,1383.09,11525.39,792.11,70886
554,554,Luxury,All bedrooms,Dublin,1868.14,18395,1458154,1842.651282,0.101556945,1867.439918,9895.73,13623.77,1383.09,11525.39,792.11,70886
555,555,Luxury,1 to 2 bed,Dublin,1866.64,18395,1458154,1842.651282,0.101475401,1667.058,9895.73,13623.77,1383.09,11525.39,792.11,70886
556,556,Luxury,Two bed,Dublin,1865.93,18395,1458154,1842.651282,0.101436803,1808.275905,9895.73,13623.77,1383.09,11525.39,792.11,70886
557,557,Luxury,Two bed,Dublin,1865.5,18395,1458154,1842.651282,0.101413428,1808.275905,9895.73,13623.77,1383.09,11525.39,792.11,70886
558,558,Luxury,1 to 2 bed,Dublin,1865.11,18395,1458154,1842.651282,0.101392226,1667.058,9895.73,13623.77,1383.09,11525.39,792.11,70886
559,559,Luxury,1 to 3 bed,Dublin,1864.7,18395,1458154,1842.651282,0.101369937,1772.76925,9895.73,13623.77,1383.09,11525.39,792.11,70886
560,560,Luxury,1 to 3 bed,Dublin,1863.88,18395,1458154,1842.651282,0.10132536,1772.76925,9895.73,13623.77,1383.09,11525.39,792.11,70886
561,561,Luxury,All bedrooms,Dublin,1863.55,18395,1458154,1842.651282,0.10130742,1867.439918,9895.73,13623.77,1383.09,11525.39,792.11,70886
562,562,Luxury,Three bed,Dublin,1862.82,18395,1458154,1842.651282,0.101267736,2133.736098,9895.73,13623.77,1383.09,11525.39,792.11,70886
563,563,Luxury,1 to 3 bed,Dublin,1861.21,18395,1458154,1842.651282,0.101180212,1772.76925,9895.73,13623.77,1383.09,11525.39,792.11,70886
564,564,Luxury,All bedrooms,Dublin,1860.69,18395,1458154,1842.651282,0.101151943,1867.439918,9895.73,13623.77,1383.09,11525.39,792.11,70886
565,565,Luxury,Two bed,Dublin,1859.43,18395,1458154,1842.651282,0.101083447,1808.275905,9895.73,13623.77,1383.09,11525.39,792.11,70886
566,566,Luxury,1 to 3 bed,Dublin,1856.72,18395,1458154,1842.651282,0.100936124,1772.76925,9895.73,13623.77,1383.09,11525.39,792.11,70886
567,567,Luxury,1 to 3 bed,Dublin,1855.0,18395,1458154,1842.651282,0.10084262,1772.76925,9895.73,13623.77,1383.09,11525.39,792.11,70886
568,568,Luxury,Three bed,Dublin,1854.52,18395,1458154,1842.651282,0.100816526,2133.736098,9895.73,13623.77,1383.09,11525.39,792.11,70886
569,569,Luxury,Two bed,Dublin,1853.2,18395,1458154,1842.651282,0.100744768,1808.275905,9895.73,13623.77,1383.09,11525.39,792.11,70886
570,570,Luxury,1 to 2 bed,Dublin,1853.0,18395,1458154,1842.651282,0.100733895,1667.058,9895.73,13623.77,1383.09,11525.39,792.11,70886
571,571,Luxury,1 to 3 bed,Dublin,1852.65,18395,1458154,1842.651282,0.100714868,1772.76925,9895.73,13623.77,1383.09,11525.39,792.11,70886
572,572,Luxury,1 to 2 bed,Dublin,1852.64,18395,1458154,1842.651282,0.100714325,1667.058,9895.73,13623.77,1383.09,11525.39,792.11,70886
573,573,Luxury,Three bed,Dublin,1851.46,18395,1458154,1842.651282,0.100650177,2133.736098,9895.73,13623.77,1383.09,11525.39,792.11,70886
574,574,Luxury,Two bed,Dublin,1847.97,18395,1458154,1842.651282,0.100460451,1808.275905,9895.73,13623.77,1383.09,11525.39,792.11,70886
575,575,Luxury,Two bed,Dublin,1847.32,18395,1458154,1842.651282,0.100425116,1808.275905,9895.73,13623.77,1383.09,11525.39,792.11,70886
576,576,Luxury,1 to 3 bed,Dublin,1844.39,18395,1458154,1842.651282,0.100265833,1772.76925,9895.73,13623.77,1383.09,11525.39,792.11,70886
577,577,Luxury,1 to 2 bed,Dublin,1842.89,18395,1458154,1842.651282,0.100184289,1667.058,9895.73,13623.77,1383.09,11525.39,792.11,70886
578,578,Luxury,1 to 2 bed,Dublin,1839.74,18395,1458154,1842.651282,0.100013047,1667.058,9895.73,13623.77,1383.09,11525.39,792.11,70886
579,579,Luxury,Two bed,Dublin,1838.01,18395,1458154,1842.651282,0.099919,1808.275905,9895.73,13623.77,1383.09,11525.39,792.11,70886
580,580,Luxury,Two bed,Dublin,1835.92,18395,1458154,1842.651282,0.099805382,1808.275905,9895.73,13623.77,1383.09,11525.39,792.11,70886
581,581,Luxury,1 to 3 bed,Dublin,1835.29,18395,1458154,1842.651282,0.099771133,1772.76925,9895.73,13623.77,1383.09,11525.39,792.11,70886
582,582,Luxury,Two bed,Dublin,1834.37,18395,1458154,1842.651282,0.09972112,1808.275905,9895.73,13623.77,1383.09,11525.39,792.11,70886
583,583,Luxury,1 to 3 bed,Dublin,1834.13,18395,1458154,1842.651282,0.099708073,1772.76925,9895.73,13623.77,1383.09,11525.39,792.11,70886
584,584,Luxury,Two bed,Dublin,1832.65,18395,1458154,1842.651282,0.099627616,1808.275905,9895.73,13623.77,1383.09,11525.39,792.11,70886
585,585,Luxury,All bedrooms,Dublin,1831.72,18395,1458154,1842.651282,0.099577059,1867.439918,9895.73,13623.77,1383.09,11525.39,792.11,70886
586,586,Luxury,All bedrooms,Dublin,1827.35,18395,1458154,1842.651282,0.099339494,1867.439918,9895.73,13623.77,1383.09,11525.39,792.11,70886
587,587,Luxury,All bedrooms,Dublin,1826.55,18395,1458154,1842.651282,0.099296004,1867.439918,9895.73,13623.77,1383.09,11525.39,792.11,70886
588,588,Luxury,All bedrooms,Dublin,1825.52,18395,1458154,1842.651282,0.099240011,1867.439918,9895.73,13623.77,1383.09,11525.39,792.11,70886
589,589,Luxury,1 to 2 bed,Dublin,1824.68,18395,1458154,1842.651282,0.099194346,1667.058,9895.73,13623.77,1383.09,11525.39,792.11,70886
590,590,Luxury,All bedrooms,Dublin,1824.07,18395,1458154,1842.651282,0.099161185,1867.439918,9895.73,13623.77,1383.09,11525.39,792.11,70886
591,591,Luxury,1 to 3 bed,Dublin,1821.98,18395,1458154,1842.651282,0.099047567,1772.76925,9895.73,13623.77,1383.09,11525.39,792.11,70886
592,592,Luxury,All bedrooms,Dublin,1820.89,18395,1458154,1842.651282,0.098988312,1867.439918,9895.73,13623.77,1383.09,11525.39,792.11,70886
593,593,Luxury,1 to 3 bed,Dublin,1820.89,18395,1458154,1842.651282,0.098988312,1772.76925,9895.73,13623.77,1383.09,11525.39,792.11,70886
594,594,Luxury,All bedrooms,Dublin,1819.57,18395,1458154,1842.651282,0.098916553,1867.439918,9895.73,13623.77,1383.09,11525.39,792.11,70886
595,595,Luxury,1 to 3 bed,Dublin,1819.57,18395,1458154,1842.651282,0.098916553,1772.76925,9895.73,13623.77,1383.09,11525.39,792.11,70886
596,596,Luxury,All bedrooms,Dublin,1818.95,18395,1458154,1842.651282,0.098882849,1867.439918,9895.73,13623.77,1383.09,11525.39,792.11,70886
597,597,Luxury,1 to 3 bed,Dublin,1816.54,18395,1458154,1842.651282,0.098751835,1772.76925,9895.73,13623.77,1383.09,11525.39,792.11,70886
598,598,Luxury,Three bed,Dublin,1814.88,18395,1458154,1842.651282,0.098661593,2133.736098,9895.73,13623.77,1383.09,11525.39,792.11,70886
599,599,Luxury,1 to 2 bed,Dublin,1814.1,18395,1458154,1842.651282,0.09861919,1667.058,9895.73,13623.77,1383.09,11525.39,792.11,70886
600,600,Luxury,Two bed,Dublin,1813.4,18395,1458154,1842.651282,0.098581136,1808.275905,9895.73,13623.77,1383.09,11525.39,792.11,70886
601,601,Luxury,All bedrooms,Dublin,1812.28,18395,1458154,1842.651282,0.09852025,1867.439918,9895.73,13623.77,1383.09,11525.39,792.11,70886
602,602,Luxury,1 to 3 bed,Dublin,1812.28,18395,1458154,1842.651282,0.09852025,1772.76925,9895.73,13623.77,1383.09,11525.39,792.11,70886
603,603,Luxury,1 to 3 bed,Dublin,1811.37,18395,1458154,1842.651282,0.09847078,1772.76925,9895.73,13623.77,1383.09,11525.39,792.11,70886
604,604,Luxury,All bedrooms,Dublin,1810.88,18395,1458154,1842.651282,0.098444142,1867.439918,9895.73,13623.77,1383.09,11525.39,792.11,70886
605,605,Luxury,Two bed,Dublin,1809.15,18395,1458154,1842.651282,0.098350095,1808.275905,9895.73,13623.77,1383.09,11525.39,792.11,70886
606,606,Luxury,1 to 2 bed,Dublin,1808.47,18395,1458154,1842.651282,0.098313129,1667.058,9895.73,13623.77,1383.09,11525.39,792.11,70886
607,607,Luxury,Three bed,Dublin,1806.19,18395,1458154,1842.651282,0.098189182,2133.736098,9895.73,13623.77,1383.09,11525.39,792.11,70886
608,608,Luxury,1 to 2 bed,Dublin,1802.25,18395,1458154,1842.651282,0.097974993,1667.058,9895.73,13623.77,1383.09,11525.39,792.11,70886
609,609,Luxury,1 to 3 bed,Dublin,1800.72,18395,1458154,1842.651282,0.097891818,1772.76925,9895.73,13623.77,1383.09,11525.39,792.11,70886
610,610,Luxury,Two bed,Dublin,1800.24,18395,1458154,1842.651282,0.097865724,1808.275905,9895.73,13623.77,1383.09,11525.39,792.11,70886
611,611,Luxury,Three bed,Dublin,1799.87,18395,1458154,1842.651282,0.09784561,2133.736098,9895.73,13623.77,1383.09,11525.39,792.11,70886
612,612,Luxury,Two bed,Dublin,1799.73,18395,1458154,1842.651282,0.097837999,1808.275905,9895.73,13623.77,1383.09,11525.39,792.11,70886
613,613,Luxury,1 to 3 bed,Dublin,1798.4,18395,1458154,1842.651282,0.097765697,1772.76925,9895.73,13623.77,1383.09,11525.39,792.11,70886
614,614,Luxury,1 to 3 bed,Dublin,1797.95,18395,1458154,1842.651282,0.097741234,1772.76925,9895.73,13623.77,1383.09,11525.39,792.11,70886
615,615,Luxury,All bedrooms,Dublin,1796.96,18395,1458154,1842.651282,0.097687415,1867.439918,9895.73,13623.77,1383.09,11525.39,792.11,70886
616,616,Luxury,1 to 2 bed,Dublin,1796.96,18395,1458154,1842.651282,0.097687415,1667.058,9895.73,13623.77,1383.09,11525.39,792.11,70886
617,617,Luxury,1 to 3 bed,Dublin,1796.96,18395,1458154,1842.651282,0.097687415,1772.76925,9895.73,13623.77,1383.09,11525.39,792.11,70886
618,618,Luxury,1 to 2 bed,Dublin,1794.74,18395,1458154,1842.651282,0.09756673,1667.058,9895.73,13623.77,1383.09,11525.39,792.11,70886
619,619,Luxury,Two bed,Dublin,1793.4,18395,1458154,1842.651282,0.097493884,1808.275905,9895.73,13623.77,1383.09,11525.39,792.11,70886
620,620,Luxury,All bedrooms,Dublin,1790.63,18395,1458154,1842.651282,0.0973433,1867.439918,9895.73,13623.77,1383.09,11525.39,792.11,70886
621,621,Luxury,All bedrooms,Dublin,1790.4,18395,1458154,1842.651282,0.097330796,1867.439918,9895.73,13623.77,1383.09,11525.39,792.11,70886
622,622,Luxury,1 to 2 bed,Dublin,1789.84,18395,1458154,1842.651282,0.097300353,1667.058,9895.73,13623.77,1383.09,11525.39,792.11,70886
623,623,Luxury,1 to 3 bed,Dublin,1788.01,18395,1458154,1842.651282,0.09720087,1772.76925,9895.73,13623.77,1383.09,11525.39,792.11,70886
624,624,Luxury,Four plus bed,Dublin,1786.97,18395,1458154,1842.651282,0.097144333,2896.236389,9895.73,13623.77,1383.09,11525.39,792.11,70886
625,625,Luxury,Two bed,Dublin,1784.01,18395,1458154,1842.651282,0.096983419,1808.275905,9895.73,13623.77,1383.09,11525.39,792.11,70886
626,626,Luxury,Two bed,Dublin,1780.06,18395,1458154,1842.651282,0.096768687,1808.275905,9895.73,13623.77,1383.09,11525.39,792.11,70886
627,627,Luxury,1 to 2 bed,Dublin,1779.18,18395,1458154,1842.651282,0.096720848,1667.058,9895.73,13623.77,1383.09,11525.39,792.11,70886
628,628,Luxury,1 to 3 bed,Dublin,1778.15,18395,1458154,1842.651282,0.096664855,1772.76925,9895.73,13623.77,1383.09,11525.39,792.11,70886
629,629,Luxury,1 to 2 bed,Dublin,1776.76,18395,1458154,1842.651282,0.096589291,1667.058,9895.73,13623.77,1383.09,11525.39,792.11,70886
630,630,Luxury,Two bed,Dublin,1776.14,18395,1458154,1842.651282,0.096555586,1808.275905,9895.73,13623.77,1383.09,11525.39,792.11,70886
631,631,Luxury,1 to 3 bed,Dublin,1774.15,18395,1458154,1842.651282,0.096447404,1772.76925,9895.73,13623.77,1383.09,11525.39,792.11,70886
632,632,Luxury,Two bed,Dublin,1773.44,18395,1458154,1842.651282,0.096408807,1808.275905,9895.73,13623.77,1383.09,11525.39,792.11,70886
633,633,Luxury,All bedrooms,Dublin,1773.09,18395,1458154,1842.651282,0.09638978,1867.439918,9895.73,13623.77,1383.09,11525.39,792.11,70886
634,634,Luxury,Two bed,Dublin,1770.42,18395,1458154,1842.651282,0.096244632,1808.275905,9895.73,13623.77,1383.09,11525.39,792.11,70886
635,635,Luxury,1 to 2 bed,Dublin,1770.0,18395,1458154,1842.651282,0.096221799,1667.058,9895.73,13623.77,1383.09,11525.39,792.11,70886
636,636,Luxury,1 to 3 bed,Dublin,1768.85,18395,1458154,1842.651282,0.096159282,1772.76925,9895.73,13623.77,1383.09,11525.39,792.11,70886
637,637,Luxury,Two bed,Dublin,1765.34,18395,1458154,1842.651282,0.09596847,1808.275905,9895.73,13623.77,1383.09,11525.39,792.11,70886
638,638,Luxury,Three bed,Dublin,1761.68,18395,1458154,1842.651282,0.095769503,2133.736098,9895.73,13623.77,1383.09,11525.39,792.11,70886
639,639,Luxury,All bedrooms,Dublin,1760.92,18395,1458154,1842.651282,0.095728187,1867.439918,9895.73,13623.77,1383.09,11525.39,792.11,70886
640,640,Luxury,Two bed,Dublin,1760.84,18395,1458154,1842.651282,0.095723838,1808.275905,9895.73,13623.77,1383.09,11525.39,792.11,70886
641,641,Luxury,All bedrooms,Dublin,1756.51,18395,1458154,1842.651282,0.095488448,1867.439918,9895.73,13623.77,1383.09,11525.39,792.11,70886
642,642,Luxury,1 to 2 bed,Dublin,1755.5,18395,1458154,1842.651282,0.095433542,1667.058,9895.73,13623.77,1383.09,11525.39,792.11,70886
643,643,Luxury,1 to 3 bed,Dublin,1754.98,18395,1458154,1842.651282,0.095405273,1772.76925,9895.73,13623.77,1383.09,11525.39,792.11,70886
644,644,Luxury,All bedrooms,Dublin,1754.92,18395,1458154,1842.651282,0.095402011,1867.439918,9895.73,13623.77,1383.09,11525.39,792.11,70886
645,645,Luxury,All bedrooms,Dublin,1754.79,18395,1458154,1842.651282,0.095394944,1867.439918,9895.73,13623.77,1383.09,11525.39,792.11,70886
646,646,Luxury,All bedrooms,Dublin,1754.58,18395,1458154,1842.651282,0.095383528,1867.439918,9895.73,13623.77,1383.09,11525.39,792.11,70886
647,647,Luxury,1 to 2 bed,Dublin,1752.88,18395,1458154,1842.651282,0.095291112,1667.058,9895.73,13623.77,1383.09,11525.39,792.11,70886
648,648,Luxury,All bedrooms,Dublin,1751.53,18395,1458154,1842.651282,0.095217722,1867.439918,9895.73,13623.77,1383.09,11525.39,792.11,70886
649,649,Luxury,1 to 2 bed,Dublin,1751.18,18395,1458154,1842.651282,0.095198695,1667.058,9895.73,13623.77,1383.09,11525.39,792.11,70886
650,650,Luxury,1 to 3 bed,Dublin,1750.2,18395,1458154,1842.651282,0.09514542,1772.76925,9895.73,13623.77,1383.09,11525.39,792.11,70886
651,651,Luxury,1 to 2 bed,Dublin,1747.43,18395,1458154,1842.651282,0.094994836,1667.058,9895.73,13623.77,1383.09,11525.39,792.11,70886
652,652,Luxury,1 to 3 bed,Dublin,1745.84,18395,1458154,1842.651282,0.094908399,1772.76925,9895.73,13623.77,1383.09,11525.39,792.11,70886
653,653,Luxury,Two bed,Dublin,1745.8,18395,1458154,1842.651282,0.094906225,1808.275905,9895.73,13623.77,1383.09,11525.39,792.11,70886
654,654,Luxury,Two bed,Dublin,1745.53,18395,1458154,1842.651282,0.094891547,1808.275905,9895.73,13623.77,1383.09,11525.39,792.11,70886
655,655,Luxury,1 to 2 bed,Dublin,1744.77,18395,1458154,1842.651282,0.094850231,1667.058,9895.73,13623.77,1383.09,11525.39,792.11,70886
656,656,Luxury,1 to 2 bed,Dublin,1744.45,18395,1458154,1842.651282,0.094832835,1667.058,9895.73,13623.77,1383.09,11525.39,792.11,70886
657,657,Luxury,1 to 3 bed,Dublin,1744.01,18395,1458154,1842.651282,0.094808915,1772.76925,9895.73,13623.77,1383.09,11525.39,792.11,70886
658,658,Luxury,Three bed,Dublin,1743.53,18395,1458154,1842.651282,0.094782821,2133.736098,9895.73,13623.77,1383.09,11525.39,792.11,70886
659,659,Luxury,One bed,Dublin,1742.56,18395,1458154,1842.651282,0.09473009,1407.534667,9895.73,13623.77,1383.09,11525.39,792.11,70886
660,660,Luxury,Two bed,Dublin,1740.39,18395,1458154,1842.651282,0.094612123,1808.275905,9895.73,13623.77,1383.09,11525.39,792.11,70886
661,661,Luxury,One bed,Dublin,1738.26,18395,1458154,1842.651282,0.094496331,1407.534667,9895.73,13623.77,1383.09,11525.39,792.11,70886
662,662,Luxury,All bedrooms,Dublin,1737.05,18395,1458154,1842.651282,0.094430552,1867.439918,9895.73,13623.77,1383.09,11525.39,792.11,70886
663,663,Luxury,Two bed,Dublin,1736.09,18395,1458154,1842.651282,0.094378364,1808.275905,9895.73,13623.77,1383.09,11525.39,792.11,70886
664,664,Luxury,1 to 2 bed,Dublin,1735.94,18395,1458154,1842.651282,0.094370209,1667.058,9895.73,13623.77,1383.09,11525.39,792.11,70886
665,665,Luxury,1 to 3 bed,Dublin,1733.98,18395,1458154,1842.651282,0.094263659,1772.76925,9895.73,13623.77,1383.09,11525.39,792.11,70886
666,666,Luxury,Two bed,Dublin,1730.77,18395,1458154,1842.651282,0.094089155,1808.275905,9895.73,13623.77,1383.09,11525.39,792.11,70886
667,667,Luxury,Three bed,Dublin,1728.48,18395,1458154,1842.651282,0.093964664,2133.736098,9895.73,13623.77,1383.09,11525.39,792.11,70886
668,668,Luxury,All bedrooms,Dublin,1725.5,18395,1458154,1842.651282,0.093802664,1867.439918,9895.73,13623.77,1383.09,11525.39,792.11,70886
669,669,Luxury,1 to 3 bed,Dublin,1724.99,18395,1458154,1842.651282,0.093774939,1772.76925,9895.73,13623.77,1383.09,11525.39,792.11,70886
670,670,Luxury,Three bed,Dublin,1724.13,18395,1458154,1842.651282,0.093728187,2133.736098,9895.73,13623.77,1383.09,11525.39,792.11,70886
671,671,Luxury,Three bed,Dublin,1723.95,18395,1458154,1842.651282,0.093718402,2133.736098,9895.73,13623.77,1383.09,11525.39,792.11,70886
672,672,Luxury,All bedrooms,Dublin,1723.77,18395,1458154,1842.651282,0.093708616,1867.439918,9895.73,13623.77,1383.09,11525.39,792.11,70886
673,673,Luxury,Three bed,Dublin,1723.25,18395,1458154,1842.651282,0.093680348,2133.736098,9895.73,13623.77,1383.09,11525.39,792.11,70886
674,674,Luxury,All bedrooms,Dublin,1722.3,18395,1458154,1842.651282,0.093628703,1867.439918,9895.73,13623.77,1383.09,11525.39,792.11,70886
675,675,Luxury,1 to 3 bed,Dublin,1719.41,18395,1458154,1842.651282,0.093471596,1772.76925,9895.73,13623.77,1383.09,11525.39,792.11,70886
676,676,Luxury,Two bed,Dublin,1716.78,18395,1458154,1842.651282,0.093328622,1808.275905,9895.73,13623.77,1383.09,11525.39,792.11,70886
677,677,Luxury,All bedrooms,Dublin,1715.86,18395,1458154,1842.651282,0.093278608,1867.439918,9895.73,13623.77,1383.09,11525.39,792.11,70886
678,678,Luxury,Three bed,Dublin,1714.17,18395,1458154,1842.651282,0.093186736,2133.736098,9895.73,13623.77,1383.09,11525.39,792.11,70886
679,679,Luxury,1 to 2 bed,Dublin,1712.69,18395,1458154,1842.651282,0.093106279,1667.058,9895.73,13623.77,1383.09,11525.39,792.11,70886
680,680,Luxury,1 to 3 bed,Dublin,1712.07,18395,1458154,1842.651282,0.093072574,1772.76925,9895.73,13623.77,1383.09,11525.39,792.11,70886
681,681,Luxury,1 to 2 bed,Dublin,1711.92,18395,1458154,1842.651282,0.09306442,1667.058,9895.73,13623.77,1383.09,11525.39,792.11,70886
682,682,Luxury,Two bed,Dublin,1710.03,18395,1458154,1842.651282,0.092961674,1808.275905,9895.73,13623.77,1383.09,11525.39,792.11,70886
683,683,Luxury,One bed,Dublin,1708.63,18395,1458154,1842.651282,0.092885567,1407.534667,9895.73,13623.77,1383.09,11525.39,792.11,70886
684,684,Luxury,1 to 2 bed,Dublin,1704.48,18395,1458154,1842.651282,0.092659962,1667.058,9895.73,13623.77,1383.09,11525.39,792.11,70886
685,685,Luxury,Two bed,Dublin,1704.1,18395,1458154,1842.651282,0.092639304,1808.275905,9895.73,13623.77,1383.09,11525.39,792.11,70886
686,686,Luxury,1 to 2 bed,Dublin,1701.43,18395,1458154,1842.651282,0.092494156,1667.058,9895.73,13623.77,1383.09,11525.39,792.11,70886
687,687,Luxury,All bedrooms,Dublin,1700.45,18395,1458154,1842.651282,0.092440881,1867.439918,9895.73,13623.77,1383.09,11525.39,792.11,70886
688,688,Luxury,1 to 3 bed,Dublin,1700.45,18395,1458154,1842.651282,0.092440881,1772.76925,9895.73,13623.77,1383.09,11525.39,792.11,70886
689,689,Luxury,All bedrooms,Dublin,1700.36,18395,1458154,1842.651282,0.092435988,1867.439918,9895.73,13623.77,1383.09,11525.39,792.11,70886
690,690,Luxury,All bedrooms,Dublin,1699.16,18395,1458154,1842.651282,0.092370753,1867.439918,9895.73,13623.77,1383.09,11525.39,792.11,70886
691,691,Luxury,One bed,Dublin,1698.82,18395,1458154,1842.651282,0.09235227,1407.534667,9895.73,13623.77,1383.09,11525.39,792.11,70886
692,692,Luxury,Two bed,Dublin,1698.72,18395,1458154,1842.651282,0.092346833,1808.275905,9895.73,13623.77,1383.09,11525.39,792.11,70886
693,693,Luxury,Two bed,Dublin,1698.42,18395,1458154,1842.651282,0.092330525,1808.275905,9895.73,13623.77,1383.09,11525.39,792.11,70886
694,694,Luxury,Two bed,Dublin,1697.87,18395,1458154,1842.651282,0.092300625,1808.275905,9895.73,13623.77,1383.09,11525.39,792.11,70886
695,695,Luxury,Three bed,Dublin,1696.18,18395,1458154,1842.651282,0.092208752,2133.736098,9895.73,13623.77,1383.09,11525.39,792.11,70886
696,696,Luxury,1 to 3 bed,Dublin,1696.16,18395,1458154,1842.651282,0.092207665,1772.76925,9895.73,13623.77,1383.09,11525.39,792.11,70886
697,697,Luxury,All bedrooms,Dublin,1694.47,18395,1458154,1842.651282,0.092115792,1867.439918,9895.73,13623.77,1383.09,11525.39,792.11,70886
698,698,Luxury,1 to 3 bed,Dublin,1694.47,18395,1458154,1842.651282,0.092115792,1772.76925,9895.73,13623.77,1383.09,11525.39,792.11,70886
699,699,Luxury,1 to 2 bed,Dublin,1692.59,18395,1458154,1842.651282,0.092013591,1667.058,9895.73,13623.77,1383.09,11525.39,792.11,70886
700,700,Luxury,Three bed,Dublin,1691.81,18395,1458154,1842.651282,0.091971188,2133.736098,9895.73,13623.77,1383.09,11525.39,792.11,70886
701,701,Luxury,One bed,Dublin,1691.68,18395,1458154,1842.651282,0.091964121,1407.534667,9895.73,13623.77,1383.09,11525.39,792.11,70886
702,702,Luxury,All bedrooms,Dublin,1691.67,18395,1458154,1842.651282,0.091963577,1867.439918,9895.73,13623.77,1383.09,11525.39,792.11,70886
703,703,Luxury,1 to 3 bed,Dublin,1690.13,18395,1458154,1842.651282,0.091879859,1772.76925,9895.73,13623.77,1383.09,11525.39,792.11,70886
704,704,Luxury,Two bed,Dublin,1689.22,18395,1458154,1842.651282,0.091830389,1808.275905,9895.73,13623.77,1383.09,11525.39,792.11,70886
705,705,Luxury,1 to 3 bed,Dublin,1687.36,18395,1458154,1842.651282,0.091729274,1772.76925,9895.73,13623.77,1383.09,11525.39,792.11,70886
706,706,Luxury,1 to 2 bed,Dublin,1682.81,18395,1458154,1842.651282,0.091481924,1667.058,9895.73,13623.77,1383.09,11525.39,792.11,70886
707,707,Luxury,All bedrooms,Dublin,1682.67,18395,1458154,1842.651282,0.091474314,1867.439918,9895.73,13623.77,1383.09,11525.39,792.11,70886
708,708,Luxury,1 to 3 bed,Dublin,1682.45,18395,1458154,1842.651282,0.091462354,1772.76925,9895.73,13623.77,1383.09,11525.39,792.11,70886
709,709,Luxury,Three bed,Dublin,1678.0,18395,1458154,1842.651282,0.09122044,2133.736098,9895.73,13623.77,1383.09,11525.39,792.11,70886
710,710,Luxury,1 to 3 bed,Dublin,1677.99,18395,1458154,1842.651282,0.091219897,1772.76925,9895.73,13623.77,1383.09,11525.39,792.11,70886
711,711,Luxury,Two bed,Dublin,1677.84,18395,1458154,1842.651282,0.091211742,1808.275905,9895.73,13623.77,1383.09,11525.39,792.11,70886
712,712,Luxury,1 to 2 bed,Dublin,1677.03,18395,1458154,1842.651282,0.091167709,1667.058,9895.73,13623.77,1383.09,11525.39,792.11,70886
713,713,Luxury,All bedrooms,Dublin,1676.26,18395,1458154,1842.651282,0.091125849,1867.439918,9895.73,13623.77,1383.09,11525.39,792.11,70886
714,714,Luxury,1 to 3 bed,Dublin,1675.8,18395,1458154,1842.651282,0.091100843,1772.76925,9895.73,13623.77,1383.09,11525.39,792.11,70886
715,715,Luxury,All bedrooms,Dublin,1673.74,18395,1458154,1842.651282,0.090988856,1867.439918,9895.73,13623.77,1383.09,11525.39,792.11,70886
716,716,Luxury,All bedrooms,Dublin,1673.08,18395,1458154,1842.651282,0.090952976,1867.439918,9895.73,13623.77,1383.09,11525.39,792.11,70886
717,717,Luxury,Two bed,Dublin,1671.74,18395,1458154,1842.651282,0.09088013,1808.275905,9895.73,13623.77,1383.09,11525.39,792.11,70886
718,718,Luxury,1 to 2 bed,Dublin,1670.66,18395,1458154,1842.651282,0.090821419,1667.058,9895.73,13623.77,1383.09,11525.39,792.11,70886
719,719,Luxury,Two bed,Dublin,1669.76,18395,1458154,1842.651282,0.090772493,1808.275905,9895.73,13623.77,1383.09,11525.39,792.11,70886
720,720,Luxury,All bedrooms,Dublin,1669.55,18395,1458154,1842.651282,0.090761076,1867.439918,9895.73,13623.77,1383.09,11525.39,792.11,70886
721,721,Luxury,Two bed,Dublin,1668.59,18395,1458154,1842.651282,0.090708888,1808.275905,9895.73,13623.77,1383.09,11525.39,792.11,70886
722,722,Luxury,Two bed,Dublin,1668.37,18395,1458154,1842.651282,0.090696929,1808.275905,9895.73,13623.77,1383.09,11525.39,792.11,70886
723,723,Luxury,Two bed,Dublin,1668.13,18395,1458154,1842.651282,0.090683881,1808.275905,9895.73,13623.77,1383.09,11525.39,792.11,70886
724,724,Luxury,1 to 3 bed,Dublin,1662.78,18395,1458154,1842.651282,0.090393042,1772.76925,9895.73,13623.77,1383.09,11525.39,792.11,70886
725,725,Luxury,1 to 2 bed,Dublin,1662.01,18395,1458154,1842.651282,0.090351182,1667.058,9895.73,13623.77,1383.09,11525.39,792.11,70886
726,726,Luxury,1 to 3 bed,Dublin,1661.59,18395,1458154,1842.651282,0.09032835,1772.76925,9895.73,13623.77,1383.09,11525.39,792.11,70886
727,727,Luxury,1 to 2 bed,Dublin,1660.76,18395,1458154,1842.651282,0.090283229,1667.058,9895.73,13623.77,1383.09,11525.39,792.11,70886
728,728,Luxury,Three bed,Dublin,1660.68,18395,1458154,1842.651282,0.09027888,2133.736098,9895.73,13623.77,1383.09,11525.39,792.11,70886
729,729,Luxury,1 to 3 bed,Dublin,1659.5,18395,1458154,1842.651282,0.090214732,1772.76925,9895.73,13623.77,1383.09,11525.39,792.11,70886
730,730,Luxury,All bedrooms,Dublin,1659.34,18395,1458154,1842.651282,0.090206034,1867.439918,9895.73,13623.77,1383.09,11525.39,792.11,70886
731,731,Luxury,Two bed,Dublin,1659.14,18395,1458154,1842.651282,0.090195162,1808.275905,9895.73,13623.77,1383.09,11525.39,792.11,70886
732,732,Luxury,1 to 3 bed,Dublin,1659.1,18395,1458154,1842.651282,0.090192987,1772.76925,9895.73,13623.77,1383.09,11525.39,792.11,70886
733,733,Luxury,Two bed,Dublin,1656.93,18395,1458154,1842.651282,0.09007502,1808.275905,9895.73,13623.77,1383.09,11525.39,792.11,70886
734,734,Luxury,All bedrooms,Dublin,1655.96,18395,1458154,1842.651282,0.090022289,1867.439918,9895.73,13623.77,1383.09,11525.39,792.11,70886
735,735,Luxury,Three bed,Dublin,1655.74,18395,1458154,1842.651282,0.090010329,2133.736098,9895.73,13623.77,1383.09,11525.39,792.11,70886
736,736,Luxury,All bedrooms,Dublin,1653.4,18395,1458154,1842.651282,0.08988312,1867.439918,9895.73,13623.77,1383.09,11525.39,792.11,70886
737,737,Luxury,One bed,Dublin,1652.43,18395,1458154,1842.651282,0.089830389,1407.534667,9895.73,13623.77,1383.09,11525.39,792.11,70886
738,738,Luxury,1 to 2 bed,Dublin,1651.95,18395,1458154,1842.651282,0.089804295,1667.058,9895.73,13623.77,1383.09,11525.39,792.11,70886
739,739,Luxury,1 to 2 bed,Dublin,1649.17,18395,1458154,1842.651282,0.089653167,1667.058,9895.73,13623.77,1383.09,11525.39,792.11,70886
740,740,Luxury,1 to 3 bed,Dublin,1648.82,18395,1458154,1842.651282,0.08963414,1772.76925,9895.73,13623.77,1383.09,11525.39,792.11,70886
741,741,Luxury,All bedrooms,Dublin,1648.02,18395,1458154,1842.651282,0.08959065,1867.439918,9895.73,13623.77,1383.09,11525.39,792.11,70886
742,742,Luxury,1 to 2 bed,Dublin,1647.29,18395,1458154,1842.651282,0.089550965,1667.058,9895.73,13623.77,1383.09,11525.39,792.11,70886
743,743,Luxury,All bedrooms,Dublin,1646.82,18395,1458154,1842.651282,0.089525415,1867.439918,9895.73,13623.77,1383.09,11525.39,792.11,70886
744,744,Luxury,Two bed,Dublin,1644.21,18395,1458154,1842.651282,0.089383528,1808.275905,9895.73,13623.77,1383.09,11525.39,792.11,70886
745,745,Luxury,All bedrooms,Dublin,1643.63,18395,1458154,1842.651282,0.089351998,1867.439918,9895.73,13623.77,1383.09,11525.39,792.11,70886
746,746,Luxury,1 to 2 bed,Dublin,1642.53,18395,1458154,1842.651282,0.089292199,1667.058,9895.73,13623.77,1383.09,11525.39,792.11,70886
747,747,Luxury,All bedrooms,Dublin,1640.5,18395,1458154,1842.651282,0.089181843,1867.439918,9895.73,13623.77,1383.09,11525.39,792.11,70886
748,748,Luxury,1 to 3 bed,Dublin,1639.71,18395,1458154,1842.651282,0.089138896,1772.76925,9895.73,13623.77,1383.09,11525.39,792.11,70886
749,749,Luxury,Two bed,Dublin,1639.25,18395,1458154,1842.651282,0.08911389,1808.275905,9895.73,13623.77,1383.09,11525.39,792.11,70886
750,750,Luxury,Two bed,Dublin,1637.96,18395,1458154,1842.651282,0.089043762,1808.275905,9895.73,13623.77,1383.09,11525.39,792.11,70886
751,751,Luxury,One bed,Dublin,1637.63,18395,1458154,1842.651282,0.089025822,1407.534667,9895.73,13623.77,1383.09,11525.39,792.11,70886
752,752,Luxury,Three bed,Dublin,1637.44,18395,1458154,1842.651282,0.089015493,2133.736098,9895.73,13623.77,1383.09,11525.39,792.11,70886
753,753,Luxury,All bedrooms,Dublin,1636.2,18395,1458154,1842.651282,0.088948084,1867.439918,9895.73,13623.77,1383.09,11525.39,792.11,70886
754,754,Luxury,Two bed,Dublin,1635.83,18395,1458154,1842.651282,0.08892797,1808.275905,9895.73,13623.77,1383.09,11525.39,792.11,70886
755,755,Standard,All bedrooms,Dublin,1635.72,18395,1458154,1842.651282,0.08892199,1867.439918,9895.73,13623.77,1383.09,11525.39,792.11,70886
756,756,Standard,Two bed,Dublin,1634.81,18395,1458154,1842.651282,0.08887252,1808.275905,9895.73,13623.77,1383.09,11525.39,792.11,70886
757,757,Standard,1 to 3 bed,Dublin,1634.02,18395,1458154,1842.651282,0.088829573,1772.76925,9895.73,13623.77,1383.09,11525.39,792.11,70886
758,758,Standard,1 to 2 bed,Dublin,1632.7,18395,1458154,1842.651282,0.088757815,1667.058,9895.73,13623.77,1383.09,11525.39,792.11,70886
759,759,Standard,Two bed,Dublin,1631.89,18395,1458154,1842.651282,0.088713781,1808.275905,9895.73,13623.77,1383.09,11525.39,792.11,70886
760,760,Standard,Two bed,Dublin,1628.55,18395,1458154,1842.651282,0.08853221,1808.275905,9895.73,13623.77,1383.09,11525.39,792.11,70886
761,761,Standard,All bedrooms,Dublin,1628.52,18395,1458154,1842.651282,0.088530579,1867.439918,9895.73,13623.77,1383.09,11525.39,792.11,70886
762,762,Standard,1 to 3 bed,Dublin,1628.14,18395,1458154,1842.651282,0.088509921,1772.76925,9895.73,13623.77,1383.09,11525.39,792.11,70886
763,763,Standard,1 to 3 bed,Dublin,1625.19,18395,1458154,1842.651282,0.088349552,1772.76925,9895.73,13623.77,1383.09,11525.39,792.11,70886
764,764,Standard,1 to 2 bed,Dublin,1623.82,18395,1458154,1842.651282,0.088275075,1667.058,9895.73,13623.77,1383.09,11525.39,792.11,70886
765,765,Standard,All bedrooms,Dublin,1623.19,18395,1458154,1842.651282,0.088240826,1867.439918,9895.73,13623.77,1383.09,11525.39,792.11,70886
766,766,Standard,Two bed,Dublin,1622.95,18395,1458154,1842.651282,0.088227779,1808.275905,9895.73,13623.77,1383.09,11525.39,792.11,70886
767,767,Standard,One bed,Dublin,1622.66,18395,1458154,1842.651282,0.088212014,1407.534667,9895.73,13623.77,1383.09,11525.39,792.11,70886
768,768,Standard,Two bed,Dublin,1622.56,18395,1458154,1842.651282,0.088206578,1808.275905,9895.73,13623.77,1383.09,11525.39,792.11,70886
769,769,Standard,1 to 2 bed,Dublin,1621.34,18395,1458154,1842.651282,0.088140256,1667.058,9895.73,13623.77,1383.09,11525.39,792.11,70886
770,770,Standard,All bedrooms,Dublin,1620.09,18395,1458154,1842.651282,0.088072302,1867.439918,9895.73,13623.77,1383.09,11525.39,792.11,70886
771,771,Standard,1 to 3 bed,Dublin,1618.86,18395,1458154,1842.651282,0.088005436,1772.76925,9895.73,13623.77,1383.09,11525.39,792.11,70886
772,772,Standard,1 to 2 bed,Dublin,1618.08,18395,1458154,1842.651282,0.087963033,1667.058,9895.73,13623.77,1383.09,11525.39,792.11,70886
773,773,Standard,1 to 3 bed,Dublin,1617.65,18395,1458154,1842.651282,0.087939658,1772.76925,9895.73,13623.77,1383.09,11525.39,792.11,70886
774,774,Standard,1 to 3 bed,Dublin,1616.57,18395,1458154,1842.651282,0.087880946,1772.76925,9895.73,13623.77,1383.09,11525.39,792.11,70886
775,775,Standard,1 to 3 bed,Dublin,1616.48,18395,1458154,1842.651282,0.087876053,1772.76925,9895.73,13623.77,1383.09,11525.39,792.11,70886
776,776,Standard,1 to 2 bed,Dublin,1616.04,18395,1458154,1842.651282,0.087852134,1667.058,9895.73,13623.77,1383.09,11525.39,792.11,70886
777,777,Standard,1 to 3 bed,Dublin,1615.48,18395,1458154,1842.651282,0.087821691,1772.76925,9895.73,13623.77,1383.09,11525.39,792.11,70886
778,778,Standard,1 to 2 bed,Dublin,1615.45,18395,1458154,1842.651282,0.08782006,1667.058,9895.73,13623.77,1383.09,11525.39,792.11,70886
779,779,Standard,1 to 3 bed,Dublin,1615.33,18395,1458154,1842.651282,0.087813536,1772.76925,9895.73,13623.77,1383.09,11525.39,792.11,70886
780,780,Standard,1 to 3 bed,Dublin,1612.48,18395,1458154,1842.651282,0.087658603,1772.76925,9895.73,13623.77,1383.09,11525.39,792.11,70886
781,781,Standard,One bed,Dublin,1610.89,18395,1458154,1842.651282,0.087572166,1407.534667,9895.73,13623.77,1383.09,11525.39,792.11,70886
782,782,Standard,All bedrooms,Dublin,1610.47,18395,1458154,1842.651282,0.087549334,1867.439918,9895.73,13623.77,1383.09,11525.39,792.11,70886
783,783,Standard,Two bed,Dublin,1609.76,18395,1458154,1842.651282,0.087510737,1808.275905,9895.73,13623.77,1383.09,11525.39,792.11,70886
784,784,Standard,One bed,Dublin,1608.34,18395,1458154,1842.651282,0.087433542,1407.534667,9895.73,13623.77,1383.09,11525.39,792.11,70886
785,785,Standard,Two bed,Dublin,1608.11,18395,1458154,1842.651282,0.087421038,1808.275905,9895.73,13623.77,1383.09,11525.39,792.11,70886
786,786,Standard,1 to 2 bed,Dublin,1608.1,18395,1458154,1842.651282,0.087420495,1667.058,9895.73,13623.77,1383.09,11525.39,792.11,70886
787,787,Standard,1 to 3 bed,Dublin,1606.71,18395,1458154,1842.651282,0.087344931,1772.76925,9895.73,13623.77,1383.09,11525.39,792.11,70886
788,788,Standard,Three bed,Dublin,1606.17,18395,1458154,1842.651282,0.087315575,2133.736098,9895.73,13623.77,1383.09,11525.39,792.11,70886
789,789,Standard,All bedrooms,Dublin,1604.78,18395,1458154,1842.651282,0.087240011,1867.439918,9895.73,13623.77,1383.09,11525.39,792.11,70886
790,790,Standard,One bed,Dublin,1603.74,18395,1458154,1842.651282,0.087183474,1407.534667,9895.73,13623.77,1383.09,11525.39,792.11,70886
791,791,Standard,All bedrooms,Dublin,1602.26,18395,1458154,1842.651282,0.087103017,1867.439918,9895.73,13623.77,1383.09,11525.39,792.11,70886
792,792,Standard,1 to 3 bed,Dublin,1598.72,18395,1458154,1842.651282,0.086910574,1772.76925,9895.73,13623.77,1383.09,11525.39,792.11,70886
793,793,Standard,Two bed,Dublin,1597.91,18395,1458154,1842.651282,0.08686654,1808.275905,9895.73,13623.77,1383.09,11525.39,792.11,70886
794,794,Standard,1 to 2 bed,Dublin,1593.58,18395,1458154,1842.651282,0.08663115,1667.058,9895.73,13623.77,1383.09,11525.39,792.11,70886
795,795,Standard,1 to 2 bed,Dublin,1592.61,18395,1458154,1842.651282,0.086578418,1667.058,9895.73,13623.77,1383.09,11525.39,792.11,70886
796,796,Standard,All bedrooms,Dublin,1592.01,18395,1458154,1842.651282,0.0865458,1867.439918,9895.73,13623.77,1383.09,11525.39,792.11,70886
797,797,Standard,1 to 2 bed,Dublin,1590.16,18395,1458154,1842.651282,0.08644523,1667.058,9895.73,13623.77,1383.09,11525.39,792.11,70886
798,798,Standard,1 to 3 bed,Dublin,1590.05,18395,1458154,1842.651282,0.08643925,1772.76925,9895.73,13623.77,1383.09,11525.39,792.11,70886
799,799,Standard,Two bed,Dublin,1589.13,18395,1458154,1842.651282,0.086389236,1808.275905,9895.73,13623.77,1383.09,11525.39,792.11,70886
800,800,Standard,1 to 2 bed,Dublin,1587.73,18395,1458154,1842.651282,0.086313129,1667.058,9895.73,13623.77,1383.09,11525.39,792.11,70886
801,801,Standard,Two bed,Dublin,1587.32,18395,1458154,1842.651282,0.08629084,1808.275905,9895.73,13623.77,1383.09,11525.39,792.11,70886
802,802,Standard,Two bed,Dublin,1587.24,18395,1458154,1842.651282,0.086286491,1808.275905,9895.73,13623.77,1383.09,11525.39,792.11,70886
803,803,Standard,One bed,Dublin,1586.98,18395,1458154,1842.651282,0.086272357,1407.534667,9895.73,13623.77,1383.09,11525.39,792.11,70886
804,804,Standard,Two bed,Dublin,1586.86,18395,1458154,1842.651282,0.086265833,1808.275905,9895.73,13623.77,1383.09,11525.39,792.11,70886
805,805,Standard,1 to 2 bed,Dublin,1586.14,18395,1458154,1842.651282,0.086226692,1667.058,9895.73,13623.77,1383.09,11525.39,792.11,70886
806,806,Standard,1 to 3 bed,Dublin,1585.73,18395,1458154,1842.651282,0.086204403,1772.76925,9895.73,13623.77,1383.09,11525.39,792.11,70886
807,807,Standard,Two bed,Dublin,1585.69,18395,1458154,1842.651282,0.086202229,1808.275905,9895.73,13623.77,1383.09,11525.39,792.11,70886
808,808,Standard,1 to 3 bed,Dublin,1585.46,18395,1458154,1842.651282,0.086189725,1772.76925,9895.73,13623.77,1383.09,11525.39,792.11,70886
809,809,Standard,1 to 2 bed,Dublin,1584.32,18395,1458154,1842.651282,0.086127752,1667.058,9895.73,13623.77,1383.09,11525.39,792.11,70886
810,810,Standard,1 to 2 bed,Dublin,1584.27,18395,1458154,1842.651282,0.086125034,1667.058,9895.73,13623.77,1383.09,11525.39,792.11,70886
811,811,Standard,One bed,Dublin,1584.08,18395,1458154,1842.651282,0.086114705,1407.534667,9895.73,13623.77,1383.09,11525.39,792.11,70886
812,812,Standard,All bedrooms,Dublin,1583.73,18395,1458154,1842.651282,0.086095678,1867.439918,9895.73,13623.77,1383.09,11525.39,792.11,70886
813,813,Standard,All bedrooms,Dublin,1582.74,18395,1458154,1842.651282,0.086041859,1867.439918,9895.73,13623.77,1383.09,11525.39,792.11,70886
814,814,Standard,1 to 2 bed,Dublin,1582.01,18395,1458154,1842.651282,0.086002175,1667.058,9895.73,13623.77,1383.09,11525.39,792.11,70886
815,815,Standard,1 to 2 bed,Dublin,1581.06,18395,1458154,1842.651282,0.08595053,1667.058,9895.73,13623.77,1383.09,11525.39,792.11,70886
816,816,Standard,1 to 3 bed,Dublin,1579.57,18395,1458154,1842.651282,0.08586953,1772.76925,9895.73,13623.77,1383.09,11525.39,792.11,70886
817,817,Standard,One bed,Dublin,1579.3,18395,1458154,1842.651282,0.085854852,1407.534667,9895.73,13623.77,1383.09,11525.39,792.11,70886
818,818,Standard,All bedrooms,Dublin,1579.07,18395,1458154,1842.651282,0.085842348,1867.439918,9895.73,13623.77,1383.09,11525.39,792.11,70886
819,819,Standard,Two bed,Dublin,1573.98,18395,1458154,1842.651282,0.085565643,1808.275905,9895.73,13623.77,1383.09,11525.39,792.11,70886
820,820,Standard,All bedrooms,Dublin,1573.27,18395,1458154,1842.651282,0.085527045,1867.439918,9895.73,13623.77,1383.09,11525.39,792.11,70886
821,821,Standard,All bedrooms,Dublin,1573.19,18395,1458154,1842.651282,0.085522696,1867.439918,9895.73,13623.77,1383.09,11525.39,792.11,70886
822,822,Standard,All bedrooms,Dublin,1571.87,18395,1458154,1842.651282,0.085450938,1867.439918,9895.73,13623.77,1383.09,11525.39,792.11,70886
823,823,Standard,1 to 2 bed,Dublin,1571.23,18395,1458154,1842.651282,0.085416146,1667.058,9895.73,13623.77,1383.09,11525.39,792.11,70886
824,824,Standard,1 to 2 bed,Dublin,1570.75,18395,1458154,1842.651282,0.085390052,1667.058,9895.73,13623.77,1383.09,11525.39,792.11,70886
825,825,Standard,1 to 3 bed,Dublin,1569.07,18395,1458154,1842.651282,0.085298722,1772.76925,9895.73,13623.77,1383.09,11525.39,792.11,70886
826,826,Standard,One bed,Dublin,1567.19,18395,1458154,1842.651282,0.085196521,1407.534667,9895.73,13623.77,1383.09,11525.39,792.11,70886
827,827,Standard,1 to 3 bed,Dublin,1565.39,18395,1458154,1842.651282,0.085098668,1772.76925,9895.73,13623.77,1383.09,11525.39,792.11,70886
828,828,Standard,1 to 3 bed,Dublin,1561.48,18395,1458154,1842.651282,0.08488611,1772.76925,9895.73,13623.77,1383.09,11525.39,792.11,70886
829,829,Standard,1 to 2 bed,Dublin,1561.2,18395,1458154,1842.651282,0.084870889,1667.058,9895.73,13623.77,1383.09,11525.39,792.11,70886
830,830,Standard,One bed,Dublin,1560.67,18395,1458154,1842.651282,0.084842077,1407.534667,9895.73,13623.77,1383.09,11525.39,792.11,70886
831,831,Standard,Two bed,Dublin,1560.22,18395,1458154,1842.651282,0.084817613,1808.275905,9895.73,13623.77,1383.09,11525.39,792.11,70886
832,832,Standard,1 to 3 bed,Dublin,1559.4,18395,1458154,1842.651282,0.084773036,1772.76925,9895.73,13623.77,1383.09,11525.39,792.11,70886
833,833,Standard,1 to 3 bed,Dublin,1558.47,18395,1458154,1842.651282,0.084722479,1772.76925,9895.73,13623.77,1383.09,11525.39,792.11,70886
834,834,Standard,1 to 3 bed,Dublin,1557.55,18395,1458154,1842.651282,0.084672465,1772.76925,9895.73,13623.77,1383.09,11525.39,792.11,70886
835,835,Standard,All bedrooms,Dublin,1557.35,18395,1458154,1842.651282,0.084661593,1867.439918,9895.73,13623.77,1383.09,11525.39,792.11,70886
836,836,Standard,One bed,Dublin,1553.59,18395,1458154,1842.651282,0.084457189,1407.534667,9895.73,13623.77,1383.09,11525.39,792.11,70886
837,837,Standard,Two bed,Dublin,1551.07,18395,1458154,1842.651282,0.084320196,1808.275905,9895.73,13623.77,1383.09,11525.39,792.11,70886
838,838,Standard,1 to 3 bed,Dublin,1549.43,18395,1458154,1842.651282,0.084231041,1772.76925,9895.73,13623.77,1383.09,11525.39,792.11,70886
839,839,Standard,1 to 2 bed,Dublin,1548.43,18395,1458154,1842.651282,0.084176678,1667.058,9895.73,13623.77,1383.09,11525.39,792.11,70886
840,840,Standard,One bed,Dublin,1547.72,18395,1458154,1842.651282,0.084138081,1407.534667,9895.73,13623.77,1383.09,11525.39,792.11,70886
841,841,Standard,All bedrooms,Dublin,1545.12,18395,1458154,1842.651282,0.083996738,1867.439918,9895.73,13623.77,1383.09,11525.39,792.11,70886
842,842,Standard,Two bed,Dublin,1543.41,18395,1458154,1842.651282,0.083903778,1808.275905,9895.73,13623.77,1383.09,11525.39,792.11,70886
843,843,Standard,One bed,Dublin,1541.77,18395,1458154,1842.651282,0.083814624,1407.534667,9895.73,13623.77,1383.09,11525.39,792.11,70886
844,844,Standard,1 to 2 bed,Dublin,1538.98,18395,1458154,1842.651282,0.083662952,1667.058,9895.73,13623.77,1383.09,11525.39,792.11,70886
845,845,Standard,1 to 2 bed,Dublin,1537.96,18395,1458154,1842.651282,0.083607502,1667.058,9895.73,13623.77,1383.09,11525.39,792.11,70886
846,846,Standard,All bedrooms,Dublin,1536.77,18395,1458154,1842.651282,0.083542811,1867.439918,9895.73,13623.77,1383.09,11525.39,792.11,70886
847,847,Standard,Two bed,Dublin,1532.78,18395,1458154,1842.651282,0.083325904,1808.275905,9895.73,13623.77,1383.09,11525.39,792.11,70886
848,848,Standard,1 to 2 bed,Dublin,1532.64,18395,1458154,1842.651282,0.083318293,1667.058,9895.73,13623.77,1383.09,11525.39,792.11,70886
849,849,Standard,1 to 3 bed,Dublin,1528.5,18395,1458154,1842.651282,0.083093232,1772.76925,9895.73,13623.77,1383.09,11525.39,792.11,70886
850,850,Standard,All bedrooms,Dublin,1526.87,18395,1458154,1842.651282,0.083004621,1867.439918,9895.73,13623.77,1383.09,11525.39,792.11,70886
851,851,Standard,1 to 2 bed,Dublin,1524.66,18395,1458154,1842.651282,0.082884479,1667.058,9895.73,13623.77,1383.09,11525.39,792.11,70886
852,852,Standard,1 to 2 bed,Dublin,1523.65,18395,1458154,1842.651282,0.082829573,1667.058,9895.73,13623.77,1383.09,11525.39,792.11,70886
853,853,Standard,1 to 3 bed,Dublin,1523.53,18395,1458154,1842.651282,0.08282305,1772.76925,9895.73,13623.77,1383.09,11525.39,792.11,70886
854,854,Standard,1 to 3 bed,Dublin,1523.32,18395,1458154,1842.651282,0.082811634,1772.76925,9895.73,13623.77,1383.09,11525.39,792.11,70886
855,855,Standard,1 to 2 bed,Dublin,1522.86,18395,1458154,1842.651282,0.082786627,1667.058,9895.73,13623.77,1383.09,11525.39,792.11,70886
856,856,Standard,1 to 3 bed,Dublin,1522.41,18395,1458154,1842.651282,0.082762164,1772.76925,9895.73,13623.77,1383.09,11525.39,792.11,70886
857,857,Standard,1 to 2 bed,Dublin,1516.41,18395,1458154,1842.651282,0.082435988,1667.058,9895.73,13623.77,1383.09,11525.39,792.11,70886
858,858,Standard,1 to 3 bed,Dublin,1514.76,18395,1458154,1842.651282,0.08234629,1772.76925,9895.73,13623.77,1383.09,11525.39,792.11,70886
859,859,Standard,All bedrooms,Dublin,1514.03,18395,1458154,1842.651282,0.082306605,1867.439918,9895.73,13623.77,1383.09,11525.39,792.11,70886
860,860,Standard,One bed,Dublin,1512.23,18395,1458154,1842.651282,0.082208752,1407.534667,9895.73,13623.77,1383.09,11525.39,792.11,70886
861,861,Standard,1 to 3 bed,Dublin,1506.87,18395,1458154,1842.651282,0.081917369,1772.76925,9895.73,13623.77,1383.09,11525.39,792.11,70886
862,862,Standard,1 to 2 bed,Dublin,1502.32,18395,1458154,1842.651282,0.081670019,1667.058,9895.73,13623.77,1383.09,11525.39,792.11,70886
863,863,Standard,1 to 3 bed,Dublin,1501.91,18395,1458154,1842.651282,0.08164773,1772.76925,9895.73,13623.77,1383.09,11525.39,792.11,70886
864,864,Standard,Two bed,Dublin,1501.7,18395,1458154,1842.651282,0.081636314,1808.275905,9895.73,13623.77,1383.09,11525.39,792.11,70886
865,865,Standard,1 to 3 bed,Dublin,1501.67,18395,1458154,1842.651282,0.081634683,1772.76925,9895.73,13623.77,1383.09,11525.39,792.11,70886
866,866,Standard,1 to 2 bed,Dublin,1499.82,18395,1458154,1842.651282,0.081534113,1667.058,9895.73,13623.77,1383.09,11525.39,792.11,70886
867,867,Standard,1 to 2 bed,Dublin,1498.39,18395,1458154,1842.651282,0.081456374,1667.058,9895.73,13623.77,1383.09,11525.39,792.11,70886
868,868,Standard,1 to 2 bed,Dublin,1495.73,18395,1458154,1842.651282,0.08131177,1667.058,9895.73,13623.77,1383.09,11525.39,792.11,70886
869,869,Standard,One bed,Dublin,1494.33,18395,1458154,1842.651282,0.081235662,1407.534667,9895.73,13623.77,1383.09,11525.39,792.11,70886
870,870,Standard,1 to 2 bed,Dublin,1493.09,18395,1458154,1842.651282,0.081168252,1667.058,9895.73,13623.77,1383.09,11525.39,792.11,70886
871,871,Standard,All bedrooms,Dublin,1493.02,18395,1458154,1842.651282,0.081164447,1867.439918,9895.73,13623.77,1383.09,11525.39,792.11,70886
872,872,Standard,1 to 2 bed,Dublin,1492.37,18395,1458154,1842.651282,0.081129111,1667.058,9895.73,13623.77,1383.09,11525.39,792.11,70886
873,873,Standard,1 to 3 bed,Dublin,1492.26,18395,1458154,1842.651282,0.081123131,1772.76925,9895.73,13623.77,1383.09,11525.39,792.11,70886
874,874,Standard,1 to 2 bed,Dublin,1492.18,18395,1458154,1842.651282,0.081118782,1667.058,9895.73,13623.77,1383.09,11525.39,792.11,70886
875,875,Standard,One bed,Dublin,1490.26,18395,1458154,1842.651282,0.081014406,1407.534667,9895.73,13623.77,1383.09,11525.39,792.11,70886
876,876,Standard,One bed,Dublin,1489.91,18395,1458154,1842.651282,0.080995379,1407.534667,9895.73,13623.77,1383.09,11525.39,792.11,70886
877,877,Standard,1 to 3 bed,Dublin,1489.29,18395,1458154,1842.651282,0.080961674,1772.76925,9895.73,13623.77,1383.09,11525.39,792.11,70886
878,878,Standard,One bed,Dublin,1486.13,18395,1458154,1842.651282,0.080789889,1407.534667,9895.73,13623.77,1383.09,11525.39,792.11,70886
879,879,Standard,1 to 2 bed,Dublin,1479.46,18395,1458154,1842.651282,0.08042729,1667.058,9895.73,13623.77,1383.09,11525.39,792.11,70886
880,880,Standard,Two bed,Dublin,1479.29,18395,1458154,1842.651282,0.080418048,1808.275905,9895.73,13623.77,1383.09,11525.39,792.11,70886
881,881,Standard,1 to 2 bed,Dublin,1479.29,18395,1458154,1842.651282,0.080418048,1667.058,9895.73,13623.77,1383.09,11525.39,792.11,70886
882,882,Standard,One bed,Dublin,1473.57,18395,1458154,1842.651282,0.080107094,1407.534667,9895.73,13623.77,1383.09,11525.39,792.11,70886
883,883,Standard,1 to 2 bed,Dublin,1473.57,18395,1458154,1842.651282,0.080107094,1667.058,9895.73,13623.77,1383.09,11525.39,792.11,70886
884,884,Standard,One bed,Dublin,1473.26,18395,1458154,1842.651282,0.080090242,1407.534667,9895.73,13623.77,1383.09,11525.39,792.11,70886
885,885,Standard,All bedrooms,Dublin,1469.31,18395,1458154,1842.651282,0.07987551,1867.439918,9895.73,13623.77,1383.09,11525.39,792.11,70886
886,886,Standard,1 to 2 bed,Dublin,1466.92,18395,1458154,1842.651282,0.079745583,1667.058,9895.73,13623.77,1383.09,11525.39,792.11,70886
887,887,Standard,1 to 2 bed,Dublin,1466.85,18395,1458154,1842.651282,0.079741778,1667.058,9895.73,13623.77,1383.09,11525.39,792.11,70886
888,888,Standard,All bedrooms,Dublin,1463.13,18395,1458154,1842.651282,0.079539549,1867.439918,9895.73,13623.77,1383.09,11525.39,792.11,70886
889,889,Standard,1 to 3 bed,Dublin,1463.13,18395,1458154,1842.651282,0.079539549,1772.76925,9895.73,13623.77,1383.09,11525.39,792.11,70886
890,890,Standard,One bed,Dublin,1461.93,18395,1458154,1842.651282,0.079474314,1407.534667,9895.73,13623.77,1383.09,11525.39,792.11,70886
891,891,Standard,Two bed,Dublin,1461.19,18395,1458154,1842.651282,0.079434085,1808.275905,9895.73,13623.77,1383.09,11525.39,792.11,70886
892,892,Standard,One bed,Dublin,1461.11,18395,1458154,1842.651282,0.079429736,1407.534667,9895.73,13623.77,1383.09,11525.39,792.11,70886
893,893,Standard,One bed,Dublin,1454.72,18395,1458154,1842.651282,0.079082359,1407.534667,9895.73,13623.77,1383.09,11525.39,792.11,70886
894,894,Standard,One bed,Dublin,1450.09,18395,1458154,1842.651282,0.078830661,1407.534667,9895.73,13623.77,1383.09,11525.39,792.11,70886
895,895,Standard,1 to 3 bed,Dublin,1449.42,18395,1458154,1842.651282,0.078794238,1772.76925,9895.73,13623.77,1383.09,11525.39,792.11,70886
896,896,Standard,One bed,Dublin,1449.28,18395,1458154,1842.651282,0.078786627,1407.534667,9895.73,13623.77,1383.09,11525.39,792.11,70886
897,897,Standard,One bed,Dublin,1447.3,18395,1458154,1842.651282,0.078678989,1407.534667,9895.73,13623.77,1383.09,11525.39,792.11,70886
898,898,Standard,1 to 2 bed,Dublin,1445.54,18395,1458154,1842.651282,0.078583311,1667.058,9895.73,13623.77,1383.09,11525.39,792.11,70886
899,899,Standard,1 to 2 bed,Dublin,1442.27,18395,1458154,1842.651282,0.078405545,1667.058,9895.73,13623.77,1383.09,11525.39,792.11,70886
900,900,Standard,1 to 3 bed,Dublin,1439.74,18395,1458154,1842.651282,0.078268008,1772.76925,9895.73,13623.77,1383.09,11525.39,792.11,70886
901,901,Standard,One bed,Dublin,1438.49,18395,1458154,1842.651282,0.078200054,1407.534667,9895.73,13623.77,1383.09,11525.39,792.11,70886
902,902,Standard,One bed,Dublin,1438.37,18395,1458154,1842.651282,0.078193531,1407.534667,9895.73,13623.77,1383.09,11525.39,792.11,70886
903,903,Standard,1 to 3 bed,Dublin,1437.5,18395,1458154,1842.651282,0.078146235,1772.76925,9895.73,13623.77,1383.09,11525.39,792.11,70886
904,904,Standard,1 to 2 bed,Dublin,1435.22,18395,1458154,1842.651282,0.078022289,1667.058,9895.73,13623.77,1383.09,11525.39,792.11,70886
905,905,Standard,1 to 2 bed,Dublin,1430.96,18395,1458154,1842.651282,0.077790704,1667.058,9895.73,13623.77,1383.09,11525.39,792.11,70886
906,906,Standard,1 to 2 bed,Dublin,1426.25,18395,1458154,1842.651282,0.077534656,1667.058,9895.73,13623.77,1383.09,11525.39,792.11,70886
907,907,Standard,1 to 2 bed,Dublin,1422.65,18395,1458154,1842.651282,0.077338951,1667.058,9895.73,13623.77,1383.09,11525.39,792.11,70886
908,908,Standard,1 to 2 bed,Dublin,1413.08,18395,1458154,1842.651282,0.076818701,1667.058,9895.73,13623.77,1383.09,11525.39,792.11,70886
909,909,Standard,One bed,Dublin,1412.13,18395,1458154,1842.651282,0.076767056,1407.534667,9895.73,13623.77,1383.09,11525.39,792.11,70886
910,910,Standard,Two bed,Dublin,1405.47,18395,1458154,1842.651282,0.076405001,1808.275905,9895.73,13623.77,1383.09,11525.39,792.11,70886
911,911,Standard,1 to 2 bed,Dublin,1402.9,18395,1458154,1842.651282,0.076265289,1667.058,9895.73,13623.77,1383.09,11525.39,792.11,70886
912,912,Standard,One bed,Dublin,1401.81,18395,1458154,1842.651282,0.076206034,1407.534667,9895.73,13623.77,1383.09,11525.39,792.11,70886
913,913,Standard,Two bed,Dublin,1391.6,18395,1458154,1842.651282,0.075650992,1808.275905,9895.73,13623.77,1383.09,11525.39,792.11,70886
914,914,Standard,1 to 2 bed,Dublin,1390.26,18395,1458154,1842.651282,0.075578146,1667.058,9895.73,13623.77,1383.09,11525.39,792.11,70886
915,915,Standard,One bed,Dublin,1389.88,18395,1458154,1842.651282,0.075557488,1407.534667,9895.73,13623.77,1383.09,11525.39,792.11,70886
916,916,Standard,One bed,Dublin,1389.87,18395,1458154,1842.651282,0.075556945,1407.534667,9895.73,13623.77,1383.09,11525.39,792.11,70886
917,917,Standard,One bed,Dublin,1381.24,18395,1458154,1842.651282,0.075087796,1407.534667,9895.73,13623.77,1383.09,11525.39,792.11,70886
918,918,Standard,1 to 2 bed,Dublin,1374.89,18395,1458154,1842.651282,0.074742593,1667.058,9895.73,13623.77,1383.09,11525.39,792.11,70886
919,919,Standard,One bed,Dublin,1369.97,18395,1458154,1842.651282,0.074475129,1407.534667,9895.73,13623.77,1383.09,11525.39,792.11,70886
920,920,Standard,One bed,Dublin,1369.31,18395,1458154,1842.651282,0.07443925,1407.534667,9895.73,13623.77,1383.09,11525.39,792.11,70886
921,921,Standard,1 to 2 bed,Dublin,1366.38,18395,1458154,1842.651282,0.074279967,1667.058,9895.73,13623.77,1383.09,11525.39,792.11,70886
922,922,Standard,1 to 2 bed,Dublin,1364.25,18395,1458154,1842.651282,0.074164175,1667.058,9895.73,13623.77,1383.09,11525.39,792.11,70886
923,923,Standard,1 to 2 bed,Dublin,1364.23,18395,1458154,1842.651282,0.074163088,1667.058,9895.73,13623.77,1383.09,11525.39,792.11,70886
924,924,Standard,One bed,Dublin,1358.96,18395,1458154,1842.651282,0.073876597,1407.534667,9895.73,13623.77,1383.09,11525.39,792.11,70886
925,925,Standard,One bed,Dublin,1356.33,18395,1458154,1842.651282,0.073733623,1407.534667,9895.73,13623.77,1383.09,11525.39,792.11,70886
926,926,Standard,One bed,Dublin,1345.39,18395,1458154,1842.651282,0.073138896,1407.534667,9895.73,13623.77,1383.09,11525.39,792.11,70886
927,927,Standard,One bed,Dublin,1342.47,18395,1458154,1842.651282,0.072980158,1407.534667,9895.73,13623.77,1383.09,11525.39,792.11,70886
928,928,Standard,One bed,Dublin,1341.99,18395,1458154,1842.651282,0.072954064,1407.534667,9895.73,13623.77,1383.09,11525.39,792.11,70886
929,929,Standard,1 to 2 bed,Dublin,1341.51,18395,1458154,1842.651282,0.07292797,1667.058,9895.73,13623.77,1383.09,11525.39,792.11,70886
930,930,Standard,One bed,Dublin,1333.35,18395,1458154,1842.651282,0.072484371,1407.534667,9895.73,13623.77,1383.09,11525.39,792.11,70886
931,931,Standard,One bed,Dublin,1329.88,18395,1458154,1842.651282,0.072295733,1407.534667,9895.73,13623.77,1383.09,11525.39,792.11,70886
932,932,Standard,1 to 2 bed,Dublin,1327.61,18395,1458154,1842.651282,0.072172329,1667.058,9895.73,13623.77,1383.09,11525.39,792.11,70886
933,933,Standard,All bedrooms,Dublin,1324.02,18395,1458154,1842.651282,0.071977168,1867.439918,9895.73,13623.77,1383.09,11525.39,792.11,70886
934,934,Standard,One bed,Dublin,1323.06,18395,1458154,1842.651282,0.07192498,1407.534667,9895.73,13623.77,1383.09,11525.39,792.11,70886
935,935,Standard,One bed,Dublin,1304.09,18395,1458154,1842.651282,0.070893721,1407.534667,9895.73,13623.77,1383.09,11525.39,792.11,70886
936,936,Standard,One bed,Dublin,1297.26,18395,1458154,1842.651282,0.070522425,1407.534667,9895.73,13623.77,1383.09,11525.39,792.11,70886
937,937,Standard,One bed,Dublin,1294.47,18395,1458154,1842.651282,0.070370753,1407.534667,9895.73,13623.77,1383.09,11525.39,792.11,70886
938,938,Standard,1 to 3 bed,Dublin,1286.09,18395,1458154,1842.651282,0.069915194,1772.76925,9895.73,13623.77,1383.09,11525.39,792.11,70886
939,939,Standard,One bed,Dublin,1285.82,18395,1458154,1842.651282,0.069900516,1407.534667,9895.73,13623.77,1383.09,11525.39,792.11,70886
940,940,Standard,One bed,Dublin,1285.47,18395,1458154,1842.651282,0.06988149,1407.534667,9895.73,13623.77,1383.09,11525.39,792.11,70886
941,941,Standard,One bed,Dublin,1275.42,18395,1458154,1842.651282,0.069335145,1407.534667,9895.73,13623.77,1383.09,11525.39,792.11,70886
942,942,Standard,One bed,Dublin,1275.34,18395,1458154,1842.651282,0.069330796,1407.534667,9895.73,13623.77,1383.09,11525.39,792.11,70886
943,943,Standard,One bed,Dublin,1272.99,18395,1458154,1842.651282,0.069203044,1407.534667,9895.73,13623.77,1383.09,11525.39,792.11,70886
944,944,Standard,1 to 2 bed,Dublin,1257.19,18395,1458154,1842.651282,0.068344115,1667.058,9895.73,13623.77,1383.09,11525.39,792.11,70886
945,945,Standard,One bed,Dublin,1255.7,18395,1458154,1842.651282,0.068263115,1407.534667,9895.73,13623.77,1383.09,11525.39,792.11,70886
946,946,Standard,One bed,Dublin,1255.23,18395,1458154,1842.651282,0.068237565,1407.534667,9895.73,13623.77,1383.09,11525.39,792.11,70886
947,947,Standard,One bed,Dublin,1251.85,18395,1458154,1842.651282,0.068053819,1407.534667,9895.73,13623.77,1383.09,11525.39,792.11,70886
948,948,Standard,One bed,Dublin,1249.62,18395,1458154,1842.651282,0.06793259,1407.534667,9895.73,13623.77,1383.09,11525.39,792.11,70886
949,949,Standard,One bed,Dublin,1246.6,18395,1458154,1842.651282,0.067768415,1407.534667,9895.73,13623.77,1383.09,11525.39,792.11,70886
950,950,Standard,One bed,Dublin,1241.15,18395,1458154,1842.651282,0.067472139,1407.534667,9895.73,13623.77,1383.09,11525.39,792.11,70886
951,951,Standard,One bed,Dublin,1241.01,18395,1458154,1842.651282,0.067464528,1407.534667,9895.73,13623.77,1383.09,11525.39,792.11,70886
952,952,Standard,One bed,Dublin,1238.34,18395,1458154,1842.651282,0.06731938,1407.534667,9895.73,13623.77,1383.09,11525.39,792.11,70886
953,953,Standard,1 to 2 bed,Dublin,1230.48,18395,1458154,1842.651282,0.06689209,1667.058,9895.73,13623.77,1383.09,11525.39,792.11,70886
954,954,Standard,One bed,Dublin,1211.65,18395,1458154,1842.651282,0.065868443,1407.534667,9895.73,13623.77,1383.09,11525.39,792.11,70886
955,955,Standard,One bed,Dublin,1207.35,18395,1458154,1842.651282,0.065634683,1407.534667,9895.73,13623.77,1383.09,11525.39,792.11,70886
956,956,Standard,One bed,Dublin,1189.66,18395,1458154,1842.651282,0.064673009,1407.534667,9895.73,13623.77,1383.09,11525.39,792.11,70886
957,957,Standard,One bed,Dublin,1185.56,18395,1458154,1842.651282,0.064450122,1407.534667,9895.73,13623.77,1383.09,11525.39,792.11,70886
958,958,Standard,All bedrooms,Dublin,1137.65,18395,1458154,1842.651282,0.06184561,1867.439918,9895.73,13623.77,1383.09,11525.39,792.11,70886
959,959,Standard,One bed,Dublin,1117.24,18395,1458154,1842.651282,0.06073607,1407.534667,9895.73,13623.77,1383.09,11525.39,792.11,70886
960,960,Standard,1 to 3 bed,Dublin,1102.45,18395,1458154,1842.651282,0.059932047,1772.76925,9895.73,13623.77,1383.09,11525.39,792.11,70886
961,961,Standard,One bed,Dublin,1096.36,18395,1458154,1842.651282,0.059600979,1407.534667,9895.73,13623.77,1383.09,11525.39,792.11,70886
962,962,Standard,One bed,Dublin,1090.13,18395,1458154,1842.651282,0.0592623,1407.534667,9895.73,13623.77,1383.09,11525.39,792.11,70886
963,963,Standard,One bed,Dublin,1072.15,18395,1458154,1842.651282,0.05828486,1407.534667,9895.73,13623.77,1383.09,11525.39,792.11,70886
964,964,Standard,1 to 2 bed,Dublin,1059.81,18395,1458154,1842.651282,0.057614026,1667.058,9895.73,13623.77,1383.09,11525.39,792.11,70886
965,965,Standard,One bed,Dublin,950.35,18395,1458154,1842.651282,0.051663496,1407.534667,9895.73,13623.77,1383.09,11525.39,792.11,70886
966,966,Luxury,Four plus bed,Galway,1893.71,10500,277737,1122.284595,0.180353333,1431.208667,376.52,1018.22,148.58,267.17,74.62,58693
967,967,Luxury,Four plus bed,Galway,1871.56,10500,277737,1122.284595,0.17824381,1431.208667,376.52,1018.22,148.58,267.17,74.62,58693
968,968,Luxury,Four plus bed,Galway,1794.36,10500,277737,1122.284595,0.170891429,1431.208667,376.52,1018.22,148.58,267.17,74.62,58693
969,969,Luxury,All bedrooms,Galway,1737.18,10500,277737,1122.284595,0.165445714,1184.945217,376.52,1018.22,148.58,267.17,74.62,58693
970,970,Luxury,Four plus bed,Galway,1690.67,10500,277737,1122.284595,0.16101619,1431.208667,376.52,1018.22,148.58,267.17,74.62,58693
971,971,Standard,Four plus bed,Galway,1588.01,10500,277737,1122.284595,0.151239048,1431.208667,376.52,1018.22,148.58,267.17,74.62,58693
972,972,Standard,Four plus bed,Galway,1547.14,10500,277737,1122.284595,0.147346667,1431.208667,376.52,1018.22,148.58,267.17,74.62,58693
973,973,Standard,All bedrooms,Galway,1470.81,10500,277737,1122.284595,0.140077143,1184.945217,376.52,1018.22,148.58,267.17,74.62,58693
974,974,Standard,Three bed,Galway,1463.27,10500,277737,1122.284595,0.139359048,1170.231176,376.52,1018.22,148.58,267.17,74.62,58693
975,975,Standard,Four plus bed,Galway,1455.64,10500,277737,1122.284595,0.138632381,1431.208667,376.52,1018.22,148.58,267.17,74.62,58693
976,976,Standard,All bedrooms,Galway,1452.12,10500,277737,1122.284595,0.138297143,1184.945217,376.52,1018.22,148.58,267.17,74.62,58693
977,977,Standard,All bedrooms,Galway,1445.9,10500,277737,1122.284595,0.137704762,1184.945217,376.52,1018.22,148.58,267.17,74.62,58693
978,978,Standard,Four plus bed,Galway,1439.43,10500,277737,1122.284595,0.137088571,1431.208667,376.52,1018.22,148.58,267.17,74.62,58693
979,979,Standard,Three bed,Galway,1429.96,10500,277737,1122.284595,0.136186667,1170.231176,376.52,1018.22,148.58,267.17,74.62,58693
980,980,Standard,All bedrooms,Galway,1428.53,10500,277737,1122.284595,0.136050476,1184.945217,376.52,1018.22,148.58,267.17,74.62,58693
981,981,Standard,Four plus bed,Galway,1398.57,10500,277737,1122.284595,0.133197143,1431.208667,376.52,1018.22,148.58,267.17,74.62,58693
982,982,Standard,Four plus bed,Galway,1387.79,10500,277737,1122.284595,0.132170476,1431.208667,376.52,1018.22,148.58,267.17,74.62,58693
983,983,Standard,Three bed,Galway,1382.56,10500,277737,1122.284595,0.131672381,1170.231176,376.52,1018.22,148.58,267.17,74.62,58693
984,984,Standard,Two bed,Galway,1377.7,10500,277737,1122.284595,0.131209524,1020.012667,376.52,1018.22,148.58,267.17,74.62,58693
985,985,Standard,1 to 3 bed,Galway,1341.17,10500,277737,1122.284595,0.127730476,1048.2545,376.52,1018.22,148.58,267.17,74.62,58693
986,986,Standard,Three bed,Galway,1317.06,10500,277737,1122.284595,0.125434286,1170.231176,376.52,1018.22,148.58,267.17,74.62,58693
987,987,Standard,1 to 2 bed,Galway,1314.45,10500,277737,1122.284595,0.125185714,980.80625,376.52,1018.22,148.58,267.17,74.62,58693
988,988,Standard,1 to 3 bed,Galway,1312.06,10500,277737,1122.284595,0.124958095,1048.2545,376.52,1018.22,148.58,267.17,74.62,58693
989,989,Standard,All bedrooms,Galway,1307.45,10500,277737,1122.284595,0.124519048,1184.945217,376.52,1018.22,148.58,267.17,74.62,58693
990,990,Standard,Two bed,Galway,1294.91,10500,277737,1122.284595,0.123324762,1020.012667,376.52,1018.22,148.58,267.17,74.62,58693
991,991,Standard,All bedrooms,Galway,1292.57,10500,277737,1122.284595,0.123101905,1184.945217,376.52,1018.22,148.58,267.17,74.62,58693
992,992,Standard,Two bed,Galway,1285.63,10500,277737,1122.284595,0.122440952,1020.012667,376.52,1018.22,148.58,267.17,74.62,58693
993,993,Standard,Three bed,Galway,1277.38,10500,277737,1122.284595,0.121655238,1170.231176,376.52,1018.22,148.58,267.17,74.62,58693
994,994,Standard,All bedrooms,Galway,1275.87,10500,277737,1122.284595,0.121511429,1184.945217,376.52,1018.22,148.58,267.17,74.62,58693
995,995,Standard,All bedrooms,Galway,1275.85,10500,277737,1122.284595,0.121509524,1184.945217,376.52,1018.22,148.58,267.17,74.62,58693
996,996,Standard,Three bed,Galway,1273.6,10500,277737,1122.284595,0.121295238,1170.231176,376.52,1018.22,148.58,267.17,74.62,58693
997,997,Standard,1 to 3 bed,Galway,1273.45,10500,277737,1122.284595,0.121280952,1048.2545,376.52,1018.22,148.58,267.17,74.62,58693
998,998,Standard,Three bed,Galway,1263.81,10500,277737,1122.284595,0.120362857,1170.231176,376.52,1018.22,148.58,267.17,74.62,58693
999,999,Standard,Two bed,Galway,1255.01,10500,277737,1122.284595,0.119524762,1020.012667,376.52,1018.22,148.58,267.17,74.62,58693
1000,1000,Standard,1 to 3 bed,Galway,1252.29,10500,277737,1122.284595,0.119265714,1048.2545,376.52,1018.22,148.58,267.17,74.62,58693
1001,1001,Standard,All bedrooms,Galway,1250.17,10500,277737,1122.284595,0.11906381,1184.945217,376.52,1018.22,148.58,267.17,74.62,58693
1002,1002,Standard,All bedrooms,Galway,1249.15,10500,277737,1122.284595,0.118966667,1184.945217,376.52,1018.22,148.58,267.17,74.62,58693
1003,1003,Standard,Three bed,Galway,1228.8,10500,277737,1122.284595,0.117028571,1170.231176,376.52,1018.22,148.58,267.17,74.62,58693
1004,1004,Standard,All bedrooms,Galway,1224.06,10500,277737,1122.284595,0.116577143,1184.945217,376.52,1018.22,148.58,267.17,74.62,58693
1005,1005,Standard,1 to 2 bed,Galway,1219.39,10500,277737,1122.284595,0.116132381,980.80625,376.52,1018.22,148.58,267.17,74.62,58693
1006,1006,Standard,All bedrooms,Galway,1214.26,10500,277737,1122.284595,0.11564381,1184.945217,376.52,1018.22,148.58,267.17,74.62,58693
1007,1007,Standard,1 to 2 bed,Galway,1210.04,10500,277737,1122.284595,0.115241905,980.80625,376.52,1018.22,148.58,267.17,74.62,58693
1008,1008,Standard,Three bed,Galway,1201.94,10500,277737,1122.284595,0.114470476,1170.231176,376.52,1018.22,148.58,267.17,74.62,58693
1009,1009,Standard,1 to 2 bed,Galway,1192.26,10500,277737,1122.284595,0.113548571,980.80625,376.52,1018.22,148.58,267.17,74.62,58693
1010,1010,Standard,1 to 3 bed,Galway,1177.01,10500,277737,1122.284595,0.11209619,1048.2545,376.52,1018.22,148.58,267.17,74.62,58693
1011,1011,Standard,1 to 3 bed,Galway,1170.98,10500,277737,1122.284595,0.111521905,1048.2545,376.52,1018.22,148.58,267.17,74.62,58693
1012,1012,Standard,Three bed,Galway,1166.98,10500,277737,1122.284595,0.111140952,1170.231176,376.52,1018.22,148.58,267.17,74.62,58693
1013,1013,Standard,1 to 3 bed,Galway,1164.05,10500,277737,1122.284595,0.110861905,1048.2545,376.52,1018.22,148.58,267.17,74.62,58693
1014,1014,Standard,Two bed,Galway,1157.87,10500,277737,1122.284595,0.110273333,1020.012667,376.52,1018.22,148.58,267.17,74.62,58693
1015,1015,Standard,1 to 3 bed,Galway,1148.27,10500,277737,1122.284595,0.109359048,1048.2545,376.52,1018.22,148.58,267.17,74.62,58693
1016,1016,Standard,Three bed,Galway,1143.36,10500,277737,1122.284595,0.108891429,1170.231176,376.52,1018.22,148.58,267.17,74.62,58693
1017,1017,Standard,1 to 2 bed,Galway,1133.77,10500,277737,1122.284595,0.107978095,980.80625,376.52,1018.22,148.58,267.17,74.62,58693
1018,1018,Standard,1 to 3 bed,Galway,1133.51,10500,277737,1122.284595,0.107953333,1048.2545,376.52,1018.22,148.58,267.17,74.62,58693
1019,1019,Standard,All bedrooms,Galway,1129.71,10500,277737,1122.284595,0.107591429,1184.945217,376.52,1018.22,148.58,267.17,74.62,58693
1020,1020,Standard,All bedrooms,Galway,1126.86,10500,277737,1122.284595,0.10732,1184.945217,376.52,1018.22,148.58,267.17,74.62,58693
1021,1021,Standard,Three bed,Galway,1120.94,10500,277737,1122.284595,0.10675619,1170.231176,376.52,1018.22,148.58,267.17,74.62,58693
1022,1022,Standard,Four plus bed,Galway,1117.63,10500,277737,1122.284595,0.106440952,1431.208667,376.52,1018.22,148.58,267.17,74.62,58693
1023,1023,Standard,Four plus bed,Galway,1117.23,10500,277737,1122.284595,0.106402857,1431.208667,376.52,1018.22,148.58,267.17,74.62,58693
1024,1024,Standard,Four plus bed,Galway,1116.9,10500,277737,1122.284595,0.106371429,1431.208667,376.52,1018.22,148.58,267.17,74.62,58693
1025,1025,Standard,1 to 2 bed,Galway,1089.3,10500,277737,1122.284595,0.103742857,980.80625,376.52,1018.22,148.58,267.17,74.62,58693
1026,1026,Standard,Four plus bed,Galway,1086.05,10500,277737,1122.284595,0.103433333,1431.208667,376.52,1018.22,148.58,267.17,74.62,58693
1027,1027,Standard,Two bed,Galway,1065.83,10500,277737,1122.284595,0.101507619,1020.012667,376.52,1018.22,148.58,267.17,74.62,58693
1028,1028,Standard,1 to 2 bed,Galway,1057.89,10500,277737,1122.284595,0.100751429,980.80625,376.52,1018.22,148.58,267.17,74.62,58693
1029,1029,Standard,1 to 3 bed,Galway,1053.97,10500,277737,1122.284595,0.100378095,1048.2545,376.52,1018.22,148.58,267.17,74.62,58693
1030,1030,Standard,1 to 3 bed,Galway,1052.1,10500,277737,1122.284595,0.1002,1048.2545,376.52,1018.22,148.58,267.17,74.62,58693
1031,1031,Standard,Two bed,Galway,1047.32,10500,277737,1122.284595,0.099744762,1020.012667,376.52,1018.22,148.58,267.17,74.62,58693
1032,1032,Standard,1 to 3 bed,Galway,1021.0,10500,277737,1122.284595,0.097238095,1048.2545,376.52,1018.22,148.58,267.17,74.62,58693
1033,1033,Standard,All bedrooms,Galway,1012.38,10500,277737,1122.284595,0.096417143,1184.945217,376.52,1018.22,148.58,267.17,74.62,58693
1034,1034,Standard,Two bed,Galway,1007.2,10500,277737,1122.284595,0.09592381,1020.012667,376.52,1018.22,148.58,267.17,74.62,58693
1035,1035,Standard,1 to 2 bed,Galway,992.17,10500,277737,1122.284595,0.094492381,980.80625,376.52,1018.22,148.58,267.17,74.62,58693
1036,1036,Standard,All bedrooms,Galway,991.66,10500,277737,1122.284595,0.09444381,1184.945217,376.52,1018.22,148.58,267.17,74.62,58693
1037,1037,Standard,Three bed,Galway,991.36,10500,277737,1122.284595,0.094415238,1170.231176,376.52,1018.22,148.58,267.17,74.62,58693
1038,1038,Standard,Three bed,Galway,981.93,10500,277737,1122.284595,0.093517143,1170.231176,376.52,1018.22,148.58,267.17,74.62,58693
1039,1039,Standard,All bedrooms,Galway,974.07,10500,277737,1122.284595,0.092768571,1184.945217,376.52,1018.22,148.58,267.17,74.62,58693
1040,1040,Standard,All bedrooms,Galway,972.21,10500,277737,1122.284595,0.092591429,1184.945217,376.52,1018.22,148.58,267.17,74.62,58693
1041,1041,Standard,Three bed,Galway,966.99,10500,277737,1122.284595,0.092094286,1170.231176,376.52,1018.22,148.58,267.17,74.62,58693
1042,1042,Standard,One bed,Galway,965.53,10500,277737,1122.284595,0.091955238,799.922,376.52,1018.22,148.58,267.17,74.62,58693
1043,1043,Standard,Four plus bed,Galway,963.44,10500,277737,1122.284595,0.09175619,1431.208667,376.52,1018.22,148.58,267.17,74.62,58693
1044,1044,Standard,1 to 3 bed,Galway,956.19,10500,277737,1122.284595,0.091065714,1048.2545,376.52,1018.22,148.58,267.17,74.62,58693
1045,1045,Standard,All bedrooms,Galway,948.62,10500,277737,1122.284595,0.090344762,1184.945217,376.52,1018.22,148.58,267.17,74.62,58693
1046,1046,Standard,1 to 3 bed,Galway,945.6,10500,277737,1122.284595,0.090057143,1048.2545,376.52,1018.22,148.58,267.17,74.62,58693
1047,1047,Standard,1 to 3 bed,Galway,911.95,10500,277737,1122.284595,0.086852381,1048.2545,376.52,1018.22,148.58,267.17,74.62,58693
1048,1048,Standard,1 to 3 bed,Galway,910.61,10500,277737,1122.284595,0.086724762,1048.2545,376.52,1018.22,148.58,267.17,74.62,58693
1049,1049,Standard,1 to 2 bed,Galway,906.9,10500,277737,1122.284595,0.086371429,980.80625,376.52,1018.22,148.58,267.17,74.62,58693
1050,1050,Standard,Three bed,Galway,893.02,10500,277737,1122.284595,0.085049524,1170.231176,376.52,1018.22,148.58,267.17,74.62,58693
1051,1051,Standard,Two bed,Galway,889.66,10500,277737,1122.284595,0.084729524,1020.012667,376.52,1018.22,148.58,267.17,74.62,58693
1052,1052,Standard,Two bed,Galway,883.45,10500,277737,1122.284595,0.084138095,1020.012667,376.52,1018.22,148.58,267.17,74.62,58693
1053,1053,Standard,1 to 3 bed,Galway,882.96,10500,277737,1122.284595,0.084091429,1048.2545,376.52,1018.22,148.58,267.17,74.62,58693
1054,1054,Standard,One bed,Galway,869.65,10500,277737,1122.284595,0.08282381,799.922,376.52,1018.22,148.58,267.17,74.62,58693
1055,1055,Budget,Two bed,Galway,856.52,10500,277737,1122.284595,0.081573333,1020.012667,376.52,1018.22,148.58,267.17,74.62,58693
1056,1056,Budget,1 to 2 bed,Galway,854.99,10500,277737,1122.284595,0.081427619,980.80625,376.52,1018.22,148.58,267.17,74.62,58693
1057,1057,Budget,Two bed,Galway,852.82,10500,277737,1122.284595,0.081220952,1020.012667,376.52,1018.22,148.58,267.17,74.62,58693
1058,1058,Budget,All bedrooms,Galway,852.53,10500,277737,1122.284595,0.081193333,1184.945217,376.52,1018.22,148.58,267.17,74.62,58693
1059,1059,Budget,All bedrooms,Galway,848.7,10500,277737,1122.284595,0.080828571,1184.945217,376.52,1018.22,148.58,267.17,74.62,58693
1060,1060,Budget,1 to 2 bed,Galway,845.83,10500,277737,1122.284595,0.080555238,980.80625,376.52,1018.22,148.58,267.17,74.62,58693
1061,1061,Budget,1 to 2 bed,Galway,844.73,10500,277737,1122.284595,0.080450476,980.80625,376.52,1018.22,148.58,267.17,74.62,58693
1062,1062,Budget,Two bed,Galway,835.6,10500,277737,1122.284595,0.079580952,1020.012667,376.52,1018.22,148.58,267.17,74.62,58693
1063,1063,Budget,1 to 3 bed,Galway,809.88,10500,277737,1122.284595,0.077131429,1048.2545,376.52,1018.22,148.58,267.17,74.62,58693
1064,1064,Budget,1 to 2 bed,Galway,802.42,10500,277737,1122.284595,0.076420952,980.80625,376.52,1018.22,148.58,267.17,74.62,58693
1065,1065,Budget,1 to 2 bed,Galway,794.35,10500,277737,1122.284595,0.075652381,980.80625,376.52,1018.22,148.58,267.17,74.62,58693
1066,1066,Budget,Three bed,Galway,790.97,10500,277737,1122.284595,0.075330476,1170.231176,376.52,1018.22,148.58,267.17,74.62,58693
1067,1067,Budget,Two bed,Galway,782.41,10500,277737,1122.284595,0.074515238,1020.012667,376.52,1018.22,148.58,267.17,74.62,58693
1068,1068,Budget,All bedrooms,Galway,773.08,10500,277737,1122.284595,0.073626667,1184.945217,376.52,1018.22,148.58,267.17,74.62,58693
1069,1069,Budget,One bed,Galway,758.33,10500,277737,1122.284595,0.072221905,799.922,376.52,1018.22,148.58,267.17,74.62,58693
1070,1070,Budget,One bed,Galway,748.57,10500,277737,1122.284595,0.071292381,799.922,376.52,1018.22,148.58,267.17,74.62,58693
1071,1071,Budget,1 to 2 bed,Galway,741.91,10500,277737,1122.284595,0.070658095,980.80625,376.52,1018.22,148.58,267.17,74.62,58693
1072,1072,Budget,1 to 3 bed,Galway,728.41,10500,277737,1122.284595,0.069372381,1048.2545,376.52,1018.22,148.58,267.17,74.62,58693
1073,1073,Budget,1 to 3 bed,Galway,719.63,10500,277737,1122.284595,0.06853619,1048.2545,376.52,1018.22,148.58,267.17,74.62,58693
1074,1074,Budget,Two bed,Galway,708.26,10500,277737,1122.284595,0.067453333,1020.012667,376.52,1018.22,148.58,267.17,74.62,58693
1075,1075,Budget,1 to 2 bed,Galway,692.5,10500,277737,1122.284595,0.065952381,980.80625,376.52,1018.22,148.58,267.17,74.62,58693
1076,1076,Budget,One bed,Galway,657.53,10500,277737,1122.284595,0.062621905,799.922,376.52,1018.22,148.58,267.17,74.62,58693
1077,1077,Standard,Four plus bed,Kerry,1315.57,14500,156458,855.6511628,0.090728966,1084.245,176.6,740.06,83.3,70.09,41.06,50289
1078,1078,Standard,Four plus bed,Kerry,1097.28,14500,156458,855.6511628,0.075674483,1084.245,176.6,740.06,83.3,70.09,41.06,50289
1079,1079,Standard,Four plus bed,Kerry,1074.49,14500,156458,855.6511628,0.074102759,1084.245,176.6,740.06,83.3,70.09,41.06,50289
1080,1080,Standard,All bedrooms,Kerry,1055.87,14500,156458,855.6511628,0.072818621,864.535,176.6,740.06,83.3,70.09,41.06,50289
1081,1081,Standard,Three bed,Kerry,1048.92,14500,156458,855.6511628,0.07233931,906.4428571,176.6,740.06,83.3,70.09,41.06,50289
1082,1082,Standard,Two bed,Kerry,1012.8,14500,156458,855.6511628,0.069848276,829.875,176.6,740.06,83.3,70.09,41.06,50289
1083,1083,Standard,1 to 3 bed,Kerry,989.2,14500,156458,855.6511628,0.06822069,830.83,176.6,740.06,83.3,70.09,41.06,50289
1084,1084,Standard,Three bed,Kerry,982.77,14500,156458,855.6511628,0.067777241,906.4428571,176.6,740.06,83.3,70.09,41.06,50289
1085,1085,Standard,1 to 2 bed,Kerry,947.53,14500,156458,855.6511628,0.065346897,775.5257143,176.6,740.06,83.3,70.09,41.06,50289
1086,1086,Standard,Three bed,Kerry,935.18,14500,156458,855.6511628,0.064495172,906.4428571,176.6,740.06,83.3,70.09,41.06,50289
1087,1087,Standard,All bedrooms,Kerry,912.25,14500,156458,855.6511628,0.062913793,864.535,176.6,740.06,83.3,70.09,41.06,50289
1088,1088,Standard,All bedrooms,Kerry,912.19,14500,156458,855.6511628,0.062909655,864.535,176.6,740.06,83.3,70.09,41.06,50289
1089,1089,Standard,1 to 3 bed,Kerry,909.03,14500,156458,855.6511628,0.062691724,830.83,176.6,740.06,83.3,70.09,41.06,50289
1090,1090,Standard,Three bed,Kerry,899.0,14500,156458,855.6511628,0.062,906.4428571,176.6,740.06,83.3,70.09,41.06,50289
1091,1091,Standard,Three bed,Kerry,897.4,14500,156458,855.6511628,0.061889655,906.4428571,176.6,740.06,83.3,70.09,41.06,50289
1092,1092,Standard,All bedrooms,Kerry,893.51,14500,156458,855.6511628,0.061621379,864.535,176.6,740.06,83.3,70.09,41.06,50289
1093,1093,Standard,All bedrooms,Kerry,879.83,14500,156458,855.6511628,0.060677931,864.535,176.6,740.06,83.3,70.09,41.06,50289
1094,1094,Standard,1 to 3 bed,Kerry,877.05,14500,156458,855.6511628,0.060486207,830.83,176.6,740.06,83.3,70.09,41.06,50289
1095,1095,Standard,Two bed,Kerry,874.22,14500,156458,855.6511628,0.060291034,829.875,176.6,740.06,83.3,70.09,41.06,50289
1096,1096,Standard,Two bed,Kerry,871.6,14500,156458,855.6511628,0.060110345,829.875,176.6,740.06,83.3,70.09,41.06,50289
1097,1097,Standard,Two bed,Kerry,866.05,14500,156458,855.6511628,0.059727586,829.875,176.6,740.06,83.3,70.09,41.06,50289
1098,1098,Budget,1 to 2 bed,Kerry,857.51,14500,156458,855.6511628,0.059138621,775.5257143,176.6,740.06,83.3,70.09,41.06,50289
1099,1099,Budget,1 to 3 bed,Kerry,853.55,14500,156458,855.6511628,0.058865517,830.83,176.6,740.06,83.3,70.09,41.06,50289
1100,1100,Budget,Four plus bed,Kerry,849.64,14500,156458,855.6511628,0.058595862,1084.245,176.6,740.06,83.3,70.09,41.06,50289
1101,1101,Budget,1 to 3 bed,Kerry,844.03,14500,156458,855.6511628,0.058208966,830.83,176.6,740.06,83.3,70.09,41.06,50289
1102,1102,Budget,1 to 2 bed,Kerry,810.16,14500,156458,855.6511628,0.055873103,775.5257143,176.6,740.06,83.3,70.09,41.06,50289
1103,1103,Budget,One bed,Kerry,809.38,14500,156458,855.6511628,0.05581931,713.3566667,176.6,740.06,83.3,70.09,41.06,50289
1104,1104,Budget,1 to 2 bed,Kerry,803.16,14500,156458,855.6511628,0.055390345,775.5257143,176.6,740.06,83.3,70.09,41.06,50289
1105,1105,Budget,Three bed,Kerry,799.37,14500,156458,855.6511628,0.055128966,906.4428571,176.6,740.06,83.3,70.09,41.06,50289
1106,1106,Budget,Three bed,Kerry,782.46,14500,156458,855.6511628,0.053962759,906.4428571,176.6,740.06,83.3,70.09,41.06,50289
1107,1107,Budget,All bedrooms,Kerry,779.99,14500,156458,855.6511628,0.053792414,864.535,176.6,740.06,83.3,70.09,41.06,50289
1108,1108,Budget,All bedrooms,Kerry,762.51,14500,156458,855.6511628,0.052586897,864.535,176.6,740.06,83.3,70.09,41.06,50289
1109,1109,Budget,1 to 3 bed,Kerry,746.49,14500,156458,855.6511628,0.051482069,830.83,176.6,740.06,83.3,70.09,41.06,50289
1110,1110,Budget,1 to 3 bed,Kerry,732.16,14500,156458,855.6511628,0.050493793,830.83,176.6,740.06,83.3,70.09,41.06,50289
1111,1111,Budget,1 to 2 bed,Kerry,728.07,14500,156458,855.6511628,0.050211724,775.5257143,176.6,740.06,83.3,70.09,41.06,50289
1112,1112,Budget,All bedrooms,Kerry,720.13,14500,156458,855.6511628,0.049664138,864.535,176.6,740.06,83.3,70.09,41.06,50289
1113,1113,Budget,1 to 3 bed,Kerry,695.13,14500,156458,855.6511628,0.04794,830.83,176.6,740.06,83.3,70.09,41.06,50289
1114,1114,Budget,Two bed,Kerry,689.05,14500,156458,855.6511628,0.04752069,829.875,176.6,740.06,83.3,70.09,41.06,50289
1115,1115,Budget,One bed,Kerry,677.36,14500,156458,855.6511628,0.046714483,713.3566667,176.6,740.06,83.3,70.09,41.06,50289
1116,1116,Budget,Two bed,Kerry,665.53,14500,156458,855.6511628,0.045898621,829.875,176.6,740.06,83.3,70.09,41.06,50289
1117,1117,Budget,One bed,Kerry,653.33,14500,156458,855.6511628,0.045057241,713.3566667,176.6,740.06,83.3,70.09,41.06,50289
1118,1118,Budget,1 to 2 bed,Kerry,653.31,14500,156458,855.6511628,0.045055862,775.5257143,176.6,740.06,83.3,70.09,41.06,50289
1119,1119,Budget,1 to 2 bed,Kerry,628.94,14500,156458,855.6511628,0.043375172,775.5257143,176.6,740.06,83.3,70.09,41.06,50289
1120,1120,Luxury,Four plus bed,Kildare,2122.71,18680,247774,1309.788864,0.113635439,1920.018333,487.01,933.79,120.42,168.72,65.43,68053
1121,1121,Luxury,Four plus bed,Kildare,2046.06,18680,247774,1309.788864,0.10953212,1920.018333,487.01,933.79,120.42,168.72,65.43,68053
1122,1122,Luxury,Four plus bed,Kildare,1945.43,18680,247774,1309.788864,0.104145075,1920.018333,487.01,933.79,120.42,168.72,65.43,68053
1123,1123,Luxury,Four plus bed,Kildare,1909.76,18680,247774,1309.788864,0.102235546,1920.018333,487.01,933.79,120.42,168.72,65.43,68053
1124,1124,Luxury,Four plus bed,Kildare,1871.07,18680,247774,1309.788864,0.100164347,1920.018333,487.01,933.79,120.42,168.72,65.43,68053
1125,1125,Luxury,Three bed,Kildare,1784.54,18680,247774,1309.788864,0.09553212,1442.686154,487.01,933.79,120.42,168.72,65.43,68053
1126,1126,Luxury,All bedrooms,Kildare,1700.48,18680,247774,1309.788864,0.09103212,1322.861875,487.01,933.79,120.42,168.72,65.43,68053
1127,1127,Standard,Three bed,Kildare,1631.76,18680,247774,1309.788864,0.087353319,1442.686154,487.01,933.79,120.42,168.72,65.43,68053
1128,1128,Standard,Four plus bed,Kildare,1625.08,18680,247774,1309.788864,0.086995717,1920.018333,487.01,933.79,120.42,168.72,65.43,68053
1129,1129,Standard,Three bed,Kildare,1601.98,18680,247774,1309.788864,0.085759101,1442.686154,487.01,933.79,120.42,168.72,65.43,68053
1130,1130,Standard,1 to 3 bed,Kildare,1598.52,18680,247774,1309.788864,0.085573876,1266.119375,487.01,933.79,120.42,168.72,65.43,68053
1131,1131,Standard,Two bed,Kildare,1576.47,18680,247774,1309.788864,0.084393469,1263.215714,487.01,933.79,120.42,168.72,65.43,68053
1132,1132,Standard,All bedrooms,Kildare,1549.92,18680,247774,1309.788864,0.082972163,1322.861875,487.01,933.79,120.42,168.72,65.43,68053
1133,1133,Standard,Three bed,Kildare,1549.1,18680,247774,1309.788864,0.082928266,1442.686154,487.01,933.79,120.42,168.72,65.43,68053
1134,1134,Standard,All bedrooms,Kildare,1545.04,18680,247774,1309.788864,0.082710921,1322.861875,487.01,933.79,120.42,168.72,65.43,68053
1135,1135,Standard,Two bed,Kildare,1522.37,18680,247774,1309.788864,0.081497323,1263.215714,487.01,933.79,120.42,168.72,65.43,68053
1136,1136,Standard,Three bed,Kildare,1518.93,18680,247774,1309.788864,0.081313169,1442.686154,487.01,933.79,120.42,168.72,65.43,68053
1137,1137,Standard,All bedrooms,Kildare,1511.05,18680,247774,1309.788864,0.080891328,1322.861875,487.01,933.79,120.42,168.72,65.43,68053
1138,1138,Standard,Three bed,Kildare,1488.34,18680,247774,1309.788864,0.079675589,1442.686154,487.01,933.79,120.42,168.72,65.43,68053
1139,1139,Standard,Three bed,Kildare,1486.73,18680,247774,1309.788864,0.0795894,1442.686154,487.01,933.79,120.42,168.72,65.43,68053
1140,1140,Standard,1 to 2 bed,Kildare,1486.13,18680,247774,1309.788864,0.079557281,1200.912857,487.01,933.79,120.42,168.72,65.43,68053
1141,1141,Standard,All bedrooms,Kildare,1484.34,18680,247774,1309.788864,0.079461456,1322.861875,487.01,933.79,120.42,168.72,65.43,68053
1142,1142,Standard,1 to 3 bed,Kildare,1470.98,18680,247774,1309.788864,0.078746253,1266.119375,487.01,933.79,120.42,168.72,65.43,68053
1143,1143,Standard,1 to 3 bed,Kildare,1464.75,18680,247774,1309.788864,0.078412741,1266.119375,487.01,933.79,120.42,168.72,65.43,68053
1144,1144,Standard,1 to 3 bed,Kildare,1446.39,18680,247774,1309.788864,0.077429872,1266.119375,487.01,933.79,120.42,168.72,65.43,68053
1145,1145,Standard,1 to 3 bed,Kildare,1431.75,18680,247774,1309.788864,0.076646146,1266.119375,487.01,933.79,120.42,168.72,65.43,68053
1146,1146,Standard,Three bed,Kildare,1421.87,18680,247774,1309.788864,0.076117238,1442.686154,487.01,933.79,120.42,168.72,65.43,68053
1147,1147,Standard,All bedrooms,Kildare,1412.46,18680,247774,1309.788864,0.07561349,1322.861875,487.01,933.79,120.42,168.72,65.43,68053
1148,1148,Standard,Two bed,Kildare,1401.79,18680,247774,1309.788864,0.075042291,1263.215714,487.01,933.79,120.42,168.72,65.43,68053
1149,1149,Standard,1 to 2 bed,Kildare,1365.34,18680,247774,1309.788864,0.073091006,1200.912857,487.01,933.79,120.42,168.72,65.43,68053
1150,1150,Standard,1 to 2 bed,Kildare,1360.59,18680,247774,1309.788864,0.072836724,1200.912857,487.01,933.79,120.42,168.72,65.43,68053
1151,1151,Standard,All bedrooms,Kildare,1360.49,18680,247774,1309.788864,0.07283137,1322.861875,487.01,933.79,120.42,168.72,65.43,68053
1152,1152,Standard,Two bed,Kildare,1352.26,18680,247774,1309.788864,0.072390792,1263.215714,487.01,933.79,120.42,168.72,65.43,68053
1153,1153,Standard,All bedrooms,Kildare,1340.64,18680,247774,1309.788864,0.071768737,1322.861875,487.01,933.79,120.42,168.72,65.43,68053
1154,1154,Standard,1 to 3 bed,Kildare,1334.61,18680,247774,1309.788864,0.071445931,1266.119375,487.01,933.79,120.42,168.72,65.43,68053
1155,1155,Standard,Three bed,Kildare,1333.62,18680,247774,1309.788864,0.071392934,1442.686154,487.01,933.79,120.42,168.72,65.43,68053
1156,1156,Standard,1 to 3 bed,Kildare,1329.94,18680,247774,1309.788864,0.071195931,1266.119375,487.01,933.79,120.42,168.72,65.43,68053
1157,1157,Standard,Three bed,Kildare,1320.93,18680,247774,1309.788864,0.070713597,1442.686154,487.01,933.79,120.42,168.72,65.43,68053
1158,1158,Standard,1 to 2 bed,Kildare,1319.45,18680,247774,1309.788864,0.070634368,1200.912857,487.01,933.79,120.42,168.72,65.43,68053
1159,1159,Standard,Two bed,Kildare,1316.98,18680,247774,1309.788864,0.070502141,1263.215714,487.01,933.79,120.42,168.72,65.43,68053
1160,1160,Standard,Two bed,Kildare,1307.7,18680,247774,1309.788864,0.070005353,1263.215714,487.01,933.79,120.42,168.72,65.43,68053
1161,1161,Standard,1 to 2 bed,Kildare,1293.39,18680,247774,1309.788864,0.069239293,1200.912857,487.01,933.79,120.42,168.72,65.43,68053
1162,1162,Standard,Three bed,Kildare,1285.33,18680,247774,1309.788864,0.068807816,1442.686154,487.01,933.79,120.42,168.72,65.43,68053
1163,1163,Standard,All bedrooms,Kildare,1275.04,18680,247774,1309.788864,0.068256959,1322.861875,487.01,933.79,120.42,168.72,65.43,68053
1164,1164,Standard,1 to 3 bed,Kildare,1274.82,18680,247774,1309.788864,0.068245182,1266.119375,487.01,933.79,120.42,168.72,65.43,68053
1165,1165,Standard,Two bed,Kildare,1257.3,18680,247774,1309.788864,0.067307281,1263.215714,487.01,933.79,120.42,168.72,65.43,68053
1166,1166,Standard,All bedrooms,Kildare,1250.34,18680,247774,1309.788864,0.06693469,1322.861875,487.01,933.79,120.42,168.72,65.43,68053
1167,1167,Standard,Two bed,Kildare,1248.14,18680,247774,1309.788864,0.066816916,1263.215714,487.01,933.79,120.42,168.72,65.43,68053
1168,1168,Standard,Two bed,Kildare,1246.62,18680,247774,1309.788864,0.066735546,1263.215714,487.01,933.79,120.42,168.72,65.43,68053
1169,1169,Standard,1 to 2 bed,Kildare,1241.61,18680,247774,1309.788864,0.066467345,1200.912857,487.01,933.79,120.42,168.72,65.43,68053
1170,1170,Standard,All bedrooms,Kildare,1233.7,18680,247774,1309.788864,0.066043897,1322.861875,487.01,933.79,120.42,168.72,65.43,68053
1171,1171,Standard,1 to 2 bed,Kildare,1233.7,18680,247774,1309.788864,0.066043897,1200.912857,487.01,933.79,120.42,168.72,65.43,68053
1172,1172,Standard,Three bed,Kildare,1229.47,18680,247774,1309.788864,0.065817452,1442.686154,487.01,933.79,120.42,168.72,65.43,68053
1173,1173,Standard,1 to 3 bed,Kildare,1227.05,18680,247774,1309.788864,0.065687901,1266.119375,487.01,933.79,120.42,168.72,65.43,68053
1174,1174,Standard,Two bed,Kildare,1210.5,18680,247774,1309.788864,0.064801927,1263.215714,487.01,933.79,120.42,168.72,65.43,68053
1175,1175,Standard,1 to 2 bed,Kildare,1208.9,18680,247774,1309.788864,0.064716274,1200.912857,487.01,933.79,120.42,168.72,65.43,68053
1176,1176,Standard,1 to 3 bed,Kildare,1203.59,18680,247774,1309.788864,0.064432013,1266.119375,487.01,933.79,120.42,168.72,65.43,68053
1177,1177,Standard,One bed,Kildare,1182.85,18680,247774,1309.788864,0.063321734,1007.21,487.01,933.79,120.42,168.72,65.43,68053
1178,1178,Standard,1 to 3 bed,Kildare,1178.22,18680,247774,1309.788864,0.063073876,1266.119375,487.01,933.79,120.42,168.72,65.43,68053
1179,1179,Standard,One bed,Kildare,1175.43,18680,247774,1309.788864,0.062924518,1007.21,487.01,933.79,120.42,168.72,65.43,68053
1180,1180,Standard,Two bed,Kildare,1168.4,18680,247774,1309.788864,0.06254818,1263.215714,487.01,933.79,120.42,168.72,65.43,68053
1181,1181,Standard,1 to 2 bed,Kildare,1153.51,18680,247774,1309.788864,0.061751071,1200.912857,487.01,933.79,120.42,168.72,65.43,68053
1182,1182,Standard,All bedrooms,Kildare,1152.48,18680,247774,1309.788864,0.061695931,1322.861875,487.01,933.79,120.42,168.72,65.43,68053
1183,1183,Standard,1 to 2 bed,Kildare,1145.48,18680,247774,1309.788864,0.061321199,1200.912857,487.01,933.79,120.42,168.72,65.43,68053
1184,1184,Standard,All bedrooms,Kildare,1136.99,18680,247774,1309.788864,0.060866702,1322.861875,487.01,933.79,120.42,168.72,65.43,68053
1185,1185,Standard,All bedrooms,Kildare,1129.72,18680,247774,1309.788864,0.060477516,1322.861875,487.01,933.79,120.42,168.72,65.43,68053
1186,1186,Standard,Two bed,Kildare,1127.02,18680,247774,1309.788864,0.060332976,1263.215714,487.01,933.79,120.42,168.72,65.43,68053
1187,1187,Standard,One bed,Kildare,1125.05,18680,247774,1309.788864,0.060227516,1007.21,487.01,933.79,120.42,168.72,65.43,68053
1188,1188,Standard,1 to 3 bed,Kildare,1107.63,18680,247774,1309.788864,0.059294968,1266.119375,487.01,933.79,120.42,168.72,65.43,68053
1189,1189,Standard,Three bed,Kildare,1102.32,18680,247774,1309.788864,0.059010707,1442.686154,487.01,933.79,120.42,168.72,65.43,68053
1190,1190,Standard,1 to 2 bed,Kildare,1095.73,18680,247774,1309.788864,0.058657923,1200.912857,487.01,933.79,120.42,168.72,65.43,68053
1191,1191,Standard,1 to 3 bed,Kildare,1092.79,18680,247774,1309.788864,0.058500535,1266.119375,487.01,933.79,120.42,168.72,65.43,68053
1192,1192,Standard,1 to 3 bed,Kildare,1087.97,18680,247774,1309.788864,0.058242505,1266.119375,487.01,933.79,120.42,168.72,65.43,68053
1193,1193,Standard,All bedrooms,Kildare,1050.27,18680,247774,1309.788864,0.056224304,1322.861875,487.01,933.79,120.42,168.72,65.43,68053
1194,1194,Standard,One bed,Kildare,1046.76,18680,247774,1309.788864,0.056036403,1007.21,487.01,933.79,120.42,168.72,65.43,68053
1195,1195,Standard,All bedrooms,Kildare,1032.83,18680,247774,1309.788864,0.055290685,1322.861875,487.01,933.79,120.42,168.72,65.43,68053
1196,1196,Standard,1 to 2 bed,Kildare,1022.7,18680,247774,1309.788864,0.054748394,1200.912857,487.01,933.79,120.42,168.72,65.43,68053
1197,1197,Standard,One bed,Kildare,1016.05,18680,247774,1309.788864,0.054392398,1007.21,487.01,933.79,120.42,168.72,65.43,68053
1198,1198,Standard,1 to 3 bed,Kildare,1015.16,18680,247774,1309.788864,0.054344754,1266.119375,487.01,933.79,120.42,168.72,65.43,68053
1199,1199,Standard,1 to 3 bed,Kildare,993.74,18680,247774,1309.788864,0.053198073,1266.119375,487.01,933.79,120.42,168.72,65.43,68053
1200,1200,Standard,Two bed,Kildare,986.8,18680,247774,1309.788864,0.052826552,1263.215714,487.01,933.79,120.42,168.72,65.43,68053
1201,1201,Standard,Two bed,Kildare,962.67,18680,247774,1309.788864,0.051534797,1263.215714,487.01,933.79,120.42,168.72,65.43,68053
1202,1202,Standard,1 to 2 bed,Kildare,946.7,18680,247774,1309.788864,0.050679872,1200.912857,487.01,933.79,120.42,168.72,65.43,68053
1203,1203,Standard,1 to 2 bed,Kildare,939.55,18680,247774,1309.788864,0.050297109,1200.912857,487.01,933.79,120.42,168.72,65.43,68053
1204,1204,Standard,One bed,Kildare,923.05,18680,247774,1309.788864,0.049413812,1007.21,487.01,933.79,120.42,168.72,65.43,68053
1205,1205,Standard,One bed,Kildare,903.63,18680,247774,1309.788864,0.048374197,1007.21,487.01,933.79,120.42,168.72,65.43,68053
1206,1206,Budget,One bed,Kildare,856.06,18680,247774,1309.788864,0.045827623,1007.21,487.01,933.79,120.42,168.72,65.43,68053
1207,1207,Budget,One bed,Kildare,836.01,18680,247774,1309.788864,0.044754283,1007.21,487.01,933.79,120.42,168.72,65.43,68053
1208,1208,Standard,Four plus bed,Kilkenny,1157.74,15200,104160,919.1189474,0.076167105,1157.74,127.72,357.33,54.65,65.33,17.77,58136
1209,1209,Standard,Two bed,Kilkenny,1043.75,15200,104160,919.1189474,0.068667763,937.085,127.72,357.33,54.65,65.33,17.77,58136
1210,1210,Standard,All bedrooms,Kilkenny,1037.8,15200,104160,919.1189474,0.068276316,928.3933333,127.72,357.33,54.65,65.33,17.77,58136
1211,1211,Standard,Three bed,Kilkenny,1021.09,15200,104160,919.1189474,0.067176974,981.635,127.72,357.33,54.65,65.33,17.77,58136
1212,1212,Standard,All bedrooms,Kilkenny,1008.56,15200,104160,919.1189474,0.066352632,928.3933333,127.72,357.33,54.65,65.33,17.77,58136
1213,1213,Standard,1 to 3 bed,Kilkenny,1004.98,15200,104160,919.1189474,0.066117105,881.476,127.72,357.33,54.65,65.33,17.77,58136
1214,1214,Standard,1 to 2 bed,Kilkenny,993.67,15200,104160,919.1189474,0.065373026,891.575,127.72,357.33,54.65,65.33,17.77,58136
1215,1215,Standard,Three bed,Kilkenny,942.18,15200,104160,919.1189474,0.061985526,981.635,127.72,357.33,54.65,65.33,17.77,58136
1216,1216,Standard,All bedrooms,Kilkenny,940.06,15200,104160,919.1189474,0.061846053,928.3933333,127.72,357.33,54.65,65.33,17.77,58136
1217,1217,Standard,All bedrooms,Kilkenny,935.34,15200,104160,919.1189474,0.061535526,928.3933333,127.72,357.33,54.65,65.33,17.77,58136
1218,1218,Standard,1 to 3 bed,Kilkenny,877.14,15200,104160,919.1189474,0.057706579,881.476,127.72,357.33,54.65,65.33,17.77,58136
1219,1219,Standard,1 to 3 bed,Kilkenny,871.33,15200,104160,919.1189474,0.057324342,881.476,127.72,357.33,54.65,65.33,17.77,58136
1220,1220,Budget,1 to 3 bed,Kilkenny,851.03,15200,104160,919.1189474,0.055988816,881.476,127.72,357.33,54.65,65.33,17.77,58136
1221,1221,Budget,All bedrooms,Kilkenny,844.73,15200,104160,919.1189474,0.055574342,928.3933333,127.72,357.33,54.65,65.33,17.77,58136
1222,1222,Budget,Two bed,Kilkenny,830.42,15200,104160,919.1189474,0.054632895,937.085,127.72,357.33,54.65,65.33,17.77,58136
1223,1223,Budget,All bedrooms,Kilkenny,803.87,15200,104160,919.1189474,0.052886184,928.3933333,127.72,357.33,54.65,65.33,17.77,58136
1224,1224,Budget,1 to 3 bed,Kilkenny,802.9,15200,104160,919.1189474,0.052822368,881.476,127.72,357.33,54.65,65.33,17.77,58136
1225,1225,Budget,1 to 2 bed,Kilkenny,789.48,15200,104160,919.1189474,0.051939474,891.575,127.72,357.33,54.65,65.33,17.77,58136
1226,1226,Budget,One bed,Kilkenny,707.19,15200,104160,919.1189474,0.046525658,707.19,127.72,357.33,54.65,65.33,17.77,58136
1227,1227,Standard,Four plus bed,Laois,1115.77,14625,91877,908.5755556,0.076291966,1092.69,99.83,89.49,30.21,27.3,10.06,57805
1228,1228,Standard,Four plus bed,Laois,1069.61,14625,91877,908.5755556,0.073135726,1092.69,99.83,89.49,30.21,27.3,10.06,57805
1229,1229,Standard,Three bed,Laois,1032.16,14625,91877,908.5755556,0.070575043,993.7325,99.83,89.49,30.21,27.3,10.06,57805
1230,1230,Standard,Three bed,Laois,1002.06,14625,91877,908.5755556,0.068516923,993.7325,99.83,89.49,30.21,27.3,10.06,57805
1231,1231,Standard,Three bed,Laois,998.74,14625,91877,908.5755556,0.068289915,993.7325,99.83,89.49,30.21,27.3,10.06,57805
1232,1232,Standard,All bedrooms,Laois,989.88,14625,91877,908.5755556,0.067684103,934.228,99.83,89.49,30.21,27.3,10.06,57805
1233,1233,Standard,1 to 3 bed,Laois,970.21,14625,91877,908.5755556,0.066339145,910.2,99.83,89.49,30.21,27.3,10.06,57805
1234,1234,Standard,All bedrooms,Laois,950.74,14625,91877,908.5755556,0.065007863,934.228,99.83,89.49,30.21,27.3,10.06,57805
1235,1235,Standard,Two bed,Laois,942.06,14625,91877,908.5755556,0.064414359,898.19,99.83,89.49,30.21,27.3,10.06,57805
1236,1236,Standard,Three bed,Laois,941.97,14625,91877,908.5755556,0.064408205,993.7325,99.83,89.49,30.21,27.3,10.06,57805
1237,1237,Standard,All bedrooms,Laois,932.67,14625,91877,908.5755556,0.063772308,934.228,99.83,89.49,30.21,27.3,10.06,57805
1238,1238,Standard,1 to 3 bed,Laois,930.77,14625,91877,908.5755556,0.063642393,910.2,99.83,89.49,30.21,27.3,10.06,57805
1239,1239,Standard,All bedrooms,Laois,929.04,14625,91877,908.5755556,0.063524103,934.228,99.83,89.49,30.21,27.3,10.06,57805
1240,1240,Standard,1 to 3 bed,Laois,913.8,14625,91877,908.5755556,0.062482051,910.2,99.83,89.49,30.21,27.3,10.06,57805
1241,1241,Standard,1 to 2 bed,Laois,908.26,14625,91877,908.5755556,0.062103248,855.0525,99.83,89.49,30.21,27.3,10.06,57805
1242,1242,Standard,Two bed,Laois,900.92,14625,91877,908.5755556,0.061601368,898.19,99.83,89.49,30.21,27.3,10.06,57805
1243,1243,Standard,Two bed,Laois,895.78,14625,91877,908.5755556,0.061249915,898.19,99.83,89.49,30.21,27.3,10.06,57805
1244,1244,Standard,1 to 3 bed,Laois,880.46,14625,91877,908.5755556,0.060202393,910.2,99.83,89.49,30.21,27.3,10.06,57805
1245,1245,Standard,All bedrooms,Laois,868.81,14625,91877,908.5755556,0.059405812,934.228,99.83,89.49,30.21,27.3,10.06,57805
1246,1246,Budget,1 to 3 bed,Laois,855.76,14625,91877,908.5755556,0.058513504,910.2,99.83,89.49,30.21,27.3,10.06,57805
1247,1247,Budget,1 to 2 bed,Laois,855.29,14625,91877,908.5755556,0.058481368,855.0525,99.83,89.49,30.21,27.3,10.06,57805
1248,1248,Budget,Two bed,Laois,854.0,14625,91877,908.5755556,0.058393162,898.19,99.83,89.49,30.21,27.3,10.06,57805
1249,1249,Budget,1 to 2 bed,Laois,847.6,14625,91877,908.5755556,0.057955556,855.0525,99.83,89.49,30.21,27.3,10.06,57805
1250,1250,Budget,1 to 2 bed,Laois,809.06,14625,91877,908.5755556,0.055320342,855.0525,99.83,89.49,30.21,27.3,10.06,57805
1251,1251,Budget,One bed,Laois,734.03,14625,91877,908.5755556,0.050190085,712.04,99.83,89.49,30.21,27.3,10.06,57805
1252,1252,Budget,One bed,Laois,701.52,14625,91877,908.5755556,0.047967179,712.04,99.83,89.49,30.21,27.3,10.06,57805
1253,1253,Budget,One bed,Laois,700.57,14625,91877,908.5755556,0.047902222,712.04,99.83,89.49,30.21,27.3,10.06,57805
1254,1254,Standard,Four plus bed,Leitrim,906.36,7625,35199,691.2611111,0.118866885,866.98,21.17,188.69,12.31,12.44,4.64,48168
1255,1255,Budget,Four plus bed,Leitrim,827.6,7625,35199,691.2611111,0.108537705,866.98,21.17,188.69,12.31,12.44,4.64,48168
1256,1256,Budget,Three bed,Leitrim,812.63,7625,35199,691.2611111,0.106574426,720.7266667,21.17,188.69,12.31,12.44,4.64,48168
1257,1257,Budget,All bedrooms,Leitrim,756.71,7625,35199,691.2611111,0.099240656,693.3233333,21.17,188.69,12.31,12.44,4.64,48168
1258,1258,Budget,1 to 3 bed,Leitrim,730.12,7625,35199,691.2611111,0.095753443,669.53,21.17,188.69,12.31,12.44,4.64,48168
1259,1259,Budget,Two bed,Leitrim,719.92,7625,35199,691.2611111,0.094415738,698.83,21.17,188.69,12.31,12.44,4.64,48168
1260,1260,Budget,Three bed,Leitrim,715.11,7625,35199,691.2611111,0.093784918,720.7266667,21.17,188.69,12.31,12.44,4.64,48168
1261,1261,Budget,All bedrooms,Leitrim,710.51,7625,35199,691.2611111,0.093181639,693.3233333,21.17,188.69,12.31,12.44,4.64,48168
1262,1262,Budget,1 to 2 bed,Leitrim,692.34,7625,35199,691.2611111,0.090798689,629.2333333,21.17,188.69,12.31,12.44,4.64,48168
1263,1263,Budget,1 to 3 bed,Leitrim,682.32,7625,35199,691.2611111,0.08948459,669.53,21.17,188.69,12.31,12.44,4.64,48168
1264,1264,Budget,Two bed,Leitrim,677.74,7625,35199,691.2611111,0.088883934,698.83,21.17,188.69,12.31,12.44,4.64,48168
1265,1265,Budget,1 to 2 bed,Leitrim,650.27,7625,35199,691.2611111,0.085281311,629.2333333,21.17,188.69,12.31,12.44,4.64,48168
1266,1266,Budget,Three bed,Leitrim,634.44,7625,35199,691.2611111,0.083205246,720.7266667,21.17,188.69,12.31,12.44,4.64,48168
1267,1267,Budget,One bed,Leitrim,613.46,7625,35199,691.2611111,0.08045377,586.32,21.17,188.69,12.31,12.44,4.64,48168
1268,1268,Budget,All bedrooms,Leitrim,612.75,7625,35199,691.2611111,0.080360656,693.3233333,21.17,188.69,12.31,12.44,4.64,48168
1269,1269,Budget,1 to 3 bed,Leitrim,596.15,7625,35199,691.2611111,0.078183607,669.53,21.17,188.69,12.31,12.44,4.64,48168
1270,1270,Budget,One bed,Leitrim,559.18,7625,35199,691.2611111,0.073335082,586.32,21.17,188.69,12.31,12.44,4.64,48168
1271,1271,Budget,1 to 2 bed,Leitrim,545.09,7625,35199,691.2611111,0.071487213,629.2333333,21.17,188.69,12.31,12.44,4.64,48168
1272,1272,Luxury,Four plus bed,Limerick,1983.25,14833,209536,1099.3,0.133705252,1555.273333,360.65,763.67,106.06,404.3,74.21,57374
1273,1273,Luxury,Four plus bed,Limerick,1728.91,14833,209536,1099.3,0.11655835,1555.273333,360.65,763.67,106.06,404.3,74.21,57374
1274,1274,Luxury,All bedrooms,Limerick,1665.94,14833,209536,1099.3,0.112313086,1141.1775,360.65,763.67,106.06,404.3,74.21,57374
1275,1275,Standard,Four plus bed,Limerick,1622.81,14833,209536,1099.3,0.10940538,1555.273333,360.65,763.67,106.06,404.3,74.21,57374
1276,1276,Standard,Four plus bed,Limerick,1548.12,14833,209536,1099.3,0.104369986,1555.273333,360.65,763.67,106.06,404.3,74.21,57374
1277,1277,Standard,Four plus bed,Limerick,1528.73,14833,209536,1099.3,0.103062765,1555.273333,360.65,763.67,106.06,404.3,74.21,57374
1278,1278,Standard,All bedrooms,Limerick,1410.23,14833,209536,1099.3,0.095073822,1141.1775,360.65,763.67,106.06,404.3,74.21,57374
1279,1279,Standard,Three bed,Limerick,1372.61,14833,209536,1099.3,0.092537585,1097.527,360.65,763.67,106.06,404.3,74.21,57374
1280,1280,Standard,Three bed,Limerick,1332.15,14833,209536,1099.3,0.089809883,1097.527,360.65,763.67,106.06,404.3,74.21,57374
1281,1281,Standard,All bedrooms,Limerick,1308.28,14833,209536,1099.3,0.088200634,1141.1775,360.65,763.67,106.06,404.3,74.21,57374
1282,1282,Standard,1 to 3 bed,Limerick,1308.16,14833,209536,1099.3,0.088192544,1048.345833,360.65,763.67,106.06,404.3,74.21,57374
1283,1283,Standard,1 to 3 bed,Limerick,1268.9,14833,209536,1099.3,0.085545743,1048.345833,360.65,763.67,106.06,404.3,74.21,57374
1284,1284,Standard,All bedrooms,Limerick,1263.82,14833,209536,1099.3,0.085203263,1141.1775,360.65,763.67,106.06,404.3,74.21,57374
1285,1285,Standard,All bedrooms,Limerick,1260.06,14833,209536,1099.3,0.084949774,1141.1775,360.65,763.67,106.06,404.3,74.21,57374
1286,1286,Standard,Three bed,Limerick,1255.4,14833,209536,1099.3,0.08463561,1097.527,360.65,763.67,106.06,404.3,74.21,57374
1287,1287,Standard,Three bed,Limerick,1254.21,14833,209536,1099.3,0.084555383,1097.527,360.65,763.67,106.06,404.3,74.21,57374
1288,1288,Standard,1 to 3 bed,Limerick,1219.35,14833,209536,1099.3,0.082205218,1048.345833,360.65,763.67,106.06,404.3,74.21,57374
1289,1289,Standard,1 to 3 bed,Limerick,1208.81,14833,209536,1099.3,0.08149464,1048.345833,360.65,763.67,106.06,404.3,74.21,57374
1290,1290,Standard,All bedrooms,Limerick,1190.5,14833,209536,1099.3,0.080260231,1141.1775,360.65,763.67,106.06,404.3,74.21,57374
1291,1291,Standard,Two bed,Limerick,1171.67,14833,209536,1099.3,0.078990764,996.145,360.65,763.67,106.06,404.3,74.21,57374
1292,1292,Standard,All bedrooms,Limerick,1164.08,14833,209536,1099.3,0.078479067,1141.1775,360.65,763.67,106.06,404.3,74.21,57374
1293,1293,Standard,Two bed,Limerick,1162.95,14833,209536,1099.3,0.078402885,996.145,360.65,763.67,106.06,404.3,74.21,57374
1294,1294,Standard,Three bed,Limerick,1155.49,14833,209536,1099.3,0.077899953,1097.527,360.65,763.67,106.06,404.3,74.21,57374
1295,1295,Standard,1 to 2 bed,Limerick,1145.76,14833,209536,1099.3,0.077243983,966.9225,360.65,763.67,106.06,404.3,74.21,57374
1296,1296,Standard,Three bed,Limerick,1137.46,14833,209536,1099.3,0.07668442,1097.527,360.65,763.67,106.06,404.3,74.21,57374
1297,1297,Standard,1 to 2 bed,Limerick,1137.11,14833,209536,1099.3,0.076660824,966.9225,360.65,763.67,106.06,404.3,74.21,57374
1298,1298,Standard,All bedrooms,Limerick,1132.51,14833,209536,1099.3,0.076350705,1141.1775,360.65,763.67,106.06,404.3,74.21,57374
1299,1299,Standard,1 to 3 bed,Limerick,1128.37,14833,209536,1099.3,0.076071597,1048.345833,360.65,763.67,106.06,404.3,74.21,57374
1300,1300,Standard,Two bed,Limerick,1110.8,14833,209536,1099.3,0.074887076,996.145,360.65,763.67,106.06,404.3,74.21,57374
1301,1301,Standard,1 to 3 bed,Limerick,1099.97,14833,209536,1099.3,0.074156947,1048.345833,360.65,763.67,106.06,404.3,74.21,57374
1302,1302,Standard,1 to 3 bed,Limerick,1072.65,14833,209536,1099.3,0.072315108,1048.345833,360.65,763.67,106.06,404.3,74.21,57374
1303,1303,Standard,Two bed,Limerick,1067.05,14833,209536,1099.3,0.071937572,996.145,360.65,763.67,106.06,404.3,74.21,57374
1304,1304,Standard,1 to 2 bed,Limerick,1067.05,14833,209536,1099.3,0.071937572,966.9225,360.65,763.67,106.06,404.3,74.21,57374
1305,1305,Standard,1 to 3 bed,Limerick,1065.78,14833,209536,1099.3,0.071851952,1048.345833,360.65,763.67,106.06,404.3,74.21,57374
1306,1306,Standard,Two bed,Limerick,1061.42,14833,209536,1099.3,0.071558013,996.145,360.65,763.67,106.06,404.3,74.21,57374
1307,1307,Standard,1 to 2 bed,Limerick,1053.17,14833,209536,1099.3,0.07100182,966.9225,360.65,763.67,106.06,404.3,74.21,57374
1308,1308,Standard,Three bed,Limerick,1043.62,14833,209536,1099.3,0.070357986,1097.527,360.65,763.67,106.06,404.3,74.21,57374
1309,1309,Standard,1 to 2 bed,Limerick,1002.56,14833,209536,1099.3,0.067589833,966.9225,360.65,763.67,106.06,404.3,74.21,57374
1310,1310,Standard,All bedrooms,Limerick,963.47,14833,209536,1099.3,0.064954493,1141.1775,360.65,763.67,106.06,404.3,74.21,57374
1311,1311,Standard,1 to 3 bed,Limerick,963.47,14833,209536,1099.3,0.064954493,1048.345833,360.65,763.67,106.06,404.3,74.21,57374
1312,1312,Standard,Two bed,Limerick,958.85,14833,209536,1099.3,0.064643026,996.145,360.65,763.67,106.06,404.3,74.21,57374
1313,1313,Standard,1 to 2 bed,Limerick,944.15,14833,209536,1099.3,0.063651992,966.9225,360.65,763.67,106.06,404.3,74.21,57374
1314,1314,Standard,Four plus bed,Limerick,919.82,14833,209536,1099.3,0.062011731,1555.273333,360.65,763.67,106.06,404.3,74.21,57374
1315,1315,Standard,One bed,Limerick,881.26,14833,209536,1099.3,0.059412122,857.6566667,360.65,763.67,106.06,404.3,74.21,57374
1316,1316,Standard,Three bed,Limerick,880.89,14833,209536,1099.3,0.059387177,1097.527,360.65,763.67,106.06,404.3,74.21,57374
1317,1317,Standard,One bed,Limerick,867.67,14833,209536,1099.3,0.058495921,857.6566667,360.65,763.67,106.06,404.3,74.21,57374
1318,1318,Budget,One bed,Limerick,824.04,14833,209536,1099.3,0.055554507,857.6566667,360.65,763.67,106.06,404.3,74.21,57374
1319,1319,Budget,All bedrooms,Limerick,816.16,14833,209536,1099.3,0.055023259,1141.1775,360.65,763.67,106.06,404.3,74.21,57374
1320,1320,Budget,All bedrooms,Limerick,801.3,14833,209536,1099.3,0.054021439,1141.1775,360.65,763.67,106.06,404.3,74.21,57374
1321,1321,Budget,1 to 3 bed,Limerick,800.63,14833,209536,1099.3,0.053976269,1048.345833,360.65,763.67,106.06,404.3,74.21,57374
1322,1322,Budget,Three bed,Limerick,792.04,14833,209536,1099.3,0.053397155,1097.527,360.65,763.67,106.06,404.3,74.21,57374
1323,1323,Budget,Three bed,Limerick,751.4,14833,209536,1099.3,0.050657318,1097.527,360.65,763.67,106.06,404.3,74.21,57374
1324,1324,Budget,1 to 3 bed,Limerick,746.39,14833,209536,1099.3,0.050319558,1048.345833,360.65,763.67,106.06,404.3,74.21,57374
1325,1325,Budget,Two bed,Limerick,733.74,14833,209536,1099.3,0.04946673,996.145,360.65,763.67,106.06,404.3,74.21,57374
1326,1326,Budget,All bedrooms,Limerick,717.78,14833,209536,1099.3,0.04839075,1141.1775,360.65,763.67,106.06,404.3,74.21,57374
1327,1327,Budget,1 to 2 bed,Limerick,713.37,14833,209536,1099.3,0.04809344,966.9225,360.65,763.67,106.06,404.3,74.21,57374
1328,1328,Budget,Two bed,Limerick,702.68,14833,209536,1099.3,0.04737275,996.145,360.65,763.67,106.06,404.3,74.21,57374
1329,1329,Budget,1 to 3 bed,Limerick,697.67,14833,209536,1099.3,0.04703499,1048.345833,360.65,763.67,106.06,404.3,74.21,57374
1330,1330,Budget,1 to 2 bed,Limerick,672.21,14833,209536,1099.3,0.045318546,966.9225,360.65,763.67,106.06,404.3,74.21,57374
1331,1331,Standard,Four plus bed,Longford,903.95,12625,46751,750.9653571,0.0716,894.985,41.08,75.53,14.76,18.91,9.33,49835
1332,1332,Standard,Four plus bed,Longford,886.02,12625,46751,750.9653571,0.070179802,894.985,41.08,75.53,14.76,18.91,9.33,49835
1333,1333,Standard,Three bed,Longford,868.24,12625,46751,750.9653571,0.068771485,808.155,41.08,75.53,14.76,18.91,9.33,49835
1334,1334,Budget,Two bed,Longford,842.64,12625,46751,750.9653571,0.066743762,753.655,41.08,75.53,14.76,18.91,9.33,49835
1335,1335,Budget,Three bed,Longford,809.14,12625,46751,750.9653571,0.064090297,808.155,41.08,75.53,14.76,18.91,9.33,49835
1336,1336,Budget,All bedrooms,Longford,803.62,12625,46751,750.9653571,0.063653069,774.072,41.08,75.53,14.76,18.91,9.33,49835
1337,1337,Budget,Three bed,Longford,797.74,12625,46751,750.9653571,0.063187327,808.155,41.08,75.53,14.76,18.91,9.33,49835
1338,1338,Budget,All bedrooms,Longford,788.66,12625,46751,750.9653571,0.062468119,774.072,41.08,75.53,14.76,18.91,9.33,49835
1339,1339,Budget,1 to 3 bed,Longford,788.2,12625,46751,750.9653571,0.062431683,748.75,41.08,75.53,14.76,18.91,9.33,49835
1340,1340,Budget,Two bed,Longford,783.25,12625,46751,750.9653571,0.062039604,753.655,41.08,75.53,14.76,18.91,9.33,49835
1341,1341,Budget,All bedrooms,Longford,783.09,12625,46751,750.9653571,0.062026931,774.072,41.08,75.53,14.76,18.91,9.33,49835
1342,1342,Budget,Two bed,Longford,772.84,12625,46751,750.9653571,0.06121505,753.655,41.08,75.53,14.76,18.91,9.33,49835
1343,1343,Budget,1 to 3 bed,Longford,765.85,12625,46751,750.9653571,0.060661386,748.75,41.08,75.53,14.76,18.91,9.33,49835
1344,1344,Budget,1 to 3 bed,Longford,759.43,12625,46751,750.9653571,0.060152871,748.75,41.08,75.53,14.76,18.91,9.33,49835
1345,1345,Budget,Three bed,Longford,757.5,12625,46751,750.9653571,0.06,808.155,41.08,75.53,14.76,18.91,9.33,49835
1346,1346,Budget,All bedrooms,Longford,754.84,12625,46751,750.9653571,0.059789307,774.072,41.08,75.53,14.76,18.91,9.33,49835
1347,1347,Budget,1 to 2 bed,Longford,747.81,12625,46751,750.9653571,0.059232475,708.396,41.08,75.53,14.76,18.91,9.33,49835
1348,1348,Budget,1 to 2 bed,Longford,740.36,12625,46751,750.9653571,0.058642376,708.396,41.08,75.53,14.76,18.91,9.33,49835
1349,1349,Budget,All bedrooms,Longford,740.15,12625,46751,750.9653571,0.058625743,774.072,41.08,75.53,14.76,18.91,9.33,49835
1350,1350,Budget,1 to 2 bed,Longford,729.9,12625,46751,750.9653571,0.057813861,708.396,41.08,75.53,14.76,18.91,9.33,49835
1351,1351,Budget,1 to 3 bed,Longford,717.78,12625,46751,750.9653571,0.056853861,748.75,41.08,75.53,14.76,18.91,9.33,49835
1352,1352,Budget,1 to 3 bed,Longford,712.49,12625,46751,750.9653571,0.056434851,748.75,41.08,75.53,14.76,18.91,9.33,49835
1353,1353,Budget,1 to 2 bed,Longford,704.34,12625,46751,750.9653571,0.055789307,708.396,41.08,75.53,14.76,18.91,9.33,49835
1354,1354,Budget,One bed,Longford,636.1,12625,46751,750.9653571,0.050384158,611.2433333,41.08,75.53,14.76,18.91,9.33,49835
1355,1355,Budget,1 to 2 bed,Longford,619.57,12625,46751,750.9653571,0.049074851,708.396,41.08,75.53,14.76,18.91,9.33,49835
1356,1356,Budget,Two bed,Longford,615.89,12625,46751,750.9653571,0.048783366,753.655,41.08,75.53,14.76,18.91,9.33,49835
1357,1357,Budget,One bed,Longford,611.95,12625,46751,750.9653571,0.048471287,611.2433333,41.08,75.53,14.76,18.91,9.33,49835
1358,1358,Budget,One bed,Longford,585.68,12625,46751,750.9653571,0.046390495,611.2433333,41.08,75.53,14.76,18.91,9.33,49835
1359,1359,Standard,Four plus bed,Louth,1531.86,15833,139703,1138.005769,0.096751089,1448.576667,237.05,309.43,51.46,115.17,25.4,55543
1360,1360,Standard,Four plus bed,Louth,1432.23,15833,139703,1138.005769,0.090458536,1448.576667,237.05,309.43,51.46,115.17,25.4,55543
1361,1361,Standard,Four plus bed,Louth,1381.64,15833,139703,1138.005769,0.087263311,1448.576667,237.05,309.43,51.46,115.17,25.4,55543
1362,1362,Standard,Three bed,Louth,1306.06,15833,139703,1138.005769,0.082489737,1246.61,237.05,309.43,51.46,115.17,25.4,55543
1363,1363,Standard,Three bed,Louth,1267.56,15833,139703,1138.005769,0.080058106,1246.61,237.05,309.43,51.46,115.17,25.4,55543
1364,1364,Standard,Three bed,Louth,1226.72,15833,139703,1138.005769,0.077478684,1246.61,237.05,309.43,51.46,115.17,25.4,55543
1365,1365,Standard,All bedrooms,Louth,1214.23,15833,139703,1138.005769,0.076689825,1150.85,237.05,309.43,51.46,115.17,25.4,55543
1366,1366,Standard,Two bed,Louth,1200.91,15833,139703,1138.005769,0.075848544,1093.3725,237.05,309.43,51.46,115.17,25.4,55543
1367,1367,Standard,Three bed,Louth,1186.1,15833,139703,1138.005769,0.074913156,1246.61,237.05,309.43,51.46,115.17,25.4,55543
1368,1368,Standard,1 to 3 bed,Louth,1180.94,15833,139703,1138.005769,0.074587254,1119.1775,237.05,309.43,51.46,115.17,25.4,55543
1369,1369,Standard,All bedrooms,Louth,1167.55,15833,139703,1138.005769,0.073741552,1150.85,237.05,309.43,51.46,115.17,25.4,55543
1370,1370,Standard,All bedrooms,Louth,1133.29,15833,139703,1138.005769,0.071577717,1150.85,237.05,309.43,51.46,115.17,25.4,55543
1371,1371,Standard,1 to 3 bed,Louth,1132.26,15833,139703,1138.005769,0.071512663,1119.1775,237.05,309.43,51.46,115.17,25.4,55543
1372,1372,Standard,1 to 2 bed,Louth,1116.55,15833,139703,1138.005769,0.070520432,1026.32,237.05,309.43,51.46,115.17,25.4,55543
1373,1373,Standard,Two bed,Louth,1113.73,15833,139703,1138.005769,0.070342323,1093.3725,237.05,309.43,51.46,115.17,25.4,55543
1374,1374,Standard,1 to 3 bed,Louth,1102.43,15833,139703,1138.005769,0.069628624,1119.1775,237.05,309.43,51.46,115.17,25.4,55543
1375,1375,Standard,All bedrooms,Louth,1088.33,15833,139703,1138.005769,0.068738079,1150.85,237.05,309.43,51.46,115.17,25.4,55543
1376,1376,Standard,1 to 3 bed,Louth,1061.08,15833,139703,1138.005769,0.06701699,1119.1775,237.05,309.43,51.46,115.17,25.4,55543
1377,1377,Standard,Two bed,Louth,1057.66,15833,139703,1138.005769,0.066800985,1093.3725,237.05,309.43,51.46,115.17,25.4,55543
1378,1378,Standard,1 to 2 bed,Louth,1055.88,15833,139703,1138.005769,0.066688562,1026.32,237.05,309.43,51.46,115.17,25.4,55543
1379,1379,Standard,1 to 2 bed,Louth,1012.45,15833,139703,1138.005769,0.063945557,1026.32,237.05,309.43,51.46,115.17,25.4,55543
1380,1380,Standard,Two bed,Louth,1001.19,15833,139703,1138.005769,0.063234384,1093.3725,237.05,309.43,51.46,115.17,25.4,55543
1381,1381,Standard,One bed,Louth,969.84,15833,139703,1138.005769,0.061254342,899.0333333,237.05,309.43,51.46,115.17,25.4,55543
1382,1382,Standard,1 to 2 bed,Louth,920.4,15833,139703,1138.005769,0.05813175,1026.32,237.05,309.43,51.46,115.17,25.4,55543
1383,1383,Standard,One bed,Louth,908.19,15833,139703,1138.005769,0.057360576,899.0333333,237.05,309.43,51.46,115.17,25.4,55543
1384,1384,Budget,One bed,Louth,819.07,15833,139703,1138.005769,0.051731826,899.0333333,237.05,309.43,51.46,115.17,25.4,55543
1385,1385,Standard,Four plus bed,Mayo,1258.83,10600,137970,755.4432203,0.118757547,949.3333333,158.65,261.31,59.52,136.57,25.07,50725
1386,1386,Standard,Four plus bed,Mayo,1021.15,10600,137970,755.4432203,0.096334906,949.3333333,158.65,261.31,59.52,136.57,25.07,50725
1387,1387,Standard,All bedrooms,Mayo,1001.96,10600,137970,755.4432203,0.094524528,757.1845455,158.65,261.31,59.52,136.57,25.07,50725
1388,1388,Standard,Two bed,Mayo,991.72,10600,137970,755.4432203,0.093558491,722.8588889,158.65,261.31,59.52,136.57,25.07,50725
1389,1389,Standard,Three bed,Mayo,979.25,10600,137970,755.4432203,0.092382075,803.9077778,158.65,261.31,59.52,136.57,25.07,50725
1390,1390,Standard,1 to 3 bed,Mayo,956.8,10600,137970,755.4432203,0.090264151,725.8945455,158.65,261.31,59.52,136.57,25.07,50725
1391,1391,Standard,1 to 2 bed,Mayo,947.69,10600,137970,755.4432203,0.089404717,696.6166667,158.65,261.31,59.52,136.57,25.07,50725
1392,1392,Standard,Three bed,Mayo,934.04,10600,137970,755.4432203,0.088116981,803.9077778,158.65,261.31,59.52,136.57,25.07,50725
1393,1393,Standard,Four plus bed,Mayo,910.5,10600,137970,755.4432203,0.085896226,949.3333333,158.65,261.31,59.52,136.57,25.07,50725
1394,1394,Standard,All bedrooms,Mayo,890.55,10600,137970,755.4432203,0.084014151,757.1845455,158.65,261.31,59.52,136.57,25.07,50725
1395,1395,Standard,Four plus bed,Mayo,889.62,10600,137970,755.4432203,0.083926415,949.3333333,158.65,261.31,59.52,136.57,25.07,50725
1396,1396,Budget,1 to 3 bed,Mayo,857.52,10600,137970,755.4432203,0.080898113,725.8945455,158.65,261.31,59.52,136.57,25.07,50725
1397,1397,Budget,Two bed,Mayo,834.8,10600,137970,755.4432203,0.078754717,722.8588889,158.65,261.31,59.52,136.57,25.07,50725
1398,1398,Budget,Three bed,Mayo,827.07,10600,137970,755.4432203,0.078025472,803.9077778,158.65,261.31,59.52,136.57,25.07,50725
1399,1399,Budget,All bedrooms,Mayo,814.62,10600,137970,755.4432203,0.076850943,757.1845455,158.65,261.31,59.52,136.57,25.07,50725
1400,1400,Budget,Four plus bed,Mayo,810.38,10600,137970,755.4432203,0.076450943,949.3333333,158.65,261.31,59.52,136.57,25.07,50725
1401,1401,Budget,Four plus bed,Mayo,805.52,10600,137970,755.4432203,0.075992453,949.3333333,158.65,261.31,59.52,136.57,25.07,50725
1402,1402,Budget,1 to 2 bed,Mayo,799.03,10600,137970,755.4432203,0.075380189,696.6166667,158.65,261.31,59.52,136.57,25.07,50725
1403,1403,Budget,All bedrooms,Mayo,796.53,10600,137970,755.4432203,0.07514434,757.1845455,158.65,261.31,59.52,136.57,25.07,50725
1404,1404,Budget,Two bed,Mayo,787.63,10600,137970,755.4432203,0.074304717,722.8588889,158.65,261.31,59.52,136.57,25.07,50725
1405,1405,Budget,1 to 3 bed,Mayo,787.06,10600,137970,755.4432203,0.074250943,725.8945455,158.65,261.31,59.52,136.57,25.07,50725
1406,1406,Budget,Two bed,Mayo,786.58,10600,137970,755.4432203,0.07420566,722.8588889,158.65,261.31,59.52,136.57,25.07,50725
1407,1407,Budget,Three bed,Mayo,782.7,10600,137970,755.4432203,0.073839623,803.9077778,158.65,261.31,59.52,136.57,25.07,50725
1408,1408,Budget,Three bed,Mayo,777.0,10600,137970,755.4432203,0.073301887,803.9077778,158.65,261.31,59.52,136.57,25.07,50725
1409,1409,Budget,Three bed,Mayo,774.26,10600,137970,755.4432203,0.073043396,803.9077778,158.65,261.31,59.52,136.57,25.07,50725
1410,1410,Budget,1 to 3 bed,Mayo,763.85,10600,137970,755.4432203,0.072061321,725.8945455,158.65,261.31,59.52,136.57,25.07,50725
1411,1411,Budget,1 to 2 bed,Mayo,754.28,10600,137970,755.4432203,0.071158491,696.6166667,158.65,261.31,59.52,136.57,25.07,50725
1412,1412,Budget,Three bed,Mayo,753.15,10600,137970,755.4432203,0.071051887,803.9077778,158.65,261.31,59.52,136.57,25.07,50725
1413,1413,Budget,1 to 2 bed,Mayo,739.49,10600,137970,755.4432203,0.069763208,696.6166667,158.65,261.31,59.52,136.57,25.07,50725
1414,1414,Budget,All bedrooms,Mayo,733.16,10600,137970,755.4432203,0.069166038,757.1845455,158.65,261.31,59.52,136.57,25.07,50725
1415,1415,Budget,All bedrooms,Mayo,728.14,10600,137970,755.4432203,0.068692453,757.1845455,158.65,261.31,59.52,136.57,25.07,50725
1416,1416,Budget,All bedrooms,Mayo,714.2,10600,137970,755.4432203,0.067377358,757.1845455,158.65,261.31,59.52,136.57,25.07,50725
1417,1417,Budget,1 to 3 bed,Mayo,708.54,10600,137970,755.4432203,0.066843396,725.8945455,158.65,261.31,59.52,136.57,25.07,50725
1418,1418,Budget,Three bed,Mayo,705.82,10600,137970,755.4432203,0.066586792,803.9077778,158.65,261.31,59.52,136.57,25.07,50725
1419,1419,Budget,1 to 3 bed,Mayo,705.26,10600,137970,755.4432203,0.066533962,725.8945455,158.65,261.31,59.52,136.57,25.07,50725
1420,1420,Budget,Three bed,Mayo,701.88,10600,137970,755.4432203,0.066215094,803.9077778,158.65,261.31,59.52,136.57,25.07,50725
1421,1421,Budget,All bedrooms,Mayo,701.12,10600,137970,755.4432203,0.066143396,757.1845455,158.65,261.31,59.52,136.57,25.07,50725
1422,1422,Budget,One bed,Mayo,699.32,10600,137970,755.4432203,0.065973585,637.7075,158.65,261.31,59.52,136.57,25.07,50725
1423,1423,Budget,1 to 3 bed,Mayo,690.91,10600,137970,755.4432203,0.065180189,725.8945455,158.65,261.31,59.52,136.57,25.07,50725
1424,1424,Budget,All bedrooms,Mayo,683.93,10600,137970,755.4432203,0.064521698,757.1845455,158.65,261.31,59.52,136.57,25.07,50725
1425,1425,Budget,1 to 3 bed,Mayo,674.05,10600,137970,755.4432203,0.063589623,725.8945455,158.65,261.31,59.52,136.57,25.07,50725
1426,1426,Budget,One bed,Mayo,672.64,10600,137970,755.4432203,0.063456604,637.7075,158.65,261.31,59.52,136.57,25.07,50725
1427,1427,Budget,Two bed,Mayo,664.28,10600,137970,755.4432203,0.062667925,722.8588889,158.65,261.31,59.52,136.57,25.07,50725
1428,1428,Budget,1 to 3 bed,Mayo,661.59,10600,137970,755.4432203,0.062414151,725.8945455,158.65,261.31,59.52,136.57,25.07,50725
1429,1429,Budget,All bedrooms,Mayo,648.72,10600,137970,755.4432203,0.0612,757.1845455,158.65,261.31,59.52,136.57,25.07,50725
1430,1430,Budget,Two bed,Mayo,646.5,10600,137970,755.4432203,0.060990566,722.8588889,158.65,261.31,59.52,136.57,25.07,50725
1431,1431,Budget,1 to 2 bed,Mayo,641.45,10600,137970,755.4432203,0.060514151,696.6166667,158.65,261.31,59.52,136.57,25.07,50725
1432,1432,Budget,One bed,Mayo,634.18,10600,137970,755.4432203,0.059828302,637.7075,158.65,261.31,59.52,136.57,25.07,50725
1433,1433,Budget,1 to 3 bed,Mayo,627.24,10600,137970,755.4432203,0.059173585,725.8945455,158.65,261.31,59.52,136.57,25.07,50725
1434,1434,Budget,Two bed,Mayo,627.0,10600,137970,755.4432203,0.059150943,722.8588889,158.65,261.31,59.52,136.57,25.07,50725
1435,1435,Budget,1 to 2 bed,Mayo,624.85,10600,137970,755.4432203,0.058948113,696.6166667,158.65,261.31,59.52,136.57,25.07,50725
1436,1436,Budget,All bedrooms,Mayo,616.1,10600,137970,755.4432203,0.058122642,757.1845455,158.65,261.31,59.52,136.57,25.07,50725
1437,1437,Budget,1 to 2 bed,Mayo,613.97,10600,137970,755.4432203,0.057921698,696.6166667,158.65,261.31,59.52,136.57,25.07,50725
1438,1438,Budget,Two bed,Mayo,601.51,10600,137970,755.4432203,0.056746226,722.8588889,158.65,261.31,59.52,136.57,25.07,50725
1439,1439,Budget,1 to 2 bed,Mayo,598.97,10600,137970,755.4432203,0.056506604,696.6166667,158.65,261.31,59.52,136.57,25.07,50725
1440,1440,Budget,Two bed,Mayo,565.71,10600,137970,755.4432203,0.053368868,722.8588889,158.65,261.31,59.52,136.57,25.07,50725
1441,1441,Budget,1 to 3 bed,Mayo,552.02,10600,137970,755.4432203,0.052077358,725.8945455,158.65,261.31,59.52,136.57,25.07,50725
1442,1442,Budget,1 to 2 bed,Mayo,549.82,10600,137970,755.4432203,0.051869811,696.6166667,158.65,261.31,59.52,136.57,25.07,50725
1443,1443,Budget,One bed,Mayo,544.69,10600,137970,755.4432203,0.051385849,637.7075,158.65,261.31,59.52,136.57,25.07,50725
1444,1444,Luxury,Four plus bed,Meath,1942.57,16890,220826,1266.152073,0.115013025,1480.916667,334.13,529.26,118.6,276.81,56.22,66250
1445,1445,Luxury,Three bed,Meath,1717.03,16890,220826,1266.152073,0.101659562,1408.851538,334.13,529.26,118.6,276.81,56.22,66250
1446,1446,Luxury,Three bed,Meath,1706.78,16890,220826,1266.152073,0.101052694,1408.851538,334.13,529.26,118.6,276.81,56.22,66250
1447,1447,Standard,Three bed,Meath,1601.42,16890,220826,1266.152073,0.094814683,1408.851538,334.13,529.26,118.6,276.81,56.22,66250
1448,1448,Standard,Three bed,Meath,1591.44,16890,220826,1266.152073,0.094223801,1408.851538,334.13,529.26,118.6,276.81,56.22,66250
1449,1449,Standard,All bedrooms,Meath,1571.91,16890,220826,1266.152073,0.093067496,1312.714375,334.13,529.26,118.6,276.81,56.22,66250
1450,1450,Standard,Four plus bed,Meath,1534.23,16890,220826,1266.152073,0.09083659,1480.916667,334.13,529.26,118.6,276.81,56.22,66250
1451,1451,Standard,1 to 3 bed,Meath,1501.43,16890,220826,1266.152073,0.088894612,1254.476875,334.13,529.26,118.6,276.81,56.22,66250
1452,1452,Standard,All bedrooms,Meath,1499.34,16890,220826,1266.152073,0.08877087,1312.714375,334.13,529.26,118.6,276.81,56.22,66250
1453,1453,Standard,All bedrooms,Meath,1483.06,16890,220826,1266.152073,0.087806986,1312.714375,334.13,529.26,118.6,276.81,56.22,66250
1454,1454,Standard,Two bed,Meath,1464.12,16890,220826,1266.152073,0.086685613,1223.278462,334.13,529.26,118.6,276.81,56.22,66250
1455,1455,Standard,Three bed,Meath,1464.0,16890,220826,1266.152073,0.086678508,1408.851538,334.13,529.26,118.6,276.81,56.22,66250
1456,1456,Standard,Two bed,Meath,1439.83,16890,220826,1266.152073,0.085247484,1223.278462,334.13,529.26,118.6,276.81,56.22,66250
1457,1457,Standard,Four plus bed,Meath,1434.93,16890,220826,1266.152073,0.084957371,1480.916667,334.13,529.26,118.6,276.81,56.22,66250
1458,1458,Standard,1 to 3 bed,Meath,1429.98,16890,220826,1266.152073,0.084664298,1254.476875,334.13,529.26,118.6,276.81,56.22,66250
1459,1459,Standard,All bedrooms,Meath,1429.57,16890,220826,1266.152073,0.084640024,1312.714375,334.13,529.26,118.6,276.81,56.22,66250
1460,1460,Standard,Four plus bed,Meath,1429.21,16890,220826,1266.152073,0.084618709,1480.916667,334.13,529.26,118.6,276.81,56.22,66250
1461,1461,Standard,1 to 3 bed,Meath,1428.18,16890,220826,1266.152073,0.084557726,1254.476875,334.13,529.26,118.6,276.81,56.22,66250
1462,1462,Standard,All bedrooms,Meath,1414.01,16890,220826,1266.152073,0.083718769,1312.714375,334.13,529.26,118.6,276.81,56.22,66250
1463,1463,Standard,All bedrooms,Meath,1413.13,16890,220826,1266.152073,0.083666667,1312.714375,334.13,529.26,118.6,276.81,56.22,66250
1464,1464,Standard,Two bed,Meath,1406.2,16890,220826,1266.152073,0.083256365,1223.278462,334.13,529.26,118.6,276.81,56.22,66250
1465,1465,Standard,All bedrooms,Meath,1404.94,16890,220826,1266.152073,0.083181764,1312.714375,334.13,529.26,118.6,276.81,56.22,66250
1466,1466,Standard,1 to 3 bed,Meath,1398.72,16890,220826,1266.152073,0.082813499,1254.476875,334.13,529.26,118.6,276.81,56.22,66250
1467,1467,Standard,Three bed,Meath,1393.29,16890,220826,1266.152073,0.082492007,1408.851538,334.13,529.26,118.6,276.81,56.22,66250
1468,1468,Standard,1 to 2 bed,Meath,1381.23,16890,220826,1266.152073,0.081777975,1164.303077,334.13,529.26,118.6,276.81,56.22,66250
1469,1469,Standard,1 to 2 bed,Meath,1367.46,16890,220826,1266.152073,0.0809627,1164.303077,334.13,529.26,118.6,276.81,56.22,66250
1470,1470,Standard,Three bed,Meath,1363.73,16890,220826,1266.152073,0.080741859,1408.851538,334.13,529.26,118.6,276.81,56.22,66250
1471,1471,Standard,1 to 2 bed,Meath,1357.36,16890,220826,1266.152073,0.080364713,1164.303077,334.13,529.26,118.6,276.81,56.22,66250
1472,1472,Standard,Three bed,Meath,1356.67,16890,220826,1266.152073,0.08032386,1408.851538,334.13,529.26,118.6,276.81,56.22,66250
1473,1473,Standard,Two bed,Meath,1356.41,16890,220826,1266.152073,0.080308467,1223.278462,334.13,529.26,118.6,276.81,56.22,66250
1474,1474,Standard,1 to 3 bed,Meath,1350.82,16890,220826,1266.152073,0.079977501,1254.476875,334.13,529.26,118.6,276.81,56.22,66250
1475,1475,Standard,All bedrooms,Meath,1347.27,16890,220826,1266.152073,0.079767318,1312.714375,334.13,529.26,118.6,276.81,56.22,66250
1476,1476,Standard,Three bed,Meath,1345.37,16890,220826,1266.152073,0.079654825,1408.851538,334.13,529.26,118.6,276.81,56.22,66250
1477,1477,Standard,1 to 3 bed,Meath,1343.75,16890,220826,1266.152073,0.079558911,1254.476875,334.13,529.26,118.6,276.81,56.22,66250
1478,1478,Standard,1 to 2 bed,Meath,1336.47,16890,220826,1266.152073,0.079127886,1164.303077,334.13,529.26,118.6,276.81,56.22,66250
1479,1479,Standard,1 to 3 bed,Meath,1333.93,16890,220826,1266.152073,0.078977501,1254.476875,334.13,529.26,118.6,276.81,56.22,66250
1480,1480,Standard,Four plus bed,Meath,1316.57,16890,220826,1266.152073,0.077949674,1480.916667,334.13,529.26,118.6,276.81,56.22,66250
1481,1481,Standard,All bedrooms,Meath,1301.96,16890,220826,1266.152073,0.077084665,1312.714375,334.13,529.26,118.6,276.81,56.22,66250
1482,1482,Standard,Two bed,Meath,1279.29,16890,220826,1266.152073,0.075742451,1223.278462,334.13,529.26,118.6,276.81,56.22,66250
1483,1483,Standard,All bedrooms,Meath,1278.71,16890,220826,1266.152073,0.075708111,1312.714375,334.13,529.26,118.6,276.81,56.22,66250
1484,1484,Standard,Three bed,Meath,1263.55,16890,220826,1266.152073,0.074810539,1408.851538,334.13,529.26,118.6,276.81,56.22,66250
1485,1485,Standard,1 to 3 bed,Meath,1262.17,16890,220826,1266.152073,0.074728834,1254.476875,334.13,529.26,118.6,276.81,56.22,66250
1486,1486,Standard,Two bed,Meath,1257.35,16890,220826,1266.152073,0.074443458,1223.278462,334.13,529.26,118.6,276.81,56.22,66250
1487,1487,Standard,1 to 3 bed,Meath,1254.54,16890,220826,1266.152073,0.074277087,1254.476875,334.13,529.26,118.6,276.81,56.22,66250
1488,1488,Standard,1 to 2 bed,Meath,1240.24,16890,220826,1266.152073,0.073430432,1164.303077,334.13,529.26,118.6,276.81,56.22,66250
1489,1489,Standard,All bedrooms,Meath,1239.53,16890,220826,1266.152073,0.073388396,1312.714375,334.13,529.26,118.6,276.81,56.22,66250
1490,1490,Standard,Four plus bed,Meath,1227.99,16890,220826,1266.152073,0.072705151,1480.916667,334.13,529.26,118.6,276.81,56.22,66250
1491,1491,Standard,1 to 3 bed,Meath,1226.55,16890,220826,1266.152073,0.072619893,1254.476875,334.13,529.26,118.6,276.81,56.22,66250
1492,1492,Standard,All bedrooms,Meath,1222.53,16890,220826,1266.152073,0.072381883,1312.714375,334.13,529.26,118.6,276.81,56.22,66250
1493,1493,Standard,Three bed,Meath,1219.73,16890,220826,1266.152073,0.072216104,1408.851538,334.13,529.26,118.6,276.81,56.22,66250
1494,1494,Standard,Three bed,Meath,1219.55,16890,220826,1266.152073,0.072205447,1408.851538,334.13,529.26,118.6,276.81,56.22,66250
1495,1495,Standard,1 to 2 bed,Meath,1219.47,16890,220826,1266.152073,0.07220071,1164.303077,334.13,529.26,118.6,276.81,56.22,66250
1496,1496,Standard,Two bed,Meath,1211.51,16890,220826,1266.152073,0.071729426,1223.278462,334.13,529.26,118.6,276.81,56.22,66250
1497,1497,Standard,Two bed,Meath,1206.77,16890,220826,1266.152073,0.071448786,1223.278462,334.13,529.26,118.6,276.81,56.22,66250
1498,1498,Standard,1 to 3 bed,Meath,1198.93,16890,220826,1266.152073,0.070984606,1254.476875,334.13,529.26,118.6,276.81,56.22,66250
1499,1499,Standard,1 to 3 bed,Meath,1188.84,16890,220826,1266.152073,0.070387211,1254.476875,334.13,529.26,118.6,276.81,56.22,66250
1500,1500,Standard,1 to 2 bed,Meath,1181.38,16890,220826,1266.152073,0.06994553,1164.303077,334.13,529.26,118.6,276.81,56.22,66250
1501,1501,Standard,Two bed,Meath,1175.65,16890,220826,1266.152073,0.069606276,1223.278462,334.13,529.26,118.6,276.81,56.22,66250
1502,1502,Standard,All bedrooms,Meath,1160.01,16890,220826,1266.152073,0.068680284,1312.714375,334.13,529.26,118.6,276.81,56.22,66250
1503,1503,Standard,All bedrooms,Meath,1138.06,16890,220826,1266.152073,0.067380699,1312.714375,334.13,529.26,118.6,276.81,56.22,66250
1504,1504,Standard,One bed,Meath,1137.59,16890,220826,1266.152073,0.067352872,902.056,334.13,529.26,118.6,276.81,56.22,66250
1505,1505,Standard,1 to 2 bed,Meath,1137.02,16890,220826,1266.152073,0.067319124,1164.303077,334.13,529.26,118.6,276.81,56.22,66250
1506,1506,Standard,Two bed,Meath,1105.85,16890,220826,1266.152073,0.065473653,1223.278462,334.13,529.26,118.6,276.81,56.22,66250
1507,1507,Standard,1 to 2 bed,Meath,1098.43,16890,220826,1266.152073,0.06503434,1164.303077,334.13,529.26,118.6,276.81,56.22,66250
1508,1508,Standard,1 to 3 bed,Meath,1091.38,16890,220826,1266.152073,0.064616933,1254.476875,334.13,529.26,118.6,276.81,56.22,66250
1509,1509,Standard,1 to 3 bed,Meath,1090.58,16890,220826,1266.152073,0.064569568,1254.476875,334.13,529.26,118.6,276.81,56.22,66250
1510,1510,Standard,Three bed,Meath,1072.51,16890,220826,1266.152073,0.063499704,1408.851538,334.13,529.26,118.6,276.81,56.22,66250
1511,1511,Standard,Two bed,Meath,1062.16,16890,220826,1266.152073,0.062886915,1223.278462,334.13,529.26,118.6,276.81,56.22,66250
1512,1512,Standard,All bedrooms,Meath,1054.56,16890,220826,1266.152073,0.062436945,1312.714375,334.13,529.26,118.6,276.81,56.22,66250
1513,1513,Standard,All bedrooms,Meath,1044.84,16890,220826,1266.152073,0.061861456,1312.714375,334.13,529.26,118.6,276.81,56.22,66250
1514,1514,Standard,Two bed,Meath,994.44,16890,220826,1266.152073,0.058877442,1223.278462,334.13,529.26,118.6,276.81,56.22,66250
1515,1515,Standard,1 to 2 bed,Meath,991.23,16890,220826,1266.152073,0.058687389,1164.303077,334.13,529.26,118.6,276.81,56.22,66250
1516,1516,Standard,1 to 3 bed,Meath,987.45,16890,220826,1266.152073,0.058463588,1254.476875,334.13,529.26,118.6,276.81,56.22,66250
1517,1517,Standard,1 to 3 bed,Meath,984.38,16890,220826,1266.152073,0.058281824,1254.476875,334.13,529.26,118.6,276.81,56.22,66250
1518,1518,Standard,1 to 2 bed,Meath,973.32,16890,220826,1266.152073,0.057626998,1164.303077,334.13,529.26,118.6,276.81,56.22,66250
1519,1519,Standard,Two bed,Meath,943.04,16890,220826,1266.152073,0.055834221,1223.278462,334.13,529.26,118.6,276.81,56.22,66250
1520,1520,Standard,1 to 2 bed,Meath,929.16,16890,220826,1266.152073,0.055012433,1164.303077,334.13,529.26,118.6,276.81,56.22,66250
1521,1521,Standard,1 to 2 bed,Meath,923.17,16890,220826,1266.152073,0.054657786,1164.303077,334.13,529.26,118.6,276.81,56.22,66250
1522,1522,Standard,One bed,Meath,921.12,16890,220826,1266.152073,0.054536412,902.056,334.13,529.26,118.6,276.81,56.22,66250
1523,1523,Standard,One bed,Meath,886.22,16890,220826,1266.152073,0.052470101,902.056,334.13,529.26,118.6,276.81,56.22,66250
1524,1524,Budget,One bed,Meath,823.12,16890,220826,1266.152073,0.048734162,902.056,334.13,529.26,118.6,276.81,56.22,66250
1525,1525,Budget,One bed,Meath,742.23,16890,220826,1266.152073,0.043944938,902.056,334.13,529.26,118.6,276.81,56.22,66250
1526,1526,Standard,Four plus bed,Monaghan,1051.53,10500,65288,777.0044828,0.100145714,984.03,94.91,110.98,24.57,57.49,13.13,51642
1527,1527,Standard,Four plus bed,Monaghan,1000.95,10500,65288,777.0044828,0.095328571,984.03,94.91,110.98,24.57,57.49,13.13,51642
1528,1528,Standard,Four plus bed,Monaghan,899.61,10500,65288,777.0044828,0.085677143,984.03,94.91,110.98,24.57,57.49,13.13,51642
1529,1529,Standard,One bed,Monaghan,892.62,10500,65288,777.0044828,0.085011429,733.5533333,94.91,110.98,24.57,57.49,13.13,51642
1530,1530,Standard,All bedrooms,Monaghan,892.03,10500,65288,777.0044828,0.084955238,773.912,94.91,110.98,24.57,57.49,13.13,51642
1531,1531,Budget,Three bed,Monaghan,848.93,10500,65288,777.0044828,0.080850476,783.194,94.91,110.98,24.57,57.49,13.13,51642
1532,1532,Budget,Three bed,Monaghan,826.61,10500,65288,777.0044828,0.078724762,783.194,94.91,110.98,24.57,57.49,13.13,51642
1533,1533,Budget,1 to 3 bed,Monaghan,826.23,10500,65288,777.0044828,0.078688571,743.522,94.91,110.98,24.57,57.49,13.13,51642
1534,1534,Budget,Two bed,Monaghan,809.21,10500,65288,777.0044828,0.077067619,733.5125,94.91,110.98,24.57,57.49,13.13,51642
1535,1535,Budget,All bedrooms,Monaghan,796.32,10500,65288,777.0044828,0.07584,773.912,94.91,110.98,24.57,57.49,13.13,51642
1536,1536,Budget,1 to 2 bed,Monaghan,795.71,10500,65288,777.0044828,0.075781905,735.7975,94.91,110.98,24.57,57.49,13.13,51642
1537,1537,Budget,1 to 3 bed,Monaghan,786.3,10500,65288,777.0044828,0.074885714,743.522,94.91,110.98,24.57,57.49,13.13,51642
1538,1538,Budget,Three bed,Monaghan,773.42,10500,65288,777.0044828,0.073659048,783.194,94.91,110.98,24.57,57.49,13.13,51642
1539,1539,Budget,Three bed,Monaghan,767.06,10500,65288,777.0044828,0.073053333,783.194,94.91,110.98,24.57,57.49,13.13,51642
1540,1540,Budget,All bedrooms,Monaghan,762.22,10500,65288,777.0044828,0.072592381,773.912,94.91,110.98,24.57,57.49,13.13,51642
1541,1541,Budget,All bedrooms,Monaghan,759.44,10500,65288,777.0044828,0.072327619,773.912,94.91,110.98,24.57,57.49,13.13,51642
1542,1542,Budget,1 to 2 bed,Monaghan,754.27,10500,65288,777.0044828,0.071835238,735.7975,94.91,110.98,24.57,57.49,13.13,51642
1543,1543,Budget,Two bed,Monaghan,729.69,10500,65288,777.0044828,0.069494286,733.5125,94.91,110.98,24.57,57.49,13.13,51642
1544,1544,Budget,1 to 3 bed,Monaghan,729.44,10500,65288,777.0044828,0.069470476,743.522,94.91,110.98,24.57,57.49,13.13,51642
1545,1545,Budget,1 to 3 bed,Monaghan,725.54,10500,65288,777.0044828,0.069099048,743.522,94.91,110.98,24.57,57.49,13.13,51642
1546,1546,Budget,Two bed,Monaghan,703.76,10500,65288,777.0044828,0.067024762,733.5125,94.91,110.98,24.57,57.49,13.13,51642
1547,1547,Budget,Three bed,Monaghan,699.95,10500,65288,777.0044828,0.066661905,783.194,94.91,110.98,24.57,57.49,13.13,51642
1548,1548,Budget,1 to 2 bed,Monaghan,698.09,10500,65288,777.0044828,0.066484762,735.7975,94.91,110.98,24.57,57.49,13.13,51642
1549,1549,Budget,1 to 2 bed,Monaghan,695.12,10500,65288,777.0044828,0.066201905,735.7975,94.91,110.98,24.57,57.49,13.13,51642
1550,1550,Budget,Two bed,Monaghan,691.39,10500,65288,777.0044828,0.065846667,733.5125,94.91,110.98,24.57,57.49,13.13,51642
1551,1551,Budget,One bed,Monaghan,673.6,10500,65288,777.0044828,0.064152381,733.5533333,94.91,110.98,24.57,57.49,13.13,51642
1552,1552,Budget,All bedrooms,Monaghan,659.55,10500,65288,777.0044828,0.062814286,773.912,94.91,110.98,24.57,57.49,13.13,51642
1553,1553,Budget,1 to 3 bed,Monaghan,650.1,10500,65288,777.0044828,0.061914286,743.522,94.91,110.98,24.57,57.49,13.13,51642
1554,1554,Budget,One bed,Monaghan,634.44,10500,65288,777.0044828,0.060422857,733.5533333,94.91,110.98,24.57,57.49,13.13,51642
1555,1555,Standard,Four plus bed,Offaly,1163.9,12042,83150,865.0164516,0.09665338,1135.925,85.55,315.39,29.86,52.38,7.27,56021
1556,1556,Standard,Four plus bed,Offaly,1107.95,12042,83150,865.0164516,0.092007142,1135.925,85.55,315.39,29.86,52.38,7.27,56021
1557,1557,Standard,Three bed,Offaly,1075.98,12042,83150,865.0164516,0.089352267,971.222,85.55,315.39,29.86,52.38,7.27,56021
1558,1558,Standard,Three bed,Offaly,1050.08,12042,83150,865.0164516,0.087201462,971.222,85.55,315.39,29.86,52.38,7.27,56021
1559,1559,Standard,All bedrooms,Offaly,1027.33,12042,83150,865.0164516,0.08531224,878.2833333,85.55,315.39,29.86,52.38,7.27,56021
1560,1560,Standard,1 to 3 bed,Offaly,995.43,12042,83150,865.0164516,0.082663179,847.985,85.55,315.39,29.86,52.38,7.27,56021
1561,1561,Standard,Two bed,Offaly,992.89,12042,83150,865.0164516,0.08245225,847.4525,85.55,315.39,29.86,52.38,7.27,56021
1562,1562,Standard,Three bed,Offaly,981.76,12042,83150,865.0164516,0.081527985,971.222,85.55,315.39,29.86,52.38,7.27,56021
1563,1563,Standard,All bedrooms,Offaly,955.48,12042,83150,865.0164516,0.079345624,878.2833333,85.55,315.39,29.86,52.38,7.27,56021
1564,1564,Standard,Three bed,Offaly,945.54,12042,83150,865.0164516,0.078520179,971.222,85.55,315.39,29.86,52.38,7.27,56021
1565,1565,Standard,All bedrooms,Offaly,924.07,12042,83150,865.0164516,0.076737253,878.2833333,85.55,315.39,29.86,52.38,7.27,56021
1566,1566,Standard,1 to 3 bed,Offaly,923.77,12042,83150,865.0164516,0.07671234,847.985,85.55,315.39,29.86,52.38,7.27,56021
1567,1567,Standard,1 to 2 bed,Offaly,914.57,12042,83150,865.0164516,0.075948347,769.98,85.55,315.39,29.86,52.38,7.27,56021
1568,1568,Standard,All bedrooms,Offaly,902.76,12042,83150,865.0164516,0.074967613,878.2833333,85.55,315.39,29.86,52.38,7.27,56021
1569,1569,Standard,1 to 3 bed,Offaly,891.23,12042,83150,865.0164516,0.074010131,847.985,85.55,315.39,29.86,52.38,7.27,56021
1570,1570,Standard,1 to 3 bed,Offaly,877.98,12042,83150,865.0164516,0.072909816,847.985,85.55,315.39,29.86,52.38,7.27,56021
1571,1571,Budget,Two bed,Offaly,858.23,12042,83150,865.0164516,0.071269723,847.4525,85.55,315.39,29.86,52.38,7.27,56021
1572,1572,Budget,Two bed,Offaly,827.8,12042,83150,865.0164516,0.068742734,847.4525,85.55,315.39,29.86,52.38,7.27,56021
1573,1573,Budget,1 to 2 bed,Offaly,806.53,12042,83150,865.0164516,0.066976416,769.98,85.55,315.39,29.86,52.38,7.27,56021
1574,1574,Budget,1 to 2 bed,Offaly,804.69,12042,83150,865.0164516,0.066823617,769.98,85.55,315.39,29.86,52.38,7.27,56021
1575,1575,Budget,Three bed,Offaly,802.75,12042,83150,865.0164516,0.066662515,971.222,85.55,315.39,29.86,52.38,7.27,56021
1576,1576,Budget,One bed,Offaly,765.21,12042,83150,865.0164516,0.063545092,696.7433333,85.55,315.39,29.86,52.38,7.27,56021
1577,1577,Budget,All bedrooms,Offaly,736.26,12042,83150,865.0164516,0.061141006,878.2833333,85.55,315.39,29.86,52.38,7.27,56021
1578,1578,Budget,All bedrooms,Offaly,723.8,12042,83150,865.0164516,0.060106295,878.2833333,85.55,315.39,29.86,52.38,7.27,56021
1579,1579,Budget,1 to 3 bed,Offaly,720.52,12042,83150,865.0164516,0.059833915,847.985,85.55,315.39,29.86,52.38,7.27,56021
1580,1580,Budget,Two bed,Offaly,710.89,12042,83150,865.0164516,0.059034214,847.4525,85.55,315.39,29.86,52.38,7.27,56021
1581,1581,Budget,One bed,Offaly,699.8,12042,83150,865.0164516,0.05811327,696.7433333,85.55,315.39,29.86,52.38,7.27,56021
1582,1582,Budget,1 to 3 bed,Offaly,678.98,12042,83150,865.0164516,0.056384322,847.985,85.55,315.39,29.86,52.38,7.27,56021
1583,1583,Budget,1 to 2 bed,Offaly,677.02,12042,83150,865.0164516,0.056221558,769.98,85.55,315.39,29.86,52.38,7.27,56021
1584,1584,Budget,1 to 2 bed,Offaly,647.09,12042,83150,865.0164516,0.05373609,769.98,85.55,315.39,29.86,52.38,7.27,56021
1585,1585,Budget,One bed,Offaly,625.22,12042,83150,865.0164516,0.051919947,696.7433333,85.55,315.39,29.86,52.38,7.27,56021
1586,1586,Standard,Four plus bed,Roscommon,1144.66,9000,70259,765.78875,0.127184444,899.708,87.07,69.21,25.23,25.76,8.88,52500
1587,1587,Standard,Three bed,Roscommon,1100.66,9000,70259,765.78875,0.122295556,815.9085714,87.07,69.21,25.23,25.76,8.88,52500
1588,1588,Standard,All bedrooms,Roscommon,1086.1,9000,70259,765.78875,0.120677778,776.2628571,87.07,69.21,25.23,25.76,8.88,52500
1589,1589,Standard,1 to 3 bed,Roscommon,1066.17,9000,70259,765.78875,0.118463333,751.9642857,87.07,69.21,25.23,25.76,8.88,52500
1590,1590,Standard,1 to 2 bed,Roscommon,1016.81,9000,70259,765.78875,0.112978889,700.405,87.07,69.21,25.23,25.76,8.88,52500
1591,1591,Standard,Two bed,Roscommon,1013.6,9000,70259,765.78875,0.112622222,727.1866667,87.07,69.21,25.23,25.76,8.88,52500
1592,1592,Standard,Four plus bed,Roscommon,964.3,9000,70259,765.78875,0.107144444,899.708,87.07,69.21,25.23,25.76,8.88,52500
1593,1593,Standard,Four plus bed,Roscommon,897.82,9000,70259,765.78875,0.099757778,899.708,87.07,69.21,25.23,25.76,8.88,52500
1594,1594,Standard,Three bed,Roscommon,882.63,9000,70259,765.78875,0.09807,815.9085714,87.07,69.21,25.23,25.76,8.88,52500
1595,1595,Budget,All bedrooms,Roscommon,832.03,9000,70259,765.78875,0.092447778,776.2628571,87.07,69.21,25.23,25.76,8.88,52500
1596,1596,Budget,Three bed,Roscommon,830.26,9000,70259,765.78875,0.092251111,815.9085714,87.07,69.21,25.23,25.76,8.88,52500
1597,1597,Budget,All bedrooms,Roscommon,800.55,9000,70259,765.78875,0.08895,776.2628571,87.07,69.21,25.23,25.76,8.88,52500
1598,1598,Budget,Four plus bed,Roscommon,799.26,9000,70259,765.78875,0.088806667,899.708,87.07,69.21,25.23,25.76,8.88,52500
1599,1599,Budget,Three bed,Roscommon,787.94,9000,70259,765.78875,0.087548889,815.9085714,87.07,69.21,25.23,25.76,8.88,52500
1600,1600,Budget,1 to 3 bed,Roscommon,771.24,9000,70259,765.78875,0.085693333,751.9642857,87.07,69.21,25.23,25.76,8.88,52500
1601,1601,Budget,1 to 3 bed,Roscommon,764.29,9000,70259,765.78875,0.084921111,751.9642857,87.07,69.21,25.23,25.76,8.88,52500
1602,1602,Budget,Two bed,Roscommon,764.07,9000,70259,765.78875,0.084896667,727.1866667,87.07,69.21,25.23,25.76,8.88,52500
1603,1603,Budget,All bedrooms,Roscommon,736.63,9000,70259,765.78875,0.081847778,776.2628571,87.07,69.21,25.23,25.76,8.88,52500
1604,1604,Budget,Two bed,Roscommon,727.01,9000,70259,765.78875,0.080778889,727.1866667,87.07,69.21,25.23,25.76,8.88,52500
1605,1605,Budget,Three bed,Roscommon,712.43,9000,70259,765.78875,0.079158889,815.9085714,87.07,69.21,25.23,25.76,8.88,52500
1606,1606,Budget,1 to 3 bed,Roscommon,711.68,9000,70259,765.78875,0.079075556,751.9642857,87.07,69.21,25.23,25.76,8.88,52500
1607,1607,Budget,Three bed,Roscommon,705.11,9000,70259,765.78875,0.078345556,815.9085714,87.07,69.21,25.23,25.76,8.88,52500
1608,1608,Budget,1 to 2 bed,Roscommon,701.84,9000,70259,765.78875,0.077982222,700.405,87.07,69.21,25.23,25.76,8.88,52500
1609,1609,Budget,1 to 2 bed,Roscommon,692.9,9000,70259,765.78875,0.076988889,700.405,87.07,69.21,25.23,25.76,8.88,52500
1610,1610,Budget,Four plus bed,Roscommon,692.5,9000,70259,765.78875,0.076944444,899.708,87.07,69.21,25.23,25.76,8.88,52500
1611,1611,Budget,Three bed,Roscommon,692.33,9000,70259,765.78875,0.076925556,815.9085714,87.07,69.21,25.23,25.76,8.88,52500
1612,1612,Budget,All bedrooms,Roscommon,688.19,9000,70259,765.78875,0.076465556,776.2628571,87.07,69.21,25.23,25.76,8.88,52500
1613,1613,Budget,1 to 3 bed,Roscommon,673.33,9000,70259,765.78875,0.074814444,751.9642857,87.07,69.21,25.23,25.76,8.88,52500
1614,1614,Budget,All bedrooms,Roscommon,661.87,9000,70259,765.78875,0.073541111,776.2628571,87.07,69.21,25.23,25.76,8.88,52500
1615,1615,Budget,1 to 3 bed,Roscommon,652.67,9000,70259,765.78875,0.072518889,751.9642857,87.07,69.21,25.23,25.76,8.88,52500
1616,1616,Budget,Two bed,Roscommon,643.41,9000,70259,765.78875,0.07149,727.1866667,87.07,69.21,25.23,25.76,8.88,52500
1617,1617,Budget,Two bed,Roscommon,635.35,9000,70259,765.78875,0.070594444,727.1866667,87.07,69.21,25.23,25.76,8.88,52500
1618,1618,Budget,All bedrooms,Roscommon,628.47,9000,70259,765.78875,0.06983,776.2628571,87.07,69.21,25.23,25.76,8.88,52500
1619,1619,Budget,1 to 3 bed,Roscommon,624.37,9000,70259,765.78875,0.069374444,751.9642857,87.07,69.21,25.23,25.76,8.88,52500
1620,1620,Budget,1 to 2 bed,Roscommon,621.3,9000,70259,765.78875,0.069033333,700.405,87.07,69.21,25.23,25.76,8.88,52500
1621,1621,Budget,1 to 2 bed,Roscommon,609.77,9000,70259,765.78875,0.067752222,700.405,87.07,69.21,25.23,25.76,8.88,52500
1622,1622,Budget,Two bed,Roscommon,579.68,9000,70259,765.78875,0.064408889,727.1866667,87.07,69.21,25.23,25.76,8.88,52500
1623,1623,Budget,One bed,Roscommon,579.6,9000,70259,765.78875,0.0644,579.255,87.07,69.21,25.23,25.76,8.88,52500
1624,1624,Budget,One bed,Roscommon,578.91,9000,70259,765.78875,0.064323333,579.255,87.07,69.21,25.23,25.76,8.88,52500
1625,1625,Budget,1 to 2 bed,Roscommon,559.81,9000,70259,765.78875,0.062201111,700.405,87.07,69.21,25.23,25.76,8.88,52500
1626,1626,Standard,Four plus bed,Sligo,1346.22,9900,70198,871.682973,0.135981818,1114.0925,156.99,159.56,33.12,38.89,9.71,52284
1627,1627,Standard,All bedrooms,Sligo,1145.13,9900,70198,871.682973,0.115669697,902.1275,156.99,159.56,33.12,38.89,9.71,52284
1628,1628,Standard,Four plus bed,Sligo,1095.5,9900,70198,871.682973,0.110656566,1114.0925,156.99,159.56,33.12,38.89,9.71,52284
1629,1629,Standard,Four plus bed,Sligo,1067.36,9900,70198,871.682973,0.107814141,1114.0925,156.99,159.56,33.12,38.89,9.71,52284
1630,1630,Standard,Three bed,Sligo,1027.6,9900,70198,871.682973,0.10379798,880.085,156.99,159.56,33.12,38.89,9.71,52284
1631,1631,Standard,1 to 3 bed,Sligo,1027.6,9900,70198,871.682973,0.10379798,852.57875,156.99,159.56,33.12,38.89,9.71,52284
1632,1632,Standard,All bedrooms,Sligo,1006.18,9900,70198,871.682973,0.101634343,902.1275,156.99,159.56,33.12,38.89,9.71,52284
1633,1633,Standard,1 to 3 bed,Sligo,956.13,9900,70198,871.682973,0.096578788,852.57875,156.99,159.56,33.12,38.89,9.71,52284
1634,1634,Standard,Four plus bed,Sligo,947.29,9900,70198,871.682973,0.095685859,1114.0925,156.99,159.56,33.12,38.89,9.71,52284
1635,1635,Standard,Three bed,Sligo,921.02,9900,70198,871.682973,0.093032323,880.085,156.99,159.56,33.12,38.89,9.71,52284
1636,1636,Standard,Three bed,Sligo,909.52,9900,70198,871.682973,0.091870707,880.085,156.99,159.56,33.12,38.89,9.71,52284
1637,1637,Standard,All bedrooms,Sligo,897.9,9900,70198,871.682973,0.09069697,902.1275,156.99,159.56,33.12,38.89,9.71,52284
1638,1638,Standard,All bedrooms,Sligo,894.94,9900,70198,871.682973,0.09039798,902.1275,156.99,159.56,33.12,38.89,9.71,52284
1639,1639,Standard,Three bed,Sligo,886.78,9900,70198,871.682973,0.089573737,880.085,156.99,159.56,33.12,38.89,9.71,52284
1640,1640,Standard,Two bed,Sligo,880.98,9900,70198,871.682973,0.088987879,831.0,156.99,159.56,33.12,38.89,9.71,52284
1641,1641,Standard,All bedrooms,Sligo,876.6,9900,70198,871.682973,0.088545455,902.1275,156.99,159.56,33.12,38.89,9.71,52284
1642,1642,Standard,All bedrooms,Sligo,866.58,9900,70198,871.682973,0.087533333,902.1275,156.99,159.56,33.12,38.89,9.71,52284
1643,1643,Standard,1 to 3 bed,Sligo,866.51,9900,70198,871.682973,0.087526263,852.57875,156.99,159.56,33.12,38.89,9.71,52284
1644,1644,Standard,Three bed,Sligo,861.4,9900,70198,871.682973,0.087010101,880.085,156.99,159.56,33.12,38.89,9.71,52284
1645,1645,Budget,1 to 3 bed,Sligo,857.44,9900,70198,871.682973,0.086610101,852.57875,156.99,159.56,33.12,38.89,9.71,52284
1646,1646,Budget,1 to 3 bed,Sligo,855.59,9900,70198,871.682973,0.086423232,852.57875,156.99,159.56,33.12,38.89,9.71,52284
1647,1647,Budget,Two bed,Sligo,850.78,9900,70198,871.682973,0.085937374,831.0,156.99,159.56,33.12,38.89,9.71,52284
1648,1648,Budget,1 to 2 bed,Sligo,844.33,9900,70198,871.682973,0.085285859,766.046,156.99,159.56,33.12,38.89,9.71,52284
1649,1649,Budget,All bedrooms,Sligo,830.54,9900,70198,871.682973,0.083892929,902.1275,156.99,159.56,33.12,38.89,9.71,52284
1650,1650,Budget,1 to 3 bed,Sligo,825.05,9900,70198,871.682973,0.083338384,852.57875,156.99,159.56,33.12,38.89,9.71,52284
1651,1651,Budget,1 to 2 bed,Sligo,806.06,9900,70198,871.682973,0.081420202,766.046,156.99,159.56,33.12,38.89,9.71,52284
1652,1652,Budget,Two bed,Sligo,803.51,9900,70198,871.682973,0.081162626,831.0,156.99,159.56,33.12,38.89,9.71,52284
1653,1653,Budget,1 to 3 bed,Sligo,790.08,9900,70198,871.682973,0.079806061,852.57875,156.99,159.56,33.12,38.89,9.71,52284
1654,1654,Budget,1 to 2 bed,Sligo,788.81,9900,70198,871.682973,0.079677778,766.046,156.99,159.56,33.12,38.89,9.71,52284
1655,1655,Budget,Two bed,Sligo,788.73,9900,70198,871.682973,0.079669697,831.0,156.99,159.56,33.12,38.89,9.71,52284
1656,1656,Budget,1 to 2 bed,Sligo,762.0,9900,70198,871.682973,0.076969697,766.046,156.99,159.56,33.12,38.89,9.71,52284
1657,1657,Budget,All bedrooms,Sligo,699.15,9900,70198,871.682973,0.070621212,902.1275,156.99,159.56,33.12,38.89,9.71,52284
1658,1658,Budget,Three bed,Sligo,674.19,9900,70198,871.682973,0.0681,880.085,156.99,159.56,33.12,38.89,9.71,52284
1659,1659,Budget,One bed,Sligo,670.92,9900,70198,871.682973,0.067769697,661.755,156.99,159.56,33.12,38.89,9.71,52284
1660,1660,Budget,One bed,Sligo,652.59,9900,70198,871.682973,0.065918182,661.755,156.99,159.56,33.12,38.89,9.71,52284
1661,1661,Budget,1 to 3 bed,Sligo,642.23,9900,70198,871.682973,0.064871717,852.57875,156.99,159.56,33.12,38.89,9.71,52284
1662,1662,Budget,1 to 2 bed,Sligo,629.03,9900,70198,871.682973,0.063538384,766.046,156.99,159.56,33.12,38.89,9.71,52284
1663,1663,Standard,Four plus bed,Tipperary,1118.68,17865,167895,780.1601493,0.062618528,975.13,239.31,239.31,87.64,78.01,29.65,54423
1664,1664,Standard,Three bed,Tipperary,1035.13,17865,167895,780.1601493,0.057941786,881.811,239.31,239.31,87.64,78.01,29.65,54423
1665,1665,Standard,All bedrooms,Tipperary,1029.51,17865,167895,780.1601493,0.057627204,809.6558333,239.31,239.31,87.64,78.01,29.65,54423
1666,1666,Standard,Three bed,Tipperary,1020.62,17865,167895,780.1601493,0.057129583,881.811,239.31,239.31,87.64,78.01,29.65,54423
1667,1667,Standard,Four plus bed,Tipperary,1006.42,17865,167895,780.1601493,0.056334733,975.13,239.31,239.31,87.64,78.01,29.65,54423
1668,1668,Standard,Four plus bed,Tipperary,1000.82,17865,167895,780.1601493,0.056021271,975.13,239.31,239.31,87.64,78.01,29.65,54423
1669,1669,Standard,Four plus bed,Tipperary,973.88,17865,167895,780.1601493,0.054513294,975.13,239.31,239.31,87.64,78.01,29.65,54423
1670,1670,Standard,1 to 3 bed,Tipperary,958.02,17865,167895,780.1601493,0.053625525,778.1008333,239.31,239.31,87.64,78.01,29.65,54423
1671,1671,Standard,All bedrooms,Tipperary,913.63,17865,167895,780.1601493,0.051140778,809.6558333,239.31,239.31,87.64,78.01,29.65,54423
1672,1672,Standard,Three bed,Tipperary,902.96,17865,167895,780.1601493,0.050543521,881.811,239.31,239.31,87.64,78.01,29.65,54423
1673,1673,Standard,Four plus bed,Tipperary,901.46,17865,167895,780.1601493,0.050459558,975.13,239.31,239.31,87.64,78.01,29.65,54423
1674,1674,Standard,1 to 3 bed,Tipperary,879.72,17865,167895,780.1601493,0.049242653,778.1008333,239.31,239.31,87.64,78.01,29.65,54423
1675,1675,Standard,Three bed,Tipperary,873.73,17865,167895,780.1601493,0.048907361,881.811,239.31,239.31,87.64,78.01,29.65,54423
1676,1676,Standard,Three bed,Tipperary,872.98,17865,167895,780.1601493,0.048865379,881.811,239.31,239.31,87.64,78.01,29.65,54423
1677,1677,Budget,Three bed,Tipperary,853.91,17865,167895,780.1601493,0.047797929,881.811,239.31,239.31,87.64,78.01,29.65,54423
1678,1678,Budget,Three bed,Tipperary,850.17,17865,167895,780.1601493,0.047588581,881.811,239.31,239.31,87.64,78.01,29.65,54423
1679,1679,Budget,Four plus bed,Tipperary,849.52,17865,167895,780.1601493,0.047552197,975.13,239.31,239.31,87.64,78.01,29.65,54423
1680,1680,Budget,All bedrooms,Tipperary,838.06,17865,167895,780.1601493,0.046910719,809.6558333,239.31,239.31,87.64,78.01,29.65,54423
1681,1681,Budget,Three bed,Tipperary,827.35,17865,167895,780.1601493,0.046311223,881.811,239.31,239.31,87.64,78.01,29.65,54423
1682,1682,Budget,Three bed,Tipperary,825.35,17865,167895,780.1601493,0.046199272,881.811,239.31,239.31,87.64,78.01,29.65,54423
1683,1683,Budget,All bedrooms,Tipperary,819.04,17865,167895,780.1601493,0.045846068,809.6558333,239.31,239.31,87.64,78.01,29.65,54423
1684,1684,Budget,All bedrooms,Tipperary,818.36,17865,167895,780.1601493,0.045808004,809.6558333,239.31,239.31,87.64,78.01,29.65,54423
1685,1685,Budget,All bedrooms,Tipperary,814.53,17865,167895,780.1601493,0.045593619,809.6558333,239.31,239.31,87.64,78.01,29.65,54423
1686,1686,Budget,1 to 3 bed,Tipperary,810.25,17865,167895,780.1601493,0.045354044,778.1008333,239.31,239.31,87.64,78.01,29.65,54423
1687,1687,Budget,All bedrooms,Tipperary,809.0,17865,167895,780.1601493,0.045284075,809.6558333,239.31,239.31,87.64,78.01,29.65,54423
1688,1688,Budget,One bed,Tipperary,802.28,17865,167895,780.1601493,0.044907921,626.9442857,239.31,239.31,87.64,78.01,29.65,54423
1689,1689,Budget,Two bed,Tipperary,801.06,17865,167895,780.1601493,0.044839631,728.793,239.31,239.31,87.64,78.01,29.65,54423
1690,1690,Budget,1 to 3 bed,Tipperary,795.83,17865,167895,780.1601493,0.044546879,778.1008333,239.31,239.31,87.64,78.01,29.65,54423
1691,1691,Budget,1 to 3 bed,Tipperary,792.71,17865,167895,780.1601493,0.044372236,778.1008333,239.31,239.31,87.64,78.01,29.65,54423
1692,1692,Budget,All bedrooms,Tipperary,789.77,17865,167895,780.1601493,0.044207669,809.6558333,239.31,239.31,87.64,78.01,29.65,54423
1693,1693,Budget,1 to 3 bed,Tipperary,787.43,17865,167895,780.1601493,0.044076686,778.1008333,239.31,239.31,87.64,78.01,29.65,54423
1694,1694,Budget,1 to 3 bed,Tipperary,775.02,17865,167895,780.1601493,0.043382032,778.1008333,239.31,239.31,87.64,78.01,29.65,54423
1695,1695,Budget,Two bed,Tipperary,771.45,17865,167895,780.1601493,0.0431822,728.793,239.31,239.31,87.64,78.01,29.65,54423
1696,1696,Budget,Three bed,Tipperary,755.91,17865,167895,780.1601493,0.042312343,881.811,239.31,239.31,87.64,78.01,29.65,54423
1697,1697,Budget,1 to 3 bed,Tipperary,754.9,17865,167895,780.1601493,0.042255807,778.1008333,239.31,239.31,87.64,78.01,29.65,54423
1698,1698,Budget,1 to 2 bed,Tipperary,754.07,17865,167895,780.1601493,0.042209348,687.222,239.31,239.31,87.64,78.01,29.65,54423
1699,1699,Budget,Two bed,Tipperary,749.59,17865,167895,780.1601493,0.041958578,728.793,239.31,239.31,87.64,78.01,29.65,54423
1700,1700,Budget,All bedrooms,Tipperary,741.85,17865,167895,780.1601493,0.041525329,809.6558333,239.31,239.31,87.64,78.01,29.65,54423
1701,1701,Budget,Two bed,Tipperary,740.34,17865,167895,780.1601493,0.041440806,728.793,239.31,239.31,87.64,78.01,29.65,54423
1702,1702,Budget,1 to 2 bed,Tipperary,739.87,17865,167895,780.1601493,0.041414498,687.222,239.31,239.31,87.64,78.01,29.65,54423
1703,1703,Budget,Two bed,Tipperary,738.9,17865,167895,780.1601493,0.041360202,728.793,239.31,239.31,87.64,78.01,29.65,54423
1704,1704,Budget,All bedrooms,Tipperary,732.44,17865,167895,780.1601493,0.040998601,809.6558333,239.31,239.31,87.64,78.01,29.65,54423
1705,1705,Budget,Two bed,Tipperary,728.79,17865,167895,780.1601493,0.040794291,728.793,239.31,239.31,87.64,78.01,29.65,54423
1706,1706,Budget,1 to 2 bed,Tipperary,725.65,17865,167895,780.1601493,0.040618528,687.222,239.31,239.31,87.64,78.01,29.65,54423
1707,1707,Budget,All bedrooms,Tipperary,720.66,17865,167895,780.1601493,0.040339211,809.6558333,239.31,239.31,87.64,78.01,29.65,54423
1708,1708,Budget,Two bed,Tipperary,715.23,17865,167895,780.1601493,0.040035264,728.793,239.31,239.31,87.64,78.01,29.65,54423
1709,1709,Budget,1 to 2 bed,Tipperary,712.44,17865,167895,780.1601493,0.039879093,687.222,239.31,239.31,87.64,78.01,29.65,54423
1710,1710,Budget,1 to 2 bed,Tipperary,710.23,17865,167895,780.1601493,0.039755388,687.222,239.31,239.31,87.64,78.01,29.65,54423
1711,1711,Budget,1 to 3 bed,Tipperary,706.88,17865,167895,780.1601493,0.03956787,778.1008333,239.31,239.31,87.64,78.01,29.65,54423
1712,1712,Budget,1 to 3 bed,Tipperary,706.32,17865,167895,780.1601493,0.039536524,778.1008333,239.31,239.31,87.64,78.01,29.65,54423
1713,1713,Budget,1 to 2 bed,Tipperary,702.84,17865,167895,780.1601493,0.03934173,687.222,239.31,239.31,87.64,78.01,29.65,54423
1714,1714,Budget,1 to 3 bed,Tipperary,698.47,17865,167895,780.1601493,0.039097117,778.1008333,239.31,239.31,87.64,78.01,29.65,54423
1715,1715,Budget,Two bed,Tipperary,692.05,17865,167895,780.1601493,0.038737755,728.793,239.31,239.31,87.64,78.01,29.65,54423
1716,1716,Budget,All bedrooms,Tipperary,689.02,17865,167895,780.1601493,0.03856815,809.6558333,239.31,239.31,87.64,78.01,29.65,54423
1717,1717,Budget,Two bed,Tipperary,683.14,17865,167895,780.1601493,0.038239015,728.793,239.31,239.31,87.64,78.01,29.65,54423
1718,1718,Budget,1 to 3 bed,Tipperary,671.66,17865,167895,780.1601493,0.037596418,778.1008333,239.31,239.31,87.64,78.01,29.65,54423
1719,1719,Budget,Two bed,Tipperary,667.38,17865,167895,780.1601493,0.037356843,728.793,239.31,239.31,87.64,78.01,29.65,54423
1720,1720,Budget,1 to 2 bed,Tipperary,662.69,17865,167895,780.1601493,0.037094318,687.222,239.31,239.31,87.64,78.01,29.65,54423
1721,1721,Budget,One bed,Tipperary,649.97,17865,167895,780.1601493,0.036382312,626.9442857,239.31,239.31,87.64,78.01,29.65,54423
1722,1722,Budget,1 to 2 bed,Tipperary,637.93,17865,167895,780.1601493,0.035708368,687.222,239.31,239.31,87.64,78.01,29.65,54423
1723,1723,Budget,One bed,Tipperary,630.87,17865,167895,780.1601493,0.035313182,626.9442857,239.31,239.31,87.64,78.01,29.65,54423
1724,1724,Budget,One bed,Tipperary,625.73,17865,167895,780.1601493,0.035025469,626.9442857,239.31,239.31,87.64,78.01,29.65,54423
1725,1725,Budget,1 to 2 bed,Tipperary,616.82,17865,167895,780.1601493,0.034526728,687.222,239.31,239.31,87.64,78.01,29.65,54423
1726,1726,Budget,One bed,Tipperary,614.44,17865,167895,780.1601493,0.034393507,626.9442857,239.31,239.31,87.64,78.01,29.65,54423
1727,1727,Budget,1 to 2 bed,Tipperary,609.68,17865,167895,780.1601493,0.034127064,687.222,239.31,239.31,87.64,78.01,29.65,54423
1728,1728,Budget,One bed,Tipperary,569.27,17865,167895,780.1601493,0.031865099,626.9442857,239.31,239.31,87.64,78.01,29.65,54423
1729,1729,Budget,One bed,Tipperary,496.05,17865,167895,780.1601493,0.027766583,626.9442857,239.31,239.31,87.64,78.01,29.65,54423
1730,1730,Luxury,Four plus bed,Waterford,2103.31,23000,127363,1004.115167,0.091448261,1570.515,156.59,283.68,60.72,105.1,27.18,54057
1731,1731,Standard,Four plus bed,Waterford,1628.68,23000,127363,1004.115167,0.070812174,1570.515,156.59,283.68,60.72,105.1,27.18,54057
1732,1732,Standard,All bedrooms,Waterford,1596.86,23000,127363,1004.115167,0.069428696,1030.973125,156.59,283.68,60.72,105.1,27.18,54057
1733,1733,Standard,Four plus bed,Waterford,1404.21,23000,127363,1004.115167,0.061052609,1570.515,156.59,283.68,60.72,105.1,27.18,54057
1734,1734,Standard,All bedrooms,Waterford,1318.68,23000,127363,1004.115167,0.057333913,1030.973125,156.59,283.68,60.72,105.1,27.18,54057
1735,1735,Standard,Three bed,Waterford,1216.19,23000,127363,1004.115167,0.052877826,1083.613333,156.59,283.68,60.72,105.1,27.18,54057
1736,1736,Standard,Three bed,Waterford,1210.91,23000,127363,1004.115167,0.052648261,1083.613333,156.59,283.68,60.72,105.1,27.18,54057
1737,1737,Standard,1 to 3 bed,Waterford,1209.2,23000,127363,1004.115167,0.052573913,956.5686667,156.59,283.68,60.72,105.1,27.18,54057
1738,1738,Standard,All bedrooms,Waterford,1178.4,23000,127363,1004.115167,0.051234783,1030.973125,156.59,283.68,60.72,105.1,27.18,54057
1739,1739,Standard,1 to 3 bed,Waterford,1171.54,23000,127363,1004.115167,0.050936522,956.5686667,156.59,283.68,60.72,105.1,27.18,54057
1740,1740,Standard,Four plus bed,Waterford,1145.86,23000,127363,1004.115167,0.04982,1570.515,156.59,283.68,60.72,105.1,27.18,54057
1741,1741,Standard,All bedrooms,Waterford,1138.65,23000,127363,1004.115167,0.049506522,1030.973125,156.59,283.68,60.72,105.1,27.18,54057
1742,1742,Standard,Two bed,Waterford,1107.87,23000,127363,1004.115167,0.048168261,926.01,156.59,283.68,60.72,105.1,27.18,54057
1743,1743,Standard,All bedrooms,Waterford,1099.33,23000,127363,1004.115167,0.047796957,1030.973125,156.59,283.68,60.72,105.1,27.18,54057
1744,1744,Standard,1 to 3 bed,Waterford,1099.33,23000,127363,1004.115167,0.047796957,956.5686667,156.59,283.68,60.72,105.1,27.18,54057
1745,1745,Standard,1 to 3 bed,Waterford,1095.28,23000,127363,1004.115167,0.04762087,956.5686667,156.59,283.68,60.72,105.1,27.18,54057
1746,1746,Standard,Three bed,Waterford,1076.13,23000,127363,1004.115167,0.046788261,1083.613333,156.59,283.68,60.72,105.1,27.18,54057
1747,1747,Standard,1 to 2 bed,Waterford,1068.1,23000,127363,1004.115167,0.04643913,881.35375,156.59,283.68,60.72,105.1,27.18,54057
1748,1748,Standard,All bedrooms,Waterford,1059.1,23000,127363,1004.115167,0.046047826,1030.973125,156.59,283.68,60.72,105.1,27.18,54057
1749,1749,Standard,Three bed,Waterford,1032.67,23000,127363,1004.115167,0.044898696,1083.613333,156.59,283.68,60.72,105.1,27.18,54057
1750,1750,Standard,Three bed,Waterford,1017.84,23000,127363,1004.115167,0.044253913,1083.613333,156.59,283.68,60.72,105.1,27.18,54057
1751,1751,Standard,All bedrooms,Waterford,992.57,23000,127363,1004.115167,0.043155217,1030.973125,156.59,283.68,60.72,105.1,27.18,54057
1752,1752,Standard,All bedrooms,Waterford,982.3,23000,127363,1004.115167,0.042708696,1030.973125,156.59,283.68,60.72,105.1,27.18,54057
1753,1753,Standard,1 to 3 bed,Waterford,962.84,23000,127363,1004.115167,0.041862609,956.5686667,156.59,283.68,60.72,105.1,27.18,54057
1754,1754,Standard,1 to 3 bed,Waterford,958.5,23000,127363,1004.115167,0.041673913,956.5686667,156.59,283.68,60.72,105.1,27.18,54057
1755,1755,Standard,All bedrooms,Waterford,955.84,23000,127363,1004.115167,0.041558261,1030.973125,156.59,283.68,60.72,105.1,27.18,54057
1756,1756,Standard,Three bed,Waterford,947.94,23000,127363,1004.115167,0.041214783,1083.613333,156.59,283.68,60.72,105.1,27.18,54057
1757,1757,Standard,All bedrooms,Waterford,940.74,23000,127363,1004.115167,0.040901739,1030.973125,156.59,283.68,60.72,105.1,27.18,54057
1758,1758,Standard,All bedrooms,Waterford,928.92,23000,127363,1004.115167,0.040387826,1030.973125,156.59,283.68,60.72,105.1,27.18,54057
1759,1759,Standard,Two bed,Waterford,927.17,23000,127363,1004.115167,0.040311739,926.01,156.59,283.68,60.72,105.1,27.18,54057
1760,1760,Standard,Two bed,Waterford,923.06,23000,127363,1004.115167,0.040133043,926.01,156.59,283.68,60.72,105.1,27.18,54057
1761,1761,Standard,1 to 3 bed,Waterford,922.48,23000,127363,1004.115167,0.040107826,956.5686667,156.59,283.68,60.72,105.1,27.18,54057
1762,1762,Standard,1 to 3 bed,Waterford,918.97,23000,127363,1004.115167,0.039955217,956.5686667,156.59,283.68,60.72,105.1,27.18,54057
1763,1763,Standard,All bedrooms,Waterford,910.14,23000,127363,1004.115167,0.039571304,1030.973125,156.59,283.68,60.72,105.1,27.18,54057
1764,1764,Standard,1 to 2 bed,Waterford,910.14,23000,127363,1004.115167,0.039571304,881.35375,156.59,283.68,60.72,105.1,27.18,54057
1765,1765,Standard,1 to 3 bed,Waterford,910.14,23000,127363,1004.115167,0.039571304,956.5686667,156.59,283.68,60.72,105.1,27.18,54057
1766,1766,Standard,Two bed,Waterford,897.43,23000,127363,1004.115167,0.039018696,926.01,156.59,283.68,60.72,105.1,27.18,54057
1767,1767,Standard,Two bed,Waterford,894.28,23000,127363,1004.115167,0.038881739,926.01,156.59,283.68,60.72,105.1,27.18,54057
1768,1768,Standard,All bedrooms,Waterford,892.63,23000,127363,1004.115167,0.03881,1030.973125,156.59,283.68,60.72,105.1,27.18,54057
1769,1769,Standard,1 to 2 bed,Waterford,892.63,23000,127363,1004.115167,0.03881,881.35375,156.59,283.68,60.72,105.1,27.18,54057
1770,1770,Standard,1 to 3 bed,Waterford,892.63,23000,127363,1004.115167,0.03881,956.5686667,156.59,283.68,60.72,105.1,27.18,54057
1771,1771,Standard,1 to 3 bed,Waterford,890.18,23000,127363,1004.115167,0.038703478,956.5686667,156.59,283.68,60.72,105.1,27.18,54057
1772,1772,Standard,1 to 3 bed,Waterford,882.83,23000,127363,1004.115167,0.038383913,956.5686667,156.59,283.68,60.72,105.1,27.18,54057
1773,1773,Standard,All bedrooms,Waterford,877.25,23000,127363,1004.115167,0.038141304,1030.973125,156.59,283.68,60.72,105.1,27.18,54057
1774,1774,Standard,Two bed,Waterford,874.84,23000,127363,1004.115167,0.038036522,926.01,156.59,283.68,60.72,105.1,27.18,54057
1775,1775,Standard,1 to 2 bed,Waterford,870.17,23000,127363,1004.115167,0.037833478,881.35375,156.59,283.68,60.72,105.1,27.18,54057
1776,1776,Standard,All bedrooms,Waterford,865.91,23000,127363,1004.115167,0.037648261,1030.973125,156.59,283.68,60.72,105.1,27.18,54057
1777,1777,Standard,1 to 3 bed,Waterford,862.8,23000,127363,1004.115167,0.037513043,956.5686667,156.59,283.68,60.72,105.1,27.18,54057
1778,1778,Budget,Two bed,Waterford,857.42,23000,127363,1004.115167,0.03727913,926.01,156.59,283.68,60.72,105.1,27.18,54057
1779,1779,Budget,1 to 2 bed,Waterford,841.88,23000,127363,1004.115167,0.036603478,881.35375,156.59,283.68,60.72,105.1,27.18,54057
1780,1780,Budget,1 to 2 bed,Waterford,839.83,23000,127363,1004.115167,0.036514348,881.35375,156.59,283.68,60.72,105.1,27.18,54057
1781,1781,Budget,1 to 3 bed,Waterford,832.58,23000,127363,1004.115167,0.03619913,956.5686667,156.59,283.68,60.72,105.1,27.18,54057
1782,1782,Budget,1 to 2 bed,Waterford,820.37,23000,127363,1004.115167,0.035668261,881.35375,156.59,283.68,60.72,105.1,27.18,54057
1783,1783,Budget,1 to 2 bed,Waterford,807.71,23000,127363,1004.115167,0.035117826,881.35375,156.59,283.68,60.72,105.1,27.18,54057
1784,1784,Budget,One bed,Waterford,801.67,23000,127363,1004.115167,0.034855217,771.5425,156.59,283.68,60.72,105.1,27.18,54057
1785,1785,Budget,One bed,Waterford,795.73,23000,127363,1004.115167,0.034596957,771.5425,156.59,283.68,60.72,105.1,27.18,54057
1786,1786,Budget,All bedrooms,Waterford,758.25,23000,127363,1004.115167,0.032967391,1030.973125,156.59,283.68,60.72,105.1,27.18,54057
1787,1787,Budget,One bed,Waterford,744.71,23000,127363,1004.115167,0.032378696,771.5425,156.59,283.68,60.72,105.1,27.18,54057
1788,1788,Budget,One bed,Waterford,744.06,23000,127363,1004.115167,0.032350435,771.5425,156.59,283.68,60.72,105.1,27.18,54057
1789,1789,Budget,1 to 3 bed,Waterford,739.23,23000,127363,1004.115167,0.032140435,956.5686667,156.59,283.68,60.72,105.1,27.18,54057
1790,1790,Standard,Four plus bed,Westmeath,1176.5,16371,96221,937.7562857,0.071864883,1160.146667,120.29,1295.14,44.2,83.55,52.0,56911
1791,1791,Standard,Four plus bed,Westmeath,1154.16,16371,96221,937.7562857,0.070500275,1160.146667,120.29,1295.14,44.2,83.55,52.0,56911
1792,1792,Standard,Four plus bed,Westmeath,1149.78,16371,96221,937.7562857,0.070232729,1160.146667,120.29,1295.14,44.2,83.55,52.0,56911
1793,1793,Standard,Three bed,Westmeath,1037.85,16371,96221,937.7562857,0.063395639,1015.715,120.29,1295.14,44.2,83.55,52.0,56911
1794,1794,Standard,Three bed,Westmeath,1031.25,16371,96221,937.7562857,0.062992487,1015.715,120.29,1295.14,44.2,83.55,52.0,56911
1795,1795,Standard,All bedrooms,Westmeath,1028.3,16371,96221,937.7562857,0.06281229,940.9242857,120.29,1295.14,44.2,83.55,52.0,56911
1796,1796,Standard,Two bed,Westmeath,1023.93,16371,96221,937.7562857,0.062545355,925.744,120.29,1295.14,44.2,83.55,52.0,56911
1797,1797,Standard,All bedrooms,Westmeath,1004.14,16371,96221,937.7562857,0.06133651,940.9242857,120.29,1295.14,44.2,83.55,52.0,56911
1798,1798,Standard,1 to 3 bed,Westmeath,999.8,16371,96221,937.7562857,0.061071407,904.6714286,120.29,1295.14,44.2,83.55,52.0,56911
1799,1799,Standard,Three bed,Westmeath,997.98,16371,96221,937.7562857,0.060960235,1015.715,120.29,1295.14,44.2,83.55,52.0,56911
1800,1800,Standard,Three bed,Westmeath,995.78,16371,96221,937.7562857,0.060825851,1015.715,120.29,1295.14,44.2,83.55,52.0,56911
1801,1801,Standard,1 to 2 bed,Westmeath,984.34,16371,96221,937.7562857,0.060127054,890.4333333,120.29,1295.14,44.2,83.55,52.0,56911
1802,1802,Standard,All bedrooms,Westmeath,981.05,16371,96221,937.7562857,0.059926089,940.9242857,120.29,1295.14,44.2,83.55,52.0,56911
1803,1803,Standard,All bedrooms,Westmeath,967.79,16371,96221,937.7562857,0.05911612,940.9242857,120.29,1295.14,44.2,83.55,52.0,56911
1804,1804,Standard,Two bed,Westmeath,957.36,16371,96221,937.7562857,0.058479018,925.744,120.29,1295.14,44.2,83.55,52.0,56911
1805,1805,Standard,1 to 3 bed,Westmeath,944.37,16371,96221,937.7562857,0.057685542,904.6714286,120.29,1295.14,44.2,83.55,52.0,56911
1806,1806,Standard,1 to 3 bed,Westmeath,940.42,16371,96221,937.7562857,0.057444261,904.6714286,120.29,1295.14,44.2,83.55,52.0,56911
1807,1807,Standard,Two bed,Westmeath,932.31,16371,96221,937.7562857,0.056948873,925.744,120.29,1295.14,44.2,83.55,52.0,56911
1808,1808,Standard,1 to 3 bed,Westmeath,927.7,16371,96221,937.7562857,0.056667278,904.6714286,120.29,1295.14,44.2,83.55,52.0,56911
1809,1809,Standard,All bedrooms,Westmeath,918.13,16371,96221,937.7562857,0.056082707,940.9242857,120.29,1295.14,44.2,83.55,52.0,56911
1810,1810,Standard,1 to 2 bed,Westmeath,913.76,16371,96221,937.7562857,0.055815772,890.4333333,120.29,1295.14,44.2,83.55,52.0,56911
1811,1811,Standard,1 to 2 bed,Westmeath,912.19,16371,96221,937.7562857,0.055719871,890.4333333,120.29,1295.14,44.2,83.55,52.0,56911
1812,1812,Standard,1 to 3 bed,Westmeath,893.22,16371,96221,937.7562857,0.054561114,904.6714286,120.29,1295.14,44.2,83.55,52.0,56911
1813,1813,Standard,All bedrooms,Westmeath,885.59,16371,96221,937.7562857,0.054095046,940.9242857,120.29,1295.14,44.2,83.55,52.0,56911
1814,1814,Standard,1 to 2 bed,Westmeath,877.65,16371,96221,937.7562857,0.053610042,890.4333333,120.29,1295.14,44.2,83.55,52.0,56911
1815,1815,Standard,Two bed,Westmeath,877.02,16371,96221,937.7562857,0.053571559,925.744,120.29,1295.14,44.2,83.55,52.0,56911
1816,1816,Standard,One bed,Westmeath,874.72,16371,96221,937.7562857,0.053431067,795.8933333,120.29,1295.14,44.2,83.55,52.0,56911
1817,1817,Standard,1 to 3 bed,Westmeath,865.89,16371,96221,937.7562857,0.052891699,904.6714286,120.29,1295.14,44.2,83.55,52.0,56911
1818,1818,Budget,Two bed,Westmeath,838.1,16371,96221,937.7562857,0.051194185,925.744,120.29,1295.14,44.2,83.55,52.0,56911
1819,1819,Budget,1 to 2 bed,Westmeath,833.14,16371,96221,937.7562857,0.05089121,890.4333333,120.29,1295.14,44.2,83.55,52.0,56911
1820,1820,Budget,1 to 2 bed,Westmeath,821.52,16371,96221,937.7562857,0.050181418,890.4333333,120.29,1295.14,44.2,83.55,52.0,56911
1821,1821,Budget,All bedrooms,Westmeath,801.47,16371,96221,937.7562857,0.048956692,940.9242857,120.29,1295.14,44.2,83.55,52.0,56911
1822,1822,Budget,One bed,Westmeath,790.86,16371,96221,937.7562857,0.048308594,795.8933333,120.29,1295.14,44.2,83.55,52.0,56911
1823,1823,Budget,1 to 3 bed,Westmeath,761.3,16371,96221,937.7562857,0.046502963,904.6714286,120.29,1295.14,44.2,83.55,52.0,56911
1824,1824,Budget,One bed,Westmeath,722.1,16371,96221,937.7562857,0.044108485,795.8933333,120.29,1295.14,44.2,83.55,52.0,56911
1825,1825,Standard,Four plus bed,Wexford,1176.8,16500,163919,875.886087,0.071321212,1071.3025,203.03,258.55,72.16,135.27,19.89,52438
1826,1826,Standard,Four plus bed,Wexford,1110.37,16500,163919,875.886087,0.067295152,1071.3025,203.03,258.55,72.16,135.27,19.89,52438
1827,1827,Standard,Three bed,Wexford,1071.81,16500,163919,875.886087,0.064958182,942.3228571,203.03,258.55,72.16,135.27,19.89,52438
1828,1828,Standard,Four plus bed,Wexford,1020.71,16500,163919,875.886087,0.061861212,1071.3025,203.03,258.55,72.16,135.27,19.89,52438
1829,1829,Standard,Three bed,Wexford,1017.36,16500,163919,875.886087,0.061658182,942.3228571,203.03,258.55,72.16,135.27,19.89,52438
1830,1830,Standard,All bedrooms,Wexford,1007.37,16500,163919,875.886087,0.061052727,902.15,203.03,258.55,72.16,135.27,19.89,52438
1831,1831,Standard,All bedrooms,Wexford,1005.19,16500,163919,875.886087,0.060920606,902.15,203.03,258.55,72.16,135.27,19.89,52438
1832,1832,Standard,All bedrooms,Wexford,979.32,16500,163919,875.886087,0.059352727,902.15,203.03,258.55,72.16,135.27,19.89,52438
1833,1833,Standard,Four plus bed,Wexford,977.33,16500,163919,875.886087,0.059232121,1071.3025,203.03,258.55,72.16,135.27,19.89,52438
1834,1834,Standard,1 to 3 bed,Wexford,975.58,16500,163919,875.886087,0.059126061,879.7133333,203.03,258.55,72.16,135.27,19.89,52438
1835,1835,Standard,1 to 3 bed,Wexford,970.31,16500,163919,875.886087,0.058806667,879.7133333,203.03,258.55,72.16,135.27,19.89,52438
1836,1836,Standard,Three bed,Wexford,962.93,16500,163919,875.886087,0.058359394,942.3228571,203.03,258.55,72.16,135.27,19.89,52438
1837,1837,Standard,1 to 3 bed,Wexford,962.14,16500,163919,875.886087,0.058311515,879.7133333,203.03,258.55,72.16,135.27,19.89,52438
1838,1838,Standard,Three bed,Wexford,957.92,16500,163919,875.886087,0.058055758,942.3228571,203.03,258.55,72.16,135.27,19.89,52438
1839,1839,Standard,1 to 3 bed,Wexford,956.6,16500,163919,875.886087,0.057975758,879.7133333,203.03,258.55,72.16,135.27,19.89,52438
1840,1840,Standard,All bedrooms,Wexford,950.02,16500,163919,875.886087,0.05757697,902.15,203.03,258.55,72.16,135.27,19.89,52438
1841,1841,Standard,Two bed,Wexford,932.76,16500,163919,875.886087,0.056530909,840.955,203.03,258.55,72.16,135.27,19.89,52438
1842,1842,Standard,Three bed,Wexford,928.36,16500,163919,875.886087,0.056264242,942.3228571,203.03,258.55,72.16,135.27,19.89,52438
1843,1843,Standard,All bedrooms,Wexford,894.7,16500,163919,875.886087,0.054224242,902.15,203.03,258.55,72.16,135.27,19.89,52438
1844,1844,Standard,Two bed,Wexford,889.34,16500,163919,875.886087,0.053899394,840.955,203.03,258.55,72.16,135.27,19.89,52438
1845,1845,Standard,1 to 2 bed,Wexford,889.34,16500,163919,875.886087,0.053899394,799.5614286,203.03,258.55,72.16,135.27,19.89,52438
1846,1846,Standard,1 to 2 bed,Wexford,882.61,16500,163919,875.886087,0.053491515,799.5614286,203.03,258.55,72.16,135.27,19.89,52438
1847,1847,Standard,1 to 3 bed,Wexford,863.24,16500,163919,875.886087,0.052317576,879.7133333,203.03,258.55,72.16,135.27,19.89,52438
1848,1848,Budget,Three bed,Wexford,854.71,16500,163919,875.886087,0.051800606,942.3228571,203.03,258.55,72.16,135.27,19.89,52438
1849,1849,Budget,Two bed,Wexford,835.31,16500,163919,875.886087,0.050624848,840.955,203.03,258.55,72.16,135.27,19.89,52438
1850,1850,Budget,All bedrooms,Wexford,832.09,16500,163919,875.886087,0.050429697,902.15,203.03,258.55,72.16,135.27,19.89,52438
1851,1851,Budget,All bedrooms,Wexford,825.5,16500,163919,875.886087,0.050030303,902.15,203.03,258.55,72.16,135.27,19.89,52438
1852,1852,Budget,Two bed,Wexford,824.54,16500,163919,875.886087,0.049972121,840.955,203.03,258.55,72.16,135.27,19.89,52438
1853,1853,Budget,All bedrooms,Wexford,822.4,16500,163919,875.886087,0.049842424,902.15,203.03,258.55,72.16,135.27,19.89,52438
1854,1854,Budget,1 to 3 bed,Wexford,812.3,16500,163919,875.886087,0.049230303,879.7133333,203.03,258.55,72.16,135.27,19.89,52438
1855,1855,Budget,Three bed,Wexford,803.17,16500,163919,875.886087,0.04867697,942.3228571,203.03,258.55,72.16,135.27,19.89,52438
1856,1856,Budget,All bedrooms,Wexford,802.76,16500,163919,875.886087,0.048652121,902.15,203.03,258.55,72.16,135.27,19.89,52438
1857,1857,Budget,1 to 2 bed,Wexford,799.75,16500,163919,875.886087,0.048469697,799.5614286,203.03,258.55,72.16,135.27,19.89,52438
1858,1858,Budget,1 to 3 bed,Wexford,798.27,16500,163919,875.886087,0.04838,879.7133333,203.03,258.55,72.16,135.27,19.89,52438
1859,1859,Budget,Two bed,Wexford,796.42,16500,163919,875.886087,0.048267879,840.955,203.03,258.55,72.16,135.27,19.89,52438
1860,1860,Budget,1 to 2 bed,Wexford,795.0,16500,163919,875.886087,0.048181818,799.5614286,203.03,258.55,72.16,135.27,19.89,52438
1861,1861,Budget,1 to 3 bed,Wexford,794.88,16500,163919,875.886087,0.048174545,879.7133333,203.03,258.55,72.16,135.27,19.89,52438
1862,1862,Budget,1 to 3 bed,Wexford,784.1,16500,163919,875.886087,0.047521212,879.7133333,203.03,258.55,72.16,135.27,19.89,52438
1863,1863,Budget,1 to 2 bed,Wexford,768.87,16500,163919,875.886087,0.046598182,799.5614286,203.03,258.55,72.16,135.27,19.89,52438
1864,1864,Budget,Two bed,Wexford,767.36,16500,163919,875.886087,0.046506667,840.955,203.03,258.55,72.16,135.27,19.89,52438
1865,1865,Budget,1 to 2 bed,Wexford,743.82,16500,163919,875.886087,0.04508,799.5614286,203.03,258.55,72.16,135.27,19.89,52438
1866,1866,Budget,1 to 2 bed,Wexford,717.54,16500,163919,875.886087,0.043487273,799.5614286,203.03,258.55,72.16,135.27,19.89,52438
1867,1867,Budget,One bed,Wexford,717.53,16500,163919,875.886087,0.043486667,682.465,203.03,258.55,72.16,135.27,19.89,52438
1868,1868,Budget,One bed,Wexford,694.55,16500,163919,875.886087,0.042093939,682.465,203.03,258.55,72.16,135.27,19.89,52438
1869,1869,Budget,One bed,Wexford,676.37,16500,163919,875.886087,0.040992121,682.465,203.03,258.55,72.16,135.27,19.89,52438
1870,1870,Budget,One bed,Wexford,641.41,16500,163919,875.886087,0.038873333,682.465,203.03,258.55,72.16,135.27,19.89,52438
1871,1871,Luxury,Four plus bed,Wicklow,2533.96,15500,155851,1387.498148,0.16348129,1877.888,243.7,263.37,103.3,72.16,64.99,63733
1872,1872,Luxury,Three bed,Wicklow,2124.45,15500,155851,1387.498148,0.13706129,1611.874286,243.7,263.37,103.3,72.16,64.99,63733
1873,1873,Luxury,Four plus bed,Wicklow,2026.63,15500,155851,1387.498148,0.130750323,1877.888,243.7,263.37,103.3,72.16,64.99,63733
1874,1874,Luxury,All bedrooms,Wicklow,1974.76,15500,155851,1387.498148,0.127403871,1397.569,243.7,263.37,103.3,72.16,64.99,63733
1875,1875,Luxury,Three bed,Wicklow,1910.37,15500,155851,1387.498148,0.123249677,1611.874286,243.7,263.37,103.3,72.16,64.99,63733
1876,1876,Luxury,1 to 3 bed,Wicklow,1904.25,15500,155851,1387.498148,0.122854839,1340.575,243.7,263.37,103.3,72.16,64.99,63733
1877,1877,Luxury,Two bed,Wicklow,1854.94,15500,155851,1387.498148,0.119673548,1327.361111,243.7,263.37,103.3,72.16,64.99,63733
1878,1878,Luxury,Four plus bed,Wicklow,1847.9,15500,155851,1387.498148,0.119219355,1877.888,243.7,263.37,103.3,72.16,64.99,63733
1879,1879,Luxury,1 to 2 bed,Wicklow,1829.98,15500,155851,1387.498148,0.118063226,1245.007778,243.7,263.37,103.3,72.16,64.99,63733
1880,1880,Luxury,Three bed,Wicklow,1747.91,15500,155851,1387.498148,0.112768387,1611.874286,243.7,263.37,103.3,72.16,64.99,63733
1881,1881,Luxury,All bedrooms,Wicklow,1743.68,15500,155851,1387.498148,0.112495484,1397.569,243.7,263.37,103.3,72.16,64.99,63733
1882,1882,Luxury,Four plus bed,Wicklow,1655.82,15500,155851,1387.498148,0.106827097,1877.888,243.7,263.37,103.3,72.16,64.99,63733
1883,1883,Standard,1 to 3 bed,Wicklow,1610.75,15500,155851,1387.498148,0.103919355,1340.575,243.7,263.37,103.3,72.16,64.99,63733
1884,1884,Standard,Two bed,Wicklow,1567.73,15500,155851,1387.498148,0.101143871,1327.361111,243.7,263.37,103.3,72.16,64.99,63733
1885,1885,Standard,Two bed,Wicklow,1495.8,15500,155851,1387.498148,0.096503226,1327.361111,243.7,263.37,103.3,72.16,64.99,63733
1886,1886,Standard,Three bed,Wicklow,1485.98,15500,155851,1387.498148,0.095869677,1611.874286,243.7,263.37,103.3,72.16,64.99,63733
1887,1887,Standard,1 to 2 bed,Wicklow,1478.66,15500,155851,1387.498148,0.095397419,1245.007778,243.7,263.37,103.3,72.16,64.99,63733
1888,1888,Standard,All bedrooms,Wicklow,1473.49,15500,155851,1387.498148,0.095063871,1397.569,243.7,263.37,103.3,72.16,64.99,63733
1889,1889,Standard,Three bed,Wicklow,1436.91,15500,155851,1387.498148,0.092703871,1611.874286,243.7,263.37,103.3,72.16,64.99,63733
1890,1890,Standard,1 to 3 bed,Wicklow,1425.61,15500,155851,1387.498148,0.091974839,1340.575,243.7,263.37,103.3,72.16,64.99,63733
1891,1891,Standard,All bedrooms,Wicklow,1408.53,15500,155851,1387.498148,0.090872903,1397.569,243.7,263.37,103.3,72.16,64.99,63733
1892,1892,Standard,Two bed,Wicklow,1406.11,15500,155851,1387.498148,0.090716774,1327.361111,243.7,263.37,103.3,72.16,64.99,63733
1893,1893,Standard,All bedrooms,Wicklow,1405.28,15500,155851,1387.498148,0.090663226,1397.569,243.7,263.37,103.3,72.16,64.99,63733
1894,1894,Standard,All bedrooms,Wicklow,1403.67,15500,155851,1387.498148,0.090559355,1397.569,243.7,263.37,103.3,72.16,64.99,63733
1895,1895,Standard,1 to 3 bed,Wicklow,1363.98,15500,155851,1387.498148,0.08799871,1340.575,243.7,263.37,103.3,72.16,64.99,63733
1896,1896,Standard,Three bed,Wicklow,1356.34,15500,155851,1387.498148,0.087505806,1611.874286,243.7,263.37,103.3,72.16,64.99,63733
1897,1897,Standard,1 to 3 bed,Wicklow,1346.52,15500,155851,1387.498148,0.086872258,1340.575,243.7,263.37,103.3,72.16,64.99,63733
1898,1898,Standard,1 to 3 bed,Wicklow,1338.83,15500,155851,1387.498148,0.086376129,1340.575,243.7,263.37,103.3,72.16,64.99,63733
1899,1899,Standard,Four plus bed,Wicklow,1325.13,15500,155851,1387.498148,0.085492258,1877.888,243.7,263.37,103.3,72.16,64.99,63733
1900,1900,Standard,All bedrooms,Wicklow,1298.75,15500,155851,1387.498148,0.083790323,1397.569,243.7,263.37,103.3,72.16,64.99,63733
1901,1901,Standard,Two bed,Wicklow,1294.68,15500,155851,1387.498148,0.083527742,1327.361111,243.7,263.37,103.3,72.16,64.99,63733
1902,1902,Standard,1 to 2 bed,Wicklow,1277.37,15500,155851,1387.498148,0.082410968,1245.007778,243.7,263.37,103.3,72.16,64.99,63733
1903,1903,Standard,Two bed,Wicklow,1269.96,15500,155851,1387.498148,0.081932903,1327.361111,243.7,263.37,103.3,72.16,64.99,63733
1904,1904,Standard,1 to 2 bed,Wicklow,1268.0,15500,155851,1387.498148,0.081806452,1245.007778,243.7,263.37,103.3,72.16,64.99,63733
1905,1905,Standard,1 to 2 bed,Wicklow,1264.24,15500,155851,1387.498148,0.081563871,1245.007778,243.7,263.37,103.3,72.16,64.99,63733
1906,1906,Standard,1 to 3 bed,Wicklow,1248.42,15500,155851,1387.498148,0.080543226,1340.575,243.7,263.37,103.3,72.16,64.99,63733
1907,1907,Standard,Three bed,Wicklow,1221.16,15500,155851,1387.498148,0.078784516,1611.874286,243.7,263.37,103.3,72.16,64.99,63733
1908,1908,Standard,1 to 2 bed,Wicklow,1158.77,15500,155851,1387.498148,0.074759355,1245.007778,243.7,263.37,103.3,72.16,64.99,63733
1909,1909,Standard,All bedrooms,Wicklow,1120.32,15500,155851,1387.498148,0.07227871,1397.569,243.7,263.37,103.3,72.16,64.99,63733
1910,1910,Standard,All bedrooms,Wicklow,1116.17,15500,155851,1387.498148,0.072010968,1397.569,243.7,263.37,103.3,72.16,64.99,63733
1911,1911,Standard,1 to 3 bed,Wicklow,1087.12,15500,155851,1387.498148,0.070136774,1340.575,243.7,263.37,103.3,72.16,64.99,63733
1912,1912,Standard,1 to 3 bed,Wicklow,1083.2,15500,155851,1387.498148,0.069883871,1340.575,243.7,263.37,103.3,72.16,64.99,63733
1913,1913,Standard,Two bed,Wicklow,1045.9,15500,155851,1387.498148,0.067477419,1327.361111,243.7,263.37,103.3,72.16,64.99,63733
1914,1914,Standard,One bed,Wicklow,1041.89,15500,155851,1387.498148,0.06721871,929.895,243.7,263.37,103.3,72.16,64.99,63733
1915,1915,Standard,All bedrooms,Wicklow,1031.04,15500,155851,1387.498148,0.06651871,1397.569,243.7,263.37,103.3,72.16,64.99,63733
1916,1916,Standard,Two bed,Wicklow,1029.91,15500,155851,1387.498148,0.066445806,1327.361111,243.7,263.37,103.3,72.16,64.99,63733
1917,1917,Standard,1 to 2 bed,Wicklow,1027.49,15500,155851,1387.498148,0.066289677,1245.007778,243.7,263.37,103.3,72.16,64.99,63733
1918,1918,Standard,One bed,Wicklow,1014.03,15500,155851,1387.498148,0.06542129,929.895,243.7,263.37,103.3,72.16,64.99,63733
1919,1919,Standard,1 to 3 bed,Wicklow,997.07,15500,155851,1387.498148,0.064327097,1340.575,243.7,263.37,103.3,72.16,64.99,63733
1920,1920,Standard,Two bed,Wicklow,981.22,15500,155851,1387.498148,0.063304516,1327.361111,243.7,263.37,103.3,72.16,64.99,63733
1921,1921,Standard,1 to 2 bed,Wicklow,960.5,15500,155851,1387.498148,0.061967742,1245.007778,243.7,263.37,103.3,72.16,64.99,63733
1922,1922,Standard,1 to 2 bed,Wicklow,940.06,15500,155851,1387.498148,0.060649032,1245.007778,243.7,263.37,103.3,72.16,64.99,63733
1923,1923,Standard,One bed,Wicklow,864.47,15500,155851,1387.498148,0.055772258,929.895,243.7,263.37,103.3,72.16,64.99,63733
1924,1924,Budget,One bed,Wicklow,799.19,15500,155851,1387.498148,0.051560645,929.895,243.7,263.37,103.3,72.16,64.99,63733
