,Number of Bedrooms,County,Rent_Price,Land_Price,Population of County,Avg_Rent_By_Bedroom,Rent_Land_Ratio,vat_internal_€m,paye_income_tax_and_usc_€m,self_employed_income_tax_€m,corporation_tax_€m,capital_gains_tax_€m,VALUE
0,Four plus bed,Carlow,1397.92,17417,61968,1680.8637333333334,0.0802618131710398,86.53,147.83,25.62,33.55,7.19,53953
1,Four plus bed,Carlow,1323.98,17417,61968,1680.8637333333334,0.0760165355686972,86.53,147.83,25.62,33.55,7.19,53953
2,All bedrooms,Carlow,1060.03,17417,61968,1298.127292225201,0.0608618016880059,86.53,147.83,25.62,33.55,7.19,53953
3,Three bed,Carlow,1028.83,17417,61968,1385.131496350365,0.0590704484124705,86.53,147.83,25.62,33.55,7.19,53953
4,All bedrooms,Carlow,1017.06,17417,61968,1298.127292225201,0.0583946718723086,86.53,147.83,25.62,33.55,7.19,53953
5,All bedrooms,Carlow,1012.83,17417,61968,1298.127292225201,0.0581518057070678,86.53,147.83,25.62,33.55,7.19,53953
6,Three bed,Carlow,997.69,17417,61968,1385.131496350365,0.0572825400470804,86.53,147.83,25.62,33.55,7.19,53953
7,Three bed,Carlow,982.21,17417,61968,1385.131496350365,0.0563937532296032,86.53,147.83,25.62,33.55,7.19,53953
8,1 to 3 bed,Carlow,969.62,17417,61968,1230.7152459016395,0.0556708962507894,86.53,147.83,25.62,33.55,7.19,53953
9,1 to 3 bed,Carlow,945.86,17417,61968,1230.7152459016395,0.0543067118332663,86.53,147.83,25.62,33.55,7.19,53953
10,1 to 3 bed,Carlow,926.77,17417,61968,1230.7152459016395,0.0532106562553826,86.53,147.83,25.62,33.55,7.19,53953
11,Two bed,Carlow,907.25,17417,61968,1274.9833802816902,0.0520899121547912,86.53,147.83,25.62,33.55,7.19,53953
12,1 to 2 bed,Carlow,888.99,17417,61968,1184.0090322580645,0.0510415111672503,86.53,147.83,25.62,33.55,7.19,53953
13,Two bed,Carlow,877.48,17417,61968,1274.9833802816902,0.0503806625710512,86.53,147.83,25.62,33.55,7.19,53953
14,Two bed,Carlow,860.42,17417,61968,1274.9833802816902,0.0494011597864155,86.53,147.83,25.62,33.55,7.19,53953
15,1 to 2 bed,Carlow,858.69,17417,61968,1184.0090322580645,0.0493018315438939,86.53,147.83,25.62,33.55,7.19,53953
16,One bed,Carlow,849.14,17417,61968,1057.0936904761904,0.0487535166791066,86.53,147.83,25.62,33.55,7.19,53953
17,1 to 2 bed,Carlow,842.0,17417,61968,1184.0090322580645,0.0483435723718206,86.53,147.83,25.62,33.55,7.19,53953
18,One bed,Carlow,813.52,17417,61968,1057.0936904761904,0.0467083883562037,86.53,147.83,25.62,33.55,7.19,53953
19,Four plus bed,Cavan,1079.64,10000,81704,1680.8637333333334,0.107964,115.04,196.23,30.28,77.63,7.47,52780
20,Four plus bed,Cavan,1047.92,10000,81704,1680.8637333333334,0.104792,115.04,196.23,30.28,77.63,7.47,52780
21,Four plus bed,Cavan,973.88,10000,81704,1680.8637333333334,0.097388,115.04,196.23,30.28,77.63,7.47,52780
22,Four plus bed,Cavan,971.62,10000,81704,1680.8637333333334,0.097162,115.04,196.23,30.28,77.63,7.47,52780
23,Three bed,Cavan,956.26,10000,81704,1385.131496350365,0.095626,115.04,196.23,30.28,77.63,7.47,52780
24,Three bed,Cavan,898.99,10000,81704,1385.131496350365,0.089899,115.04,196.23,30.28,77.63,7.47,52780
25,All bedrooms,Cavan,889.31,10000,81704,1298.127292225201,0.088931,115.04,196.23,30.28,77.63,7.47,52780
26,All bedrooms,Cavan,865.28,10000,81704,1298.127292225201,0.086528,115.04,196.23,30.28,77.63,7.47,52780
27,All bedrooms,Cavan,844.51,10000,81704,1298.127292225201,0.084451,115.04,196.23,30.28,77.63,7.47,52780
28,1 to 3 bed,Cavan,837.07,10000,81704,1230.7152459016395,0.083707,115.04,196.23,30.28,77.63,7.47,52780
29,Two bed,Cavan,822.93,10000,81704,1274.9833802816902,0.0822929999999999,115.04,196.23,30.28,77.63,7.47,52780
30,1 to 3 bed,Cavan,816.1,10000,81704,1230.7152459016395,0.08161,115.04,196.23,30.28,77.63,7.47,52780
31,Three bed,Cavan,807.56,10000,81704,1385.131496350365,0.080756,115.04,196.23,30.28,77.63,7.47,52780
32,Three bed,Cavan,805.33,10000,81704,1385.131496350365,0.080533,115.04,196.23,30.28,77.63,7.47,52780
33,Three bed,Cavan,801.24,10000,81704,1385.131496350365,0.080124,115.04,196.23,30.28,77.63,7.47,52780
34,All bedrooms,Cavan,797.31,10000,81704,1298.127292225201,0.079731,115.04,196.23,30.28,77.63,7.47,52780
35,All bedrooms,Cavan,795.35,10000,81704,1298.127292225201,0.079535,115.04,196.23,30.28,77.63,7.47,52780
36,All bedrooms,Cavan,793.75,10000,81704,1298.127292225201,0.079375,115.04,196.23,30.28,77.63,7.47,52780
37,1 to 2 bed,Cavan,788.43,10000,81704,1184.0090322580645,0.078843,115.04,196.23,30.28,77.63,7.47,52780
38,1 to 3 bed,Cavan,761.29,10000,81704,1230.7152459016395,0.076129,115.04,196.23,30.28,77.63,7.47,52780
39,Two bed,Cavan,757.11,10000,81704,1274.9833802816902,0.075711,115.04,196.23,30.28,77.63,7.47,52780
40,1 to 3 bed,Cavan,746.61,10000,81704,1230.7152459016395,0.074661,115.04,196.23,30.28,77.63,7.47,52780
41,Two bed,Cavan,739.31,10000,81704,1274.9833802816902,0.073931,115.04,196.23,30.28,77.63,7.47,52780
42,All bedrooms,Cavan,728.95,10000,81704,1298.127292225201,0.072895,115.04,196.23,30.28,77.63,7.47,52780
43,1 to 2 bed,Cavan,728.51,10000,81704,1184.0090322580645,0.072851,115.04,196.23,30.28,77.63,7.47,52780
44,All bedrooms,Cavan,715.75,10000,81704,1298.127292225201,0.071575,115.04,196.23,30.28,77.63,7.47,52780
45,Three bed,Cavan,714.49,10000,81704,1385.131496350365,0.071449,115.04,196.23,30.28,77.63,7.47,52780
46,Three bed,Cavan,709.17,10000,81704,1385.131496350365,0.070917,115.04,196.23,30.28,77.63,7.47,52780
47,1 to 3 bed,Cavan,702.02,10000,81704,1230.7152459016395,0.070202,115.04,196.23,30.28,77.63,7.47,52780
48,One bed,Cavan,697.62,10000,81704,1057.0936904761904,0.069762,115.04,196.23,30.28,77.63,7.47,52780
49,1 to 2 bed,Cavan,696.33,10000,81704,1184.0090322580645,0.069633,115.04,196.23,30.28,77.63,7.47,52780
50,1 to 2 bed,Cavan,692.09,10000,81704,1184.0090322580645,0.069209,115.04,196.23,30.28,77.63,7.47,52780
51,1 to 3 bed,Cavan,690.07,10000,81704,1230.7152459016395,0.069007,115.04,196.23,30.28,77.63,7.47,52780
52,1 to 3 bed,Cavan,685.72,10000,81704,1230.7152459016395,0.068572,115.04,196.23,30.28,77.63,7.47,52780
53,1 to 3 bed,Cavan,677.96,10000,81704,1230.7152459016395,0.067796,115.04,196.23,30.28,77.63,7.47,52780
54,Two bed,Cavan,669.83,10000,81704,1274.9833802816902,0.066983,115.04,196.23,30.28,77.63,7.47,52780
55,One bed,Cavan,667.19,10000,81704,1057.0936904761904,0.066719,115.04,196.23,30.28,77.63,7.47,52780
56,Two bed,Cavan,665.96,10000,81704,1274.9833802816902,0.066596,115.04,196.23,30.28,77.63,7.47,52780
57,Three bed,Cavan,661.62,10000,81704,1385.131496350365,0.066162,115.04,196.23,30.28,77.63,7.47,52780
58,1 to 2 bed,Cavan,655.67,10000,81704,1184.0090322580645,0.065567,115.04,196.23,30.28,77.63,7.47,52780
59,1 to 2 bed,Cavan,615.98,10000,81704,1184.0090322580645,0.061598,115.04,196.23,30.28,77.63,7.47,52780
60,All bedrooms,Cavan,615.31,10000,81704,1298.127292225201,0.0615309999999999,115.04,196.23,30.28,77.63,7.47,52780
61,One bed,Cavan,607.75,10000,81704,1057.0936904761904,0.060775,115.04,196.23,30.28,77.63,7.47,52780
62,1 to 3 bed,Cavan,601.44,10000,81704,1230.7152459016395,0.060144,115.04,196.23,30.28,77.63,7.47,52780
63,1 to 2 bed,Cavan,587.11,10000,81704,1184.0090322580645,0.058711,115.04,196.23,30.28,77.63,7.47,52780
64,1 to 2 bed,Cavan,536.25,10000,81704,1184.0090322580645,0.053625,115.04,196.23,30.28,77.63,7.47,52780
65,Four plus bed,Clare,1157.5,9875,127938,1680.8637333333334,0.1172151898734177,168.66,380.6,50.19,136.84,15.83,55072
66,Four plus bed,Clare,1071.69,9875,127938,1680.8637333333334,0.1085255696202531,168.66,380.6,50.19,136.84,15.83,55072
67,Three bed,Clare,1038.72,9875,127938,1385.131496350365,0.1051868354430379,168.66,380.6,50.19,136.84,15.83,55072
68,Three bed,Clare,1024.16,9875,127938,1385.131496350365,0.1037124050632911,168.66,380.6,50.19,136.84,15.83,55072
69,Three bed,Clare,1003.83,9875,127938,1385.131496350365,0.1016536708860759,168.66,380.6,50.19,136.84,15.83,55072
70,Three bed,Clare,992.88,9875,127938,1385.131496350365,0.1005448101265822,168.66,380.6,50.19,136.84,15.83,55072
71,All bedrooms,Clare,983.09,9875,127938,1298.127292225201,0.0995534177215189,168.66,380.6,50.19,136.84,15.83,55072
72,1 to 3 bed,Clare,967.09,9875,127938,1230.7152459016395,0.097933164556962,168.66,380.6,50.19,136.84,15.83,55072
73,Three bed,Clare,956.38,9875,127938,1385.131496350365,0.0968486075949367,168.66,380.6,50.19,136.84,15.83,55072
74,All bedrooms,Clare,955.1,9875,127938,1298.127292225201,0.0967189873417721,168.66,380.6,50.19,136.84,15.83,55072
75,1 to 3 bed,Clare,948.72,9875,127938,1230.7152459016395,0.096072911392405,168.66,380.6,50.19,136.84,15.83,55072
76,All bedrooms,Clare,943.63,9875,127938,1298.127292225201,0.0955574683544303,168.66,380.6,50.19,136.84,15.83,55072
77,All bedrooms,Clare,941.41,9875,127938,1298.127292225201,0.0953326582278481,168.66,380.6,50.19,136.84,15.83,55072
78,1 to 3 bed,Clare,932.51,9875,127938,1230.7152459016395,0.0944313924050632,168.66,380.6,50.19,136.84,15.83,55072
79,Two bed,Clare,918.76,9875,127938,1274.9833802816902,0.0930389873417721,168.66,380.6,50.19,136.84,15.83,55072
80,1 to 3 bed,Clare,913.77,9875,127938,1230.7152459016395,0.0925336708860759,168.66,380.6,50.19,136.84,15.83,55072
81,Two bed,Clare,911.35,9875,127938,1274.9833802816902,0.0922886075949367,168.66,380.6,50.19,136.84,15.83,55072
82,All bedrooms,Clare,905.46,9875,127938,1298.127292225201,0.0916921518987341,168.66,380.6,50.19,136.84,15.83,55072
83,1 to 2 bed,Clare,899.76,9875,127938,1184.0090322580645,0.0911149367088607,168.66,380.6,50.19,136.84,15.83,55072
84,1 to 2 bed,Clare,895.26,9875,127938,1184.0090322580645,0.0906592405063291,168.66,380.6,50.19,136.84,15.83,55072
85,All bedrooms,Clare,892.09,9875,127938,1298.127292225201,0.0903382278481012,168.66,380.6,50.19,136.84,15.83,55072
86,1 to 3 bed,Clare,851.31,9875,127938,1230.7152459016395,0.0862086075949367,168.66,380.6,50.19,136.84,15.83,55072
87,1 to 3 bed,Clare,824.02,9875,127938,1230.7152459016395,0.0834450632911392,168.66,380.6,50.19,136.84,15.83,55072
88,Two bed,Clare,815.48,9875,127938,1274.9833802816902,0.0825802531645569,168.66,380.6,50.19,136.84,15.83,55072
89,Two bed,Clare,815.25,9875,127938,1274.9833802816902,0.0825569620253164,168.66,380.6,50.19,136.84,15.83,55072
90,1 to 2 bed,Clare,751.08,9875,127938,1184.0090322580645,0.0760587341772151,168.66,380.6,50.19,136.84,15.83,55072
91,1 to 2 bed,Clare,707.7,9875,127938,1184.0090322580645,0.0716658227848101,168.66,380.6,50.19,136.84,15.83,55072
92,Three bed,Clare,674.58,9875,127938,1385.131496350365,0.0683118987341772,168.66,380.6,50.19,136.84,15.83,55072
93,All bedrooms,Clare,645.19,9875,127938,1298.127292225201,0.0653356962025316,168.66,380.6,50.19,136.84,15.83,55072
94,1 to 3 bed,Clare,632.66,9875,127938,1230.7152459016395,0.0640668354430379,168.66,380.6,50.19,136.84,15.83,55072
95,Two bed,Clare,632.19,9875,127938,1274.9833802816902,0.0640192405063291,168.66,380.6,50.19,136.84,15.83,55072
96,1 to 2 bed,Clare,594.72,9875,127938,1184.0090322580645,0.0602248101265822,168.66,380.6,50.19,136.84,15.83,55072
97,One bed,Clare,569.77,9875,127938,1057.0936904761904,0.0576982278481012,168.66,380.6,50.19,136.84,15.83,55072
98,One bed,Clare,524.87,9875,127938,1057.0936904761904,0.0531513924050632,168.66,380.6,50.19,136.84,15.83,55072
99,Four plus bed,Cork,2031.86,17875,584156,1680.8637333333334,0.1136704895104895,1818.53,2259.48,341.84,8467.08,184.82,60620
100,Four plus bed,Cork,1874.94,17875,584156,1680.8637333333334,0.1048917482517482,1818.53,2259.48,341.84,8467.08,184.82,60620
101,Four plus bed,Cork,1780.89,17875,584156,1680.8637333333334,0.0996302097902098,1818.53,2259.48,341.84,8467.08,184.82,60620
102,Four plus bed,Cork,1683.22,17875,584156,1680.8637333333334,0.0941661538461538,1818.53,2259.48,341.84,8467.08,184.82,60620
103,Four plus bed,Cork,1666.3,17875,584156,1680.8637333333334,0.0932195804195804,1818.53,2259.48,341.84,8467.08,184.82,60620
104,All bedrooms,Cork,1645.5,17875,584156,1298.127292225201,0.092055944055944,1818.53,2259.48,341.84,8467.08,184.82,60620
105,Four plus bed,Cork,1610.16,17875,584156,1680.8637333333334,0.0900788811188811,1818.53,2259.48,341.84,8467.08,184.82,60620
106,Four plus bed,Cork,1606.71,17875,584156,1680.8637333333334,0.0898858741258741,1818.53,2259.48,341.84,8467.08,184.82,60620
107,Four plus bed,Cork,1570.15,17875,584156,1680.8637333333334,0.0878405594405594,1818.53,2259.48,341.84,8467.08,184.82,60620
108,Three bed,Cork,1566.06,17875,584156,1385.131496350365,0.0876117482517482,1818.53,2259.48,341.84,8467.08,184.82,60620
109,Three bed,Cork,1545.77,17875,584156,1385.131496350365,0.0864766433566433,1818.53,2259.48,341.84,8467.08,184.82,60620
110,Three bed,Cork,1508.51,17875,584156,1385.131496350365,0.0843921678321678,1818.53,2259.48,341.84,8467.08,184.82,60620
111,Three bed,Cork,1452.07,17875,584156,1385.131496350365,0.0812346853146853,1818.53,2259.48,341.84,8467.08,184.82,60620
112,All bedrooms,Cork,1432.18,17875,584156,1298.127292225201,0.080121958041958,1818.53,2259.48,341.84,8467.08,184.82,60620
113,All bedrooms,Cork,1430.42,17875,584156,1298.127292225201,0.0800234965034965,1818.53,2259.48,341.84,8467.08,184.82,60620
114,All bedrooms,Cork,1429.62,17875,584156,1298.127292225201,0.0799787412587412,1818.53,2259.48,341.84,8467.08,184.82,60620
115,Two bed,Cork,1419.22,17875,584156,1274.9833802816902,0.079396923076923,1818.53,2259.48,341.84,8467.08,184.82,60620
116,Two bed,Cork,1403.69,17875,584156,1274.9833802816902,0.0785281118881118,1818.53,2259.48,341.84,8467.08,184.82,60620
117,1 to 3 bed,Cork,1398.53,17875,584156,1230.7152459016395,0.0782394405594405,1818.53,2259.48,341.84,8467.08,184.82,60620
118,1 to 3 bed,Cork,1393.14,17875,584156,1230.7152459016395,0.0779379020979021,1818.53,2259.48,341.84,8467.08,184.82,60620
119,Four plus bed,Cork,1388.75,17875,584156,1680.8637333333334,0.0776923076923076,1818.53,2259.48,341.84,8467.08,184.82,60620
120,1 to 3 bed,Cork,1386.77,17875,584156,1230.7152459016395,0.0775815384615384,1818.53,2259.48,341.84,8467.08,184.82,60620
121,All bedrooms,Cork,1384.28,17875,584156,1298.127292225201,0.0774422377622377,1818.53,2259.48,341.84,8467.08,184.82,60620
122,Three bed,Cork,1380.96,17875,584156,1385.131496350365,0.0772565034965035,1818.53,2259.48,341.84,8467.08,184.82,60620
123,All bedrooms,Cork,1378.86,17875,584156,1298.127292225201,0.0771390209790209,1818.53,2259.48,341.84,8467.08,184.82,60620
124,1 to 3 bed,Cork,1362.41,17875,584156,1230.7152459016395,0.0762187412587412,1818.53,2259.48,341.84,8467.08,184.82,60620
125,All bedrooms,Cork,1361.46,17875,584156,1298.127292225201,0.0761655944055944,1818.53,2259.48,341.84,8467.08,184.82,60620
126,Three bed,Cork,1359.65,17875,584156,1385.131496350365,0.0760643356643356,1818.53,2259.48,341.84,8467.08,184.82,60620
127,Three bed,Cork,1344.39,17875,584156,1385.131496350365,0.0752106293706293,1818.53,2259.48,341.84,8467.08,184.82,60620
128,Two bed,Cork,1338.48,17875,584156,1274.9833802816902,0.07488,1818.53,2259.48,341.84,8467.08,184.82,60620
129,Two bed,Cork,1334.21,17875,584156,1274.9833802816902,0.0746411188811188,1818.53,2259.48,341.84,8467.08,184.82,60620
130,1 to 3 bed,Cork,1330.94,17875,584156,1230.7152459016395,0.0744581818181818,1818.53,2259.48,341.84,8467.08,184.82,60620
131,All bedrooms,Cork,1329.78,17875,584156,1298.127292225201,0.0743932867132867,1818.53,2259.48,341.84,8467.08,184.82,60620
132,Two bed,Cork,1317.06,17875,584156,1274.9833802816902,0.0736816783216783,1818.53,2259.48,341.84,8467.08,184.82,60620
133,Three bed,Cork,1308.67,17875,584156,1385.131496350365,0.0732123076923077,1818.53,2259.48,341.84,8467.08,184.82,60620
134,Three bed,Cork,1306.94,17875,584156,1385.131496350365,0.0731155244755244,1818.53,2259.48,341.84,8467.08,184.82,60620
135,1 to 3 bed,Cork,1305.53,17875,584156,1230.7152459016395,0.0730366433566433,1818.53,2259.48,341.84,8467.08,184.82,60620
136,1 to 3 bed,Cork,1300.26,17875,584156,1230.7152459016395,0.0727418181818181,1818.53,2259.48,341.84,8467.08,184.82,60620
137,All bedrooms,Cork,1295.61,17875,584156,1298.127292225201,0.0724816783216783,1818.53,2259.48,341.84,8467.08,184.82,60620
138,1 to 2 bed,Cork,1293.65,17875,584156,1184.0090322580645,0.0723720279720279,1818.53,2259.48,341.84,8467.08,184.82,60620
139,1 to 2 bed,Cork,1292.65,17875,584156,1184.0090322580645,0.0723160839160839,1818.53,2259.48,341.84,8467.08,184.82,60620
140,All bedrooms,Cork,1289.43,17875,584156,1298.127292225201,0.072135944055944,1818.53,2259.48,341.84,8467.08,184.82,60620
141,Three bed,Cork,1270.26,17875,584156,1385.131496350365,0.0710634965034965,1818.53,2259.48,341.84,8467.08,184.82,60620
142,Four plus bed,Cork,1270.03,17875,584156,1680.8637333333334,0.0710506293706293,1818.53,2259.48,341.84,8467.08,184.82,60620
143,Three bed,Cork,1267.64,17875,584156,1385.131496350365,0.070916923076923,1818.53,2259.48,341.84,8467.08,184.82,60620
144,Two bed,Cork,1262.84,17875,584156,1274.9833802816902,0.0706483916083916,1818.53,2259.48,341.84,8467.08,184.82,60620
145,1 to 3 bed,Cork,1262.24,17875,584156,1230.7152459016395,0.0706148251748251,1818.53,2259.48,341.84,8467.08,184.82,60620
146,1 to 2 bed,Cork,1260.86,17875,584156,1184.0090322580645,0.0705376223776223,1818.53,2259.48,341.84,8467.08,184.82,60620
147,Three bed,Cork,1259.78,17875,584156,1385.131496350365,0.0704772027972027,1818.53,2259.48,341.84,8467.08,184.82,60620
148,Two bed,Cork,1251.47,17875,584156,1274.9833802816902,0.0700123076923077,1818.53,2259.48,341.84,8467.08,184.82,60620
149,All bedrooms,Cork,1245.05,17875,584156,1298.127292225201,0.0696531468531468,1818.53,2259.48,341.84,8467.08,184.82,60620
150,1 to 3 bed,Cork,1242.94,17875,584156,1230.7152459016395,0.0695351048951049,1818.53,2259.48,341.84,8467.08,184.82,60620
151,All bedrooms,Cork,1239.0,17875,584156,1298.127292225201,0.0693146853146853,1818.53,2259.48,341.84,8467.08,184.82,60620
152,1 to 2 bed,Cork,1235.82,17875,584156,1184.0090322580645,0.0691367832167832,1818.53,2259.48,341.84,8467.08,184.82,60620
153,1 to 2 bed,Cork,1229.04,17875,584156,1184.0090322580645,0.0687574825174825,1818.53,2259.48,341.84,8467.08,184.82,60620
154,1 to 3 bed,Cork,1220.57,17875,584156,1230.7152459016395,0.0682836363636363,1818.53,2259.48,341.84,8467.08,184.82,60620
155,All bedrooms,Cork,1208.46,17875,584156,1298.127292225201,0.0676061538461538,1818.53,2259.48,341.84,8467.08,184.82,60620
156,1 to 2 bed,Cork,1204.5,17875,584156,1184.0090322580645,0.0673846153846153,1818.53,2259.48,341.84,8467.08,184.82,60620
157,All bedrooms,Cork,1201.76,17875,584156,1298.127292225201,0.0672313286713286,1818.53,2259.48,341.84,8467.08,184.82,60620
158,1 to 3 bed,Cork,1201.01,17875,584156,1230.7152459016395,0.0671893706293706,1818.53,2259.48,341.84,8467.08,184.82,60620
159,Two bed,Cork,1198.62,17875,584156,1274.9833802816902,0.0670556643356643,1818.53,2259.48,341.84,8467.08,184.82,60620
160,All bedrooms,Cork,1187.49,17875,584156,1298.127292225201,0.066433006993007,1818.53,2259.48,341.84,8467.08,184.82,60620
161,1 to 3 bed,Cork,1180.93,17875,584156,1230.7152459016395,0.0660660139860139,1818.53,2259.48,341.84,8467.08,184.82,60620
162,Two bed,Cork,1179.4,17875,584156,1274.9833802816902,0.0659804195804195,1818.53,2259.48,341.84,8467.08,184.82,60620
163,1 to 3 bed,Cork,1175.45,17875,584156,1230.7152459016395,0.0657594405594405,1818.53,2259.48,341.84,8467.08,184.82,60620
164,1 to 2 bed,Cork,1166.18,17875,584156,1184.0090322580645,0.0652408391608391,1818.53,2259.48,341.84,8467.08,184.82,60620
165,1 to 3 bed,Cork,1165.55,17875,584156,1230.7152459016395,0.0652055944055944,1818.53,2259.48,341.84,8467.08,184.82,60620
166,Two bed,Cork,1164.66,17875,584156,1274.9833802816902,0.0651558041958042,1818.53,2259.48,341.84,8467.08,184.82,60620
167,1 to 3 bed,Cork,1159.4,17875,584156,1230.7152459016395,0.0648615384615384,1818.53,2259.48,341.84,8467.08,184.82,60620
168,All bedrooms,Cork,1148.56,17875,584156,1298.127292225201,0.0642551048951048,1818.53,2259.48,341.84,8467.08,184.82,60620
169,Three bed,Cork,1148.41,17875,584156,1385.131496350365,0.0642467132867132,1818.53,2259.48,341.84,8467.08,184.82,60620
170,1 to 2 bed,Cork,1147.75,17875,584156,1184.0090322580645,0.0642097902097902,1818.53,2259.48,341.84,8467.08,184.82,60620
171,Four plus bed,Cork,1136.51,17875,584156,1680.8637333333334,0.063580979020979,1818.53,2259.48,341.84,8467.08,184.82,60620
172,All bedrooms,Cork,1131.16,17875,584156,1298.127292225201,0.0632816783216783,1818.53,2259.48,341.84,8467.08,184.82,60620
173,1 to 3 bed,Cork,1130.28,17875,584156,1230.7152459016395,0.0632324475524475,1818.53,2259.48,341.84,8467.08,184.82,60620
174,Three bed,Cork,1126.23,17875,584156,1385.131496350365,0.0630058741258741,1818.53,2259.48,341.84,8467.08,184.82,60620
175,1 to 2 bed,Cork,1117.68,17875,584156,1184.0090322580645,0.0625275524475524,1818.53,2259.48,341.84,8467.08,184.82,60620
176,1 to 2 bed,Cork,1100.82,17875,584156,1184.0090322580645,0.0615843356643356,1818.53,2259.48,341.84,8467.08,184.82,60620
177,Two bed,Cork,1099.78,17875,584156,1274.9833802816902,0.0615261538461538,1818.53,2259.48,341.84,8467.08,184.82,60620
178,Three bed,Cork,1094.51,17875,584156,1385.131496350365,0.0612313286713286,1818.53,2259.48,341.84,8467.08,184.82,60620
179,1 to 3 bed,Cork,1092.36,17875,584156,1230.7152459016395,0.0611110489510489,1818.53,2259.48,341.84,8467.08,184.82,60620
180,Two bed,Cork,1083.15,17875,584156,1274.9833802816902,0.0605958041958042,1818.53,2259.48,341.84,8467.08,184.82,60620
181,Three bed,Cork,1078.19,17875,584156,1385.131496350365,0.0603183216783216,1818.53,2259.48,341.84,8467.08,184.82,60620
182,Two bed,Cork,1071.1,17875,584156,1274.9833802816902,0.0599216783216783,1818.53,2259.48,341.84,8467.08,184.82,60620
183,Four plus bed,Cork,1070.71,17875,584156,1680.8637333333334,0.0598998601398601,1818.53,2259.48,341.84,8467.08,184.82,60620
184,Two bed,Cork,1064.16,17875,584156,1274.9833802816902,0.0595334265734265,1818.53,2259.48,341.84,8467.08,184.82,60620
185,One bed,Cork,1063.55,17875,584156,1057.0936904761904,0.0594993006993007,1818.53,2259.48,341.84,8467.08,184.82,60620
186,1 to 2 bed,Cork,1055.82,17875,584156,1184.0090322580645,0.0590668531468531,1818.53,2259.48,341.84,8467.08,184.82,60620
187,1 to 2 bed,Cork,1055.73,17875,584156,1184.0090322580645,0.0590618181818181,1818.53,2259.48,341.84,8467.08,184.82,60620
188,All bedrooms,Cork,1054.97,17875,584156,1298.127292225201,0.0590193006993007,1818.53,2259.48,341.84,8467.08,184.82,60620
189,1 to 2 bed,Cork,1041.69,17875,584156,1184.0090322580645,0.0582763636363636,1818.53,2259.48,341.84,8467.08,184.82,60620
190,Three bed,Cork,1037.96,17875,584156,1385.131496350365,0.0580676923076923,1818.53,2259.48,341.84,8467.08,184.82,60620
191,One bed,Cork,1032.23,17875,584156,1057.0936904761904,0.0577471328671328,1818.53,2259.48,341.84,8467.08,184.82,60620
192,1 to 3 bed,Cork,1031.03,17875,584156,1230.7152459016395,0.0576799999999999,1818.53,2259.48,341.84,8467.08,184.82,60620
193,1 to 2 bed,Cork,1017.06,17875,584156,1184.0090322580645,0.0568984615384615,1818.53,2259.48,341.84,8467.08,184.82,60620
194,Three bed,Cork,1013.62,17875,584156,1385.131496350365,0.0567060139860139,1818.53,2259.48,341.84,8467.08,184.82,60620
195,All bedrooms,Cork,1012.01,17875,584156,1298.127292225201,0.056615944055944,1818.53,2259.48,341.84,8467.08,184.82,60620
196,Three bed,Cork,1010.65,17875,584156,1385.131496350365,0.0565398601398601,1818.53,2259.48,341.84,8467.08,184.82,60620
197,All bedrooms,Cork,1002.12,17875,584156,1298.127292225201,0.0560626573426573,1818.53,2259.48,341.84,8467.08,184.82,60620
198,1 to 3 bed,Cork,999.73,17875,584156,1230.7152459016395,0.055928951048951,1818.53,2259.48,341.84,8467.08,184.82,60620
199,Two bed,Cork,996.74,17875,584156,1274.9833802816902,0.0557616783216783,1818.53,2259.48,341.84,8467.08,184.82,60620
200,One bed,Cork,995.58,17875,584156,1057.0936904761904,0.0556967832167832,1818.53,2259.48,341.84,8467.08,184.82,60620
201,One bed,Cork,995.41,17875,584156,1057.0936904761904,0.0556872727272727,1818.53,2259.48,341.84,8467.08,184.82,60620
202,All bedrooms,Cork,994.88,17875,584156,1298.127292225201,0.0556576223776223,1818.53,2259.48,341.84,8467.08,184.82,60620
203,All bedrooms,Cork,994.32,17875,584156,1298.127292225201,0.0556262937062937,1818.53,2259.48,341.84,8467.08,184.82,60620
204,1 to 3 bed,Cork,994.32,17875,584156,1230.7152459016395,0.0556262937062937,1818.53,2259.48,341.84,8467.08,184.82,60620
205,1 to 3 bed,Cork,993.55,17875,584156,1230.7152459016395,0.0555832167832167,1818.53,2259.48,341.84,8467.08,184.82,60620
206,All bedrooms,Cork,993.37,17875,584156,1298.127292225201,0.0555731468531468,1818.53,2259.48,341.84,8467.08,184.82,60620
207,Two bed,Cork,992.19,17875,584156,1274.9833802816902,0.0555071328671328,1818.53,2259.48,341.84,8467.08,184.82,60620
208,All bedrooms,Cork,988.2,17875,584156,1298.127292225201,0.055283916083916,1818.53,2259.48,341.84,8467.08,184.82,60620
209,One bed,Cork,987.68,17875,584156,1057.0936904761904,0.0552548251748251,1818.53,2259.48,341.84,8467.08,184.82,60620
210,1 to 3 bed,Cork,974.68,17875,584156,1230.7152459016395,0.0545275524475524,1818.53,2259.48,341.84,8467.08,184.82,60620
211,Three bed,Cork,973.97,17875,584156,1385.131496350365,0.0544878321678321,1818.53,2259.48,341.84,8467.08,184.82,60620
212,1 to 3 bed,Cork,973.77,17875,584156,1230.7152459016395,0.0544766433566433,1818.53,2259.48,341.84,8467.08,184.82,60620
213,All bedrooms,Cork,970.34,17875,584156,1298.127292225201,0.0542847552447552,1818.53,2259.48,341.84,8467.08,184.82,60620
214,Three bed,Cork,960.81,17875,584156,1385.131496350365,0.0537516083916083,1818.53,2259.48,341.84,8467.08,184.82,60620
215,Three bed,Cork,959.83,17875,584156,1385.131496350365,0.0536967832167832,1818.53,2259.48,341.84,8467.08,184.82,60620
216,1 to 3 bed,Cork,953.08,17875,584156,1230.7152459016395,0.0533191608391608,1818.53,2259.48,341.84,8467.08,184.82,60620
217,One bed,Cork,952.96,17875,584156,1057.0936904761904,0.0533124475524475,1818.53,2259.48,341.84,8467.08,184.82,60620
218,All bedrooms,Cork,949.5,17875,584156,1298.127292225201,0.0531188811188811,1818.53,2259.48,341.84,8467.08,184.82,60620
219,Two bed,Cork,948.25,17875,584156,1274.9833802816902,0.053048951048951,1818.53,2259.48,341.84,8467.08,184.82,60620
220,Three bed,Cork,945.33,17875,584156,1385.131496350365,0.0528855944055944,1818.53,2259.48,341.84,8467.08,184.82,60620
221,1 to 3 bed,Cork,938.29,17875,584156,1230.7152459016395,0.0524917482517482,1818.53,2259.48,341.84,8467.08,184.82,60620
222,All bedrooms,Cork,938.08,17875,584156,1298.127292225201,0.05248,1818.53,2259.48,341.84,8467.08,184.82,60620
223,Two bed,Cork,935.98,17875,584156,1274.9833802816902,0.0523625174825174,1818.53,2259.48,341.84,8467.08,184.82,60620
224,1 to 2 bed,Cork,930.22,17875,584156,1184.0090322580645,0.0520402797202797,1818.53,2259.48,341.84,8467.08,184.82,60620
225,Four plus bed,Cork,922.4,17875,584156,1680.8637333333334,0.0516027972027972,1818.53,2259.48,341.84,8467.08,184.82,60620
226,1 to 2 bed,Cork,915.74,17875,584156,1184.0090322580645,0.0512302097902097,1818.53,2259.48,341.84,8467.08,184.82,60620
227,1 to 3 bed,Cork,904.93,17875,584156,1230.7152459016395,0.0506254545454545,1818.53,2259.48,341.84,8467.08,184.82,60620
228,All bedrooms,Cork,901.31,17875,584156,1298.127292225201,0.050422937062937,1818.53,2259.48,341.84,8467.08,184.82,60620
229,Two bed,Cork,896.25,17875,584156,1274.9833802816902,0.0501398601398601,1818.53,2259.48,341.84,8467.08,184.82,60620
230,1 to 3 bed,Cork,894.98,17875,584156,1230.7152459016395,0.0500688111888111,1818.53,2259.48,341.84,8467.08,184.82,60620
231,1 to 2 bed,Cork,890.57,17875,584156,1184.0090322580645,0.0498220979020979,1818.53,2259.48,341.84,8467.08,184.82,60620
232,Three bed,Cork,890.4,17875,584156,1385.131496350365,0.0498125874125874,1818.53,2259.48,341.84,8467.08,184.82,60620
233,1 to 3 bed,Cork,882.82,17875,584156,1230.7152459016395,0.0493885314685314,1818.53,2259.48,341.84,8467.08,184.82,60620
234,All bedrooms,Cork,874.99,17875,584156,1298.127292225201,0.0489504895104895,1818.53,2259.48,341.84,8467.08,184.82,60620
235,All bedrooms,Cork,860.44,17875,584156,1298.127292225201,0.0481365034965035,1818.53,2259.48,341.84,8467.08,184.82,60620
236,All bedrooms,Cork,857.89,17875,584156,1298.127292225201,0.0479938461538461,1818.53,2259.48,341.84,8467.08,184.82,60620
237,Two bed,Cork,857.22,17875,584156,1274.9833802816902,0.0479563636363636,1818.53,2259.48,341.84,8467.08,184.82,60620
238,Three bed,Cork,857.14,17875,584156,1385.131496350365,0.0479518881118881,1818.53,2259.48,341.84,8467.08,184.82,60620
239,One bed,Cork,852.75,17875,584156,1057.0936904761904,0.0477062937062937,1818.53,2259.48,341.84,8467.08,184.82,60620
240,1 to 2 bed,Cork,850.89,17875,584156,1184.0090322580645,0.0476022377622377,1818.53,2259.48,341.84,8467.08,184.82,60620
241,1 to 3 bed,Cork,850.2,17875,584156,1230.7152459016395,0.0475636363636363,1818.53,2259.48,341.84,8467.08,184.82,60620
242,All bedrooms,Cork,848.42,17875,584156,1298.127292225201,0.0474640559440559,1818.53,2259.48,341.84,8467.08,184.82,60620
243,Three bed,Cork,844.49,17875,584156,1385.131496350365,0.0472441958041958,1818.53,2259.48,341.84,8467.08,184.82,60620
244,1 to 2 bed,Cork,840.21,17875,584156,1184.0090322580645,0.0470047552447552,1818.53,2259.48,341.84,8467.08,184.82,60620
245,1 to 3 bed,Cork,835.07,17875,584156,1230.7152459016395,0.0467172027972028,1818.53,2259.48,341.84,8467.08,184.82,60620
246,1 to 2 bed,Cork,832.23,17875,584156,1184.0090322580645,0.0465583216783216,1818.53,2259.48,341.84,8467.08,184.82,60620
247,1 to 3 bed,Cork,831.75,17875,584156,1230.7152459016395,0.0465314685314685,1818.53,2259.48,341.84,8467.08,184.82,60620
248,1 to 3 bed,Cork,828.58,17875,584156,1230.7152459016395,0.0463541258741258,1818.53,2259.48,341.84,8467.08,184.82,60620
249,1 to 2 bed,Cork,825.15,17875,584156,1184.0090322580645,0.0461622377622377,1818.53,2259.48,341.84,8467.08,184.82,60620
250,All bedrooms,Cork,819.53,17875,584156,1298.127292225201,0.0458478321678321,1818.53,2259.48,341.84,8467.08,184.82,60620
251,1 to 2 bed,Cork,817.85,17875,584156,1184.0090322580645,0.0457538461538461,1818.53,2259.48,341.84,8467.08,184.82,60620
252,Two bed,Cork,810.61,17875,584156,1274.9833802816902,0.0453488111888111,1818.53,2259.48,341.84,8467.08,184.82,60620
253,One bed,Cork,796.33,17875,584156,1057.0936904761904,0.04454993006993,1818.53,2259.48,341.84,8467.08,184.82,60620
254,Two bed,Cork,793.82,17875,584156,1274.9833802816902,0.0444095104895104,1818.53,2259.48,341.84,8467.08,184.82,60620
255,Two bed,Cork,791.07,17875,584156,1274.9833802816902,0.0442556643356643,1818.53,2259.48,341.84,8467.08,184.82,60620
256,1 to 3 bed,Cork,790.64,17875,584156,1230.7152459016395,0.0442316083916083,1818.53,2259.48,341.84,8467.08,184.82,60620
257,All bedrooms,Cork,787.65,17875,584156,1298.127292225201,0.0440643356643356,1818.53,2259.48,341.84,8467.08,184.82,60620
258,Two bed,Cork,787.08,17875,584156,1274.9833802816902,0.0440324475524475,1818.53,2259.48,341.84,8467.08,184.82,60620
259,1 to 2 bed,Cork,767.14,17875,584156,1184.0090322580645,0.042916923076923,1818.53,2259.48,341.84,8467.08,184.82,60620
260,1 to 3 bed,Cork,755.95,17875,584156,1230.7152459016395,0.042290909090909,1818.53,2259.48,341.84,8467.08,184.82,60620
261,1 to 2 bed,Cork,755.02,17875,584156,1184.0090322580645,0.0422388811188811,1818.53,2259.48,341.84,8467.08,184.82,60620
262,1 to 2 bed,Cork,736.17,17875,584156,1184.0090322580645,0.0411843356643356,1818.53,2259.48,341.84,8467.08,184.82,60620
263,One bed,Cork,719.28,17875,584156,1057.0936904761904,0.0402394405594405,1818.53,2259.48,341.84,8467.08,184.82,60620
264,1 to 2 bed,Cork,714.35,17875,584156,1184.0090322580645,0.0399636363636363,1818.53,2259.48,341.84,8467.08,184.82,60620
265,Two bed,Cork,714.31,17875,584156,1274.9833802816902,0.0399613986013986,1818.53,2259.48,341.84,8467.08,184.82,60620
266,1 to 2 bed,Cork,686.53,17875,584156,1184.0090322580645,0.0384072727272727,1818.53,2259.48,341.84,8467.08,184.82,60620
267,One bed,Cork,680.72,17875,584156,1057.0936904761904,0.0380822377622377,1818.53,2259.48,341.84,8467.08,184.82,60620
268,One bed,Cork,615.42,17875,584156,1057.0936904761904,0.0344290909090909,1818.53,2259.48,341.84,8467.08,184.82,60620
269,Four plus bed,Donegal,933.9,13280,167084,1680.8637333333334,0.0703237951807228,151.96,202.12,48.96,78.69,13.88,45840
270,Four plus bed,Donegal,817.69,13280,167084,1680.8637333333334,0.0615730421686747,151.96,202.12,48.96,78.69,13.88,45840
271,Three bed,Donegal,812.29,13280,167084,1385.131496350365,0.0611664156626506,151.96,202.12,48.96,78.69,13.88,45840
272,Four plus bed,Donegal,812.09,13280,167084,1680.8637333333334,0.0611513554216867,151.96,202.12,48.96,78.69,13.88,45840
273,All bedrooms,Donegal,787.89,13280,167084,1298.127292225201,0.0593290662650602,151.96,202.12,48.96,78.69,13.88,45840
274,Four plus bed,Donegal,746.67,13280,167084,1680.8637333333334,0.0562251506024096,151.96,202.12,48.96,78.69,13.88,45840
275,1 to 3 bed,Donegal,745.93,13280,167084,1230.7152459016395,0.0561694277108433,151.96,202.12,48.96,78.69,13.88,45840
276,Three bed,Donegal,726.56,13280,167084,1385.131496350365,0.0547108433734939,151.96,202.12,48.96,78.69,13.88,45840
277,Three bed,Donegal,724.51,13280,167084,1385.131496350365,0.0545564759036144,151.96,202.12,48.96,78.69,13.88,45840
278,Two bed,Donegal,712.2,13280,167084,1274.9833802816902,0.0536295180722891,151.96,202.12,48.96,78.69,13.88,45840
279,All bedrooms,Donegal,703.3,13280,167084,1298.127292225201,0.0529593373493975,151.96,202.12,48.96,78.69,13.88,45840
280,1 to 2 bed,Donegal,677.77,13280,167084,1184.0090322580645,0.0510368975903614,151.96,202.12,48.96,78.69,13.88,45840
281,All bedrooms,Donegal,667.09,13280,167084,1298.127292225201,0.0502326807228915,151.96,202.12,48.96,78.69,13.88,45840
282,1 to 3 bed,Donegal,666.05,13280,167084,1230.7152459016395,0.0501543674698795,151.96,202.12,48.96,78.69,13.88,45840
283,Three bed,Donegal,663.47,13280,167084,1385.131496350365,0.0499600903614457,151.96,202.12,48.96,78.69,13.88,45840
284,All bedrooms,Donegal,655.23,13280,167084,1298.127292225201,0.0493396084337349,151.96,202.12,48.96,78.69,13.88,45840
285,Three bed,Donegal,648.74,13280,167084,1385.131496350365,0.0488509036144578,151.96,202.12,48.96,78.69,13.88,45840
286,All bedrooms,Donegal,648.24,13280,167084,1298.127292225201,0.0488132530120482,151.96,202.12,48.96,78.69,13.88,45840
287,All bedrooms,Donegal,646.62,13280,167084,1298.127292225201,0.0486912650602409,151.96,202.12,48.96,78.69,13.88,45840
288,1 to 3 bed,Donegal,639.04,13280,167084,1230.7152459016395,0.0481204819277108,151.96,202.12,48.96,78.69,13.88,45840
289,Two bed,Donegal,630.45,13280,167084,1274.9833802816902,0.0474736445783132,151.96,202.12,48.96,78.69,13.88,45840
290,1 to 3 bed,Donegal,625.5,13280,167084,1230.7152459016395,0.0471009036144578,151.96,202.12,48.96,78.69,13.88,45840
291,All bedrooms,Donegal,622.06,13280,167084,1298.127292225201,0.0468418674698795,151.96,202.12,48.96,78.69,13.88,45840
292,Two bed,Donegal,619.15,13280,167084,1274.9833802816902,0.0466227409638554,151.96,202.12,48.96,78.69,13.88,45840
293,Two bed,Donegal,612.2,13280,167084,1274.9833802816902,0.0460993975903614,151.96,202.12,48.96,78.69,13.88,45840
294,All bedrooms,Donegal,610.79,13280,167084,1298.127292225201,0.0459932228915662,151.96,202.12,48.96,78.69,13.88,45840
295,1 to 2 bed,Donegal,605.77,13280,167084,1184.0090322580645,0.0456152108433734,151.96,202.12,48.96,78.69,13.88,45840
296,1 to 2 bed,Donegal,605.63,13280,167084,1184.0090322580645,0.0456046686746988,151.96,202.12,48.96,78.69,13.88,45840
297,All bedrooms,Donegal,603.84,13280,167084,1298.127292225201,0.0454698795180722,151.96,202.12,48.96,78.69,13.88,45840
298,1 to 3 bed,Donegal,602.37,13280,167084,1230.7152459016395,0.0453591867469879,151.96,202.12,48.96,78.69,13.88,45840
299,1 to 3 bed,Donegal,596.55,13280,167084,1230.7152459016395,0.0449209337349397,151.96,202.12,48.96,78.69,13.88,45840
300,One bed,Donegal,596.54,13280,167084,1057.0936904761904,0.0449201807228915,151.96,202.12,48.96,78.69,13.88,45840
301,1 to 3 bed,Donegal,592.12,13280,167084,1230.7152459016395,0.0445873493975903,151.96,202.12,48.96,78.69,13.88,45840
302,1 to 2 bed,Donegal,581.81,13280,167084,1184.0090322580645,0.0438109939759036,151.96,202.12,48.96,78.69,13.88,45840
303,1 to 3 bed,Donegal,579.01,13280,167084,1230.7152459016395,0.0436001506024096,151.96,202.12,48.96,78.69,13.88,45840
304,1 to 2 bed,Donegal,573.46,13280,167084,1184.0090322580645,0.0431822289156626,151.96,202.12,48.96,78.69,13.88,45840
305,1 to 3 bed,Donegal,565.41,13280,167084,1230.7152459016395,0.0425760542168674,151.96,202.12,48.96,78.69,13.88,45840
306,Three bed,Donegal,553.04,13280,167084,1385.131496350365,0.041644578313253,151.96,202.12,48.96,78.69,13.88,45840
307,1 to 2 bed,Donegal,552.19,13280,167084,1184.0090322580645,0.0415805722891566,151.96,202.12,48.96,78.69,13.88,45840
308,Two bed,Donegal,551.28,13280,167084,1274.9833802816902,0.041512048192771,151.96,202.12,48.96,78.69,13.88,45840
309,One bed,Donegal,538.09,13280,167084,1057.0936904761904,0.0405188253012048,151.96,202.12,48.96,78.69,13.88,45840
310,1 to 2 bed,Donegal,507.66,13280,167084,1184.0090322580645,0.0382274096385542,151.96,202.12,48.96,78.69,13.88,45840
311,Four plus bed,Dublin,4324.51,18395,1458154,1680.8637333333334,0.2350916009785268,9895.73,13623.77,1383.09,11525.39,792.11,70886
312,Four plus bed,Dublin,4213.17,18395,1458154,1680.8637333333334,0.2290388692579505,9895.73,13623.77,1383.09,11525.39,792.11,70886
313,Four plus bed,Dublin,4188.71,18395,1458154,1680.8637333333334,0.2277091600978527,9895.73,13623.77,1383.09,11525.39,792.11,70886
314,Four plus bed,Dublin,3941.27,18395,1458154,1680.8637333333334,0.2142576787170426,9895.73,13623.77,1383.09,11525.39,792.11,70886
315,Four plus bed,Dublin,3676.63,18395,1458154,1680.8637333333334,0.1998711606414786,9895.73,13623.77,1383.09,11525.39,792.11,70886
316,Four plus bed,Dublin,3585.99,18395,1458154,1680.8637333333334,0.1949437347105191,9895.73,13623.77,1383.09,11525.39,792.11,70886
317,Four plus bed,Dublin,3364.25,18395,1458154,1680.8637333333334,0.1828893721119869,9895.73,13623.77,1383.09,11525.39,792.11,70886
318,Three bed,Dublin,3298.2,18395,1458154,1385.131496350365,0.1792987224789345,9895.73,13623.77,1383.09,11525.39,792.11,70886
319,Four plus bed,Dublin,3293.0,18395,1458154,1680.8637333333334,0.179016036966567,9895.73,13623.77,1383.09,11525.39,792.11,70886
320,Four plus bed,Dublin,3281.75,18395,1458154,1680.8637333333334,0.1784044577330796,9895.73,13623.77,1383.09,11525.39,792.11,70886
321,Four plus bed,Dublin,3270.48,18395,1458154,1680.8637333333334,0.1777917912476216,9895.73,13623.77,1383.09,11525.39,792.11,70886
322,Four plus bed,Dublin,3216.02,18395,1458154,1680.8637333333334,0.1748312041315574,9895.73,13623.77,1383.09,11525.39,792.11,70886
323,Four plus bed,Dublin,3115.88,18395,1458154,1680.8637333333334,0.169387333514542,9895.73,13623.77,1383.09,11525.39,792.11,70886
324,Four plus bed,Dublin,3086.44,18395,1458154,1680.8637333333334,0.1677868986137537,9895.73,13623.77,1383.09,11525.39,792.11,70886
325,Four plus bed,Dublin,3062.55,18395,1458154,1680.8637333333334,0.1664881761348192,9895.73,13623.77,1383.09,11525.39,792.11,70886
326,Four plus bed,Dublin,3013.47,18395,1458154,1680.8637333333334,0.1638200597988584,9895.73,13623.77,1383.09,11525.39,792.11,70886
327,Four plus bed,Dublin,3006.57,18395,1458154,1680.8637333333334,0.1634449578689861,9895.73,13623.77,1383.09,11525.39,792.11,70886
328,Four plus bed,Dublin,2938.04,18395,1458154,1680.8637333333334,0.1597194889915738,9895.73,13623.77,1383.09,11525.39,792.11,70886
329,All bedrooms,Dublin,2933.85,18395,1458154,1298.127292225201,0.1594917097037238,9895.73,13623.77,1383.09,11525.39,792.11,70886
330,Four plus bed,Dublin,2933.23,18395,1458154,1680.8637333333334,0.1594580048926338,9895.73,13623.77,1383.09,11525.39,792.11,70886
331,Four plus bed,Dublin,2912.37,18395,1458154,1680.8637333333334,0.1583240010872519,9895.73,13623.77,1383.09,11525.39,792.11,70886
332,Four plus bed,Dublin,2907.53,18395,1458154,1680.8637333333334,0.1580608861103561,9895.73,13623.77,1383.09,11525.39,792.11,70886
333,Three bed,Dublin,2898.88,18395,1458154,1385.131496350365,0.1575906496330524,9895.73,13623.77,1383.09,11525.39,792.11,70886
334,All bedrooms,Dublin,2865.28,18395,1458154,1298.127292225201,0.1557640663223702,9895.73,13623.77,1383.09,11525.39,792.11,70886
335,Three bed,Dublin,2813.48,18395,1458154,1385.131496350365,0.1529480837184017,9895.73,13623.77,1383.09,11525.39,792.11,70886
336,Three bed,Dublin,2788.09,18395,1458154,1385.131496350365,0.1515678173416689,9895.73,13623.77,1383.09,11525.39,792.11,70886
337,Four plus bed,Dublin,2772.37,18395,1458154,1680.8637333333334,0.1507132372927425,9895.73,13623.77,1383.09,11525.39,792.11,70886
338,Three bed,Dublin,2734.45,18395,1458154,1385.131496350365,0.1486518075564012,9895.73,13623.77,1383.09,11525.39,792.11,70886
339,Three bed,Dublin,2727.07,18395,1458154,1385.131496350365,0.1482506115792335,9895.73,13623.77,1383.09,11525.39,792.11,70886
340,Three bed,Dublin,2726.23,18395,1458154,1385.131496350365,0.1482049469964664,9895.73,13623.77,1383.09,11525.39,792.11,70886
341,Four plus bed,Dublin,2715.31,18395,1458154,1680.8637333333334,0.1476113074204947,9895.73,13623.77,1383.09,11525.39,792.11,70886
342,All bedrooms,Dublin,2709.97,18395,1458154,1298.127292225201,0.1473210111443327,9895.73,13623.77,1383.09,11525.39,792.11,70886
343,Four plus bed,Dublin,2655.67,18395,1458154,1680.8637333333334,0.1443691220440337,9895.73,13623.77,1383.09,11525.39,792.11,70886
344,Four plus bed,Dublin,2613.35,18395,1458154,1680.8637333333334,0.1420684968741505,9895.73,13623.77,1383.09,11525.39,792.11,70886
345,Three bed,Dublin,2611.36,18395,1458154,1385.131496350365,0.1419603153030715,9895.73,13623.77,1383.09,11525.39,792.11,70886
346,Three bed,Dublin,2586.88,18395,1458154,1385.131496350365,0.140629518891003,9895.73,13623.77,1383.09,11525.39,792.11,70886
347,Three bed,Dublin,2563.85,18395,1458154,1385.131496350365,0.1393775482468062,9895.73,13623.77,1383.09,11525.39,792.11,70886
348,Three bed,Dublin,2548.56,18395,1458154,1385.131496350365,0.1385463441152487,9895.73,13623.77,1383.09,11525.39,792.11,70886
349,Four plus bed,Dublin,2543.96,18395,1458154,1680.8637333333334,0.1382962761620005,9895.73,13623.77,1383.09,11525.39,792.11,70886
350,Three bed,Dublin,2493.3,18395,1458154,1385.131496350365,0.1355422669203588,9895.73,13623.77,1383.09,11525.39,792.11,70886
351,Three bed,Dublin,2485.67,18395,1458154,1385.131496350365,0.135127480293558,9895.73,13623.77,1383.09,11525.39,792.11,70886
352,Three bed,Dublin,2473.57,18395,1458154,1385.131496350365,0.1344696928513183,9895.73,13623.77,1383.09,11525.39,792.11,70886
353,Four plus bed,Dublin,2466.18,18395,1458154,1680.8637333333334,0.1340679532481652,9895.73,13623.77,1383.09,11525.39,792.11,70886
354,Two bed,Dublin,2465.49,18395,1458154,1274.9833802816902,0.134030443055178,9895.73,13623.77,1383.09,11525.39,792.11,70886
355,All bedrooms,Dublin,2462.86,18395,1458154,1298.127292225201,0.1338874694210383,9895.73,13623.77,1383.09,11525.39,792.11,70886
356,Three bed,Dublin,2455.86,18395,1458154,1385.131496350365,0.1335069312313128,9895.73,13623.77,1383.09,11525.39,792.11,70886
357,Three bed,Dublin,2453.93,18395,1458154,1385.131496350365,0.1334020114161457,9895.73,13623.77,1383.09,11525.39,792.11,70886
358,All bedrooms,Dublin,2443.32,18395,1458154,1298.127292225201,0.1328252242457189,9895.73,13623.77,1383.09,11525.39,792.11,70886
359,Three bed,Dublin,2437.27,18395,1458154,1385.131496350365,0.132496330524599,9895.73,13623.77,1383.09,11525.39,792.11,70886
360,Four plus bed,Dublin,2435.79,18395,1458154,1680.8637333333334,0.1324158738787714,9895.73,13623.77,1383.09,11525.39,792.11,70886
361,Three bed,Dublin,2430.66,18395,1458154,1385.131496350365,0.1321369937483011,9895.73,13623.77,1383.09,11525.39,792.11,70886
362,All bedrooms,Dublin,2421.71,18395,1458154,1298.127292225201,0.1316504484914379,9895.73,13623.77,1383.09,11525.39,792.11,70886
363,Three bed,Dublin,2404.69,18395,1458154,1385.131496350365,0.1307251970644196,9895.73,13623.77,1383.09,11525.39,792.11,70886
364,Three bed,Dublin,2401.7,18395,1458154,1385.131496350365,0.1305626528948083,9895.73,13623.77,1383.09,11525.39,792.11,70886
365,Four plus bed,Dublin,2400.68,18395,1458154,1680.8637333333334,0.1305072030443055,9895.73,13623.77,1383.09,11525.39,792.11,70886
366,All bedrooms,Dublin,2396.3,18395,1458154,1298.127292225201,0.1302690948627344,9895.73,13623.77,1383.09,11525.39,792.11,70886
367,All bedrooms,Dublin,2391.13,18395,1458154,1298.127292225201,0.1299880402283229,9895.73,13623.77,1383.09,11525.39,792.11,70886
368,1 to 3 bed,Dublin,2391.13,18395,1458154,1230.7152459016395,0.1299880402283229,9895.73,13623.77,1383.09,11525.39,792.11,70886
369,All bedrooms,Dublin,2378.75,18395,1458154,1298.127292225201,0.1293150312584941,9895.73,13623.77,1383.09,11525.39,792.11,70886
370,All bedrooms,Dublin,2369.66,18395,1458154,1298.127292225201,0.1288208752378363,9895.73,13623.77,1383.09,11525.39,792.11,70886
371,Three bed,Dublin,2369.4,18395,1458154,1385.131496350365,0.128806740962218,9895.73,13623.77,1383.09,11525.39,792.11,70886
372,Three bed,Dublin,2357.69,18395,1458154,1385.131496350365,0.1281701549334058,9895.73,13623.77,1383.09,11525.39,792.11,70886
373,1 to 2 bed,Dublin,2355.29,18395,1458154,1184.0090322580645,0.1280396846969285,9895.73,13623.77,1383.09,11525.39,792.11,70886
374,Three bed,Dublin,2350.69,18395,1458154,1385.131496350365,0.1277896167436803,9895.73,13623.77,1383.09,11525.39,792.11,70886
375,1 to 3 bed,Dublin,2328.36,18395,1458154,1230.7152459016395,0.1265756999184561,9895.73,13623.77,1383.09,11525.39,792.11,70886
376,All bedrooms,Dublin,2325.22,18395,1458154,1298.127292225201,0.1264050013590649,9895.73,13623.77,1383.09,11525.39,792.11,70886
377,Four plus bed,Dublin,2324.97,18395,1458154,1680.8637333333334,0.1263914107094319,9895.73,13623.77,1383.09,11525.39,792.11,70886
378,All bedrooms,Dublin,2319.38,18395,1458154,1298.127292225201,0.1260875237836368,9895.73,13623.77,1383.09,11525.39,792.11,70886
379,Two bed,Dublin,2319.38,18395,1458154,1274.9833802816902,0.1260875237836368,9895.73,13623.77,1383.09,11525.39,792.11,70886
380,Two bed,Dublin,2311.47,18395,1458154,1274.9833802816902,0.125657515629247,9895.73,13623.77,1383.09,11525.39,792.11,70886
381,Three bed,Dublin,2305.5,18395,1458154,1385.131496350365,0.1253329709160097,9895.73,13623.77,1383.09,11525.39,792.11,70886
382,1 to 3 bed,Dublin,2300.76,18395,1458154,1230.7152459016395,0.1250752921989671,9895.73,13623.77,1383.09,11525.39,792.11,70886
383,Three bed,Dublin,2296.52,18395,1458154,1385.131496350365,0.1248447947811905,9895.73,13623.77,1383.09,11525.39,792.11,70886
384,Three bed,Dublin,2290.1,18395,1458154,1385.131496350365,0.1244957868986137,9895.73,13623.77,1383.09,11525.39,792.11,70886
385,1 to 3 bed,Dublin,2272.65,18395,1458154,1230.7152459016395,0.1235471595542267,9895.73,13623.77,1383.09,11525.39,792.11,70886
386,Three bed,Dublin,2269.31,18395,1458154,1385.131496350365,0.1233655884751291,9895.73,13623.77,1383.09,11525.39,792.11,70886
387,Three bed,Dublin,2269.3,18395,1458154,1385.131496350365,0.1233650448491438,9895.73,13623.77,1383.09,11525.39,792.11,70886
388,All bedrooms,Dublin,2260.94,18395,1458154,1298.127292225201,0.1229105735254145,9895.73,13623.77,1383.09,11525.39,792.11,70886
389,All bedrooms,Dublin,2257.36,18395,1458154,1298.127292225201,0.1227159554226692,9895.73,13623.77,1383.09,11525.39,792.11,70886
390,1 to 3 bed,Dublin,2257.36,18395,1458154,1230.7152459016395,0.1227159554226692,9895.73,13623.77,1383.09,11525.39,792.11,70886
391,All bedrooms,Dublin,2248.3,18395,1458154,1298.127292225201,0.1222234302799673,9895.73,13623.77,1383.09,11525.39,792.11,70886
392,Three bed,Dublin,2247.94,18395,1458154,1385.131496350365,0.1222038597444958,9895.73,13623.77,1383.09,11525.39,792.11,70886
393,Four plus bed,Dublin,2241.21,18395,1458154,1680.8637333333334,0.121837999456374,9895.73,13623.77,1383.09,11525.39,792.11,70886
394,1 to 2 bed,Dublin,2231.09,18395,1458154,1184.0090322580645,0.121287849959228,9895.73,13623.77,1383.09,11525.39,792.11,70886
395,Two bed,Dublin,2229.49,18395,1458154,1274.9833802816902,0.1212008698015765,9895.73,13623.77,1383.09,11525.39,792.11,70886
396,1 to 3 bed,Dublin,2221.44,18395,1458154,1230.7152459016395,0.1207632508833922,9895.73,13623.77,1383.09,11525.39,792.11,70886
397,All bedrooms,Dublin,2205.82,18395,1458154,1298.127292225201,0.1199141070943191,9895.73,13623.77,1383.09,11525.39,792.11,70886
398,Three bed,Dublin,2201.3,18395,1458154,1385.131496350365,0.1196683881489535,9895.73,13623.77,1383.09,11525.39,792.11,70886
399,All bedrooms,Dublin,2201.26,18395,1458154,1298.127292225201,0.1196662136450122,9895.73,13623.77,1383.09,11525.39,792.11,70886
400,Three bed,Dublin,2201.15,18395,1458154,1385.131496350365,0.1196602337591736,9895.73,13623.77,1383.09,11525.39,792.11,70886
401,Four plus bed,Dublin,2195.19,18395,1458154,1680.8637333333334,0.1193362326719217,9895.73,13623.77,1383.09,11525.39,792.11,70886
402,Two bed,Dublin,2183.87,18395,1458154,1274.9833802816902,0.1187208480565371,9895.73,13623.77,1383.09,11525.39,792.11,70886
403,1 to 2 bed,Dublin,2182.6,18395,1458154,1184.0090322580645,0.1186518075564011,9895.73,13623.77,1383.09,11525.39,792.11,70886
404,Three bed,Dublin,2177.36,18395,1458154,1385.131496350365,0.1183669475400924,9895.73,13623.77,1383.09,11525.39,792.11,70886
405,1 to 3 bed,Dublin,2174.78,18395,1458154,1230.7152459016395,0.1182266920358793,9895.73,13623.77,1383.09,11525.39,792.11,70886
406,Three bed,Dublin,2172.8,18395,1458154,1385.131496350365,0.1181190540907855,9895.73,13623.77,1383.09,11525.39,792.11,70886
407,Three bed,Dublin,2161.16,18395,1458154,1385.131496350365,0.1174862734438706,9895.73,13623.77,1383.09,11525.39,792.11,70886
408,All bedrooms,Dublin,2152.15,18395,1458154,1298.127292225201,0.1169964664310954,9895.73,13623.77,1383.09,11525.39,792.11,70886
409,Three bed,Dublin,2150.46,18395,1458154,1385.131496350365,0.1169045936395759,9895.73,13623.77,1383.09,11525.39,792.11,70886
410,1 to 3 bed,Dublin,2141.15,18395,1458154,1230.7152459016395,0.1163984778472411,9895.73,13623.77,1383.09,11525.39,792.11,70886
411,Three bed,Dublin,2140.0,18395,1458154,1385.131496350365,0.116335960858929,9895.73,13623.77,1383.09,11525.39,792.11,70886
412,1 to 3 bed,Dublin,2139.52,18395,1458154,1230.7152459016395,0.1163098668116335,9895.73,13623.77,1383.09,11525.39,792.11,70886
413,Three bed,Dublin,2137.59,18395,1458154,1385.131496350365,0.1162049469964664,9895.73,13623.77,1383.09,11525.39,792.11,70886
414,Three bed,Dublin,2129.01,18395,1458154,1385.131496350365,0.11573851590106,9895.73,13623.77,1383.09,11525.39,792.11,70886
415,Two bed,Dublin,2128.04,18395,1458154,1274.9833802816902,0.1156857841804838,9895.73,13623.77,1383.09,11525.39,792.11,70886
416,Two bed,Dublin,2126.73,18395,1458154,1274.9833802816902,0.1156145691764066,9895.73,13623.77,1383.09,11525.39,792.11,70886
417,All bedrooms,Dublin,2123.84,18395,1458154,1298.127292225201,0.1154574612666485,9895.73,13623.77,1383.09,11525.39,792.11,70886
418,1 to 3 bed,Dublin,2123.84,18395,1458154,1230.7152459016395,0.1154574612666485,9895.73,13623.77,1383.09,11525.39,792.11,70886
419,Three bed,Dublin,2117.31,18395,1458154,1385.131496350365,0.1151024734982332,9895.73,13623.77,1383.09,11525.39,792.11,70886
420,Three bed,Dublin,2116.21,18395,1458154,1385.131496350365,0.1150426746398477,9895.73,13623.77,1383.09,11525.39,792.11,70886
421,Two bed,Dublin,2113.83,18395,1458154,1274.9833802816902,0.1149132916553411,9895.73,13623.77,1383.09,11525.39,792.11,70886
422,Three bed,Dublin,2112.73,18395,1458154,1385.131496350365,0.1148534927969557,9895.73,13623.77,1383.09,11525.39,792.11,70886
423,Two bed,Dublin,2111.6,18395,1458154,1274.9833802816902,0.1147920630606142,9895.73,13623.77,1383.09,11525.39,792.11,70886
424,All bedrooms,Dublin,2109.05,18395,1458154,1298.127292225201,0.1146534384343571,9895.73,13623.77,1383.09,11525.39,792.11,70886
425,Two bed,Dublin,2108.91,18395,1458154,1274.9833802816902,0.1146458276705626,9895.73,13623.77,1383.09,11525.39,792.11,70886
426,1 to 2 bed,Dublin,2108.76,18395,1458154,1184.0090322580645,0.1146376732807828,9895.73,13623.77,1383.09,11525.39,792.11,70886
427,All bedrooms,Dublin,2103.97,18395,1458154,1298.127292225201,0.1143772764338135,9895.73,13623.77,1383.09,11525.39,792.11,70886
428,Three bed,Dublin,2101.04,18395,1458154,1385.131496350365,0.1142179940201141,9895.73,13623.77,1383.09,11525.39,792.11,70886
429,All bedrooms,Dublin,2099.82,18395,1458154,1298.127292225201,0.1141516716499048,9895.73,13623.77,1383.09,11525.39,792.11,70886
430,All bedrooms,Dublin,2098.39,18395,1458154,1298.127292225201,0.1140739331340038,9895.73,13623.77,1383.09,11525.39,792.11,70886
431,All bedrooms,Dublin,2098.07,18395,1458154,1298.127292225201,0.1140565371024735,9895.73,13623.77,1383.09,11525.39,792.11,70886
432,Two bed,Dublin,2086.19,18395,1458154,1274.9833802816902,0.1134107094319108,9895.73,13623.77,1383.09,11525.39,792.11,70886
433,All bedrooms,Dublin,2076.69,18395,1458154,1298.127292225201,0.1128942647458548,9895.73,13623.77,1383.09,11525.39,792.11,70886
434,Four plus bed,Dublin,2070.6,18395,1458154,1680.8637333333334,0.1125631965207936,9895.73,13623.77,1383.09,11525.39,792.11,70886
435,All bedrooms,Dublin,2069.45,18395,1458154,1298.127292225201,0.1125006795324816,9895.73,13623.77,1383.09,11525.39,792.11,70886
436,Two bed,Dublin,2064.34,18395,1458154,1274.9833802816902,0.112222886653982,9895.73,13623.77,1383.09,11525.39,792.11,70886
437,All bedrooms,Dublin,2062.96,18395,1458154,1298.127292225201,0.1121478662680076,9895.73,13623.77,1383.09,11525.39,792.11,70886
438,All bedrooms,Dublin,2059.67,18395,1458154,1298.127292225201,0.1119690133188366,9895.73,13623.77,1383.09,11525.39,792.11,70886
439,1 to 3 bed,Dublin,2059.45,18395,1458154,1230.7152459016395,0.1119570535471595,9895.73,13623.77,1383.09,11525.39,792.11,70886
440,1 to 3 bed,Dublin,2058.88,18395,1458154,1230.7152459016395,0.1119260668659962,9895.73,13623.77,1383.09,11525.39,792.11,70886
441,1 to 3 bed,Dublin,2057.83,18395,1458154,1230.7152459016395,0.1118689861375373,9895.73,13623.77,1383.09,11525.39,792.11,70886
442,All bedrooms,Dublin,2056.75,18395,1458154,1298.127292225201,0.1118102745311225,9895.73,13623.77,1383.09,11525.39,792.11,70886
443,1 to 2 bed,Dublin,2056.68,18395,1458154,1184.0090322580645,0.1118064691492253,9895.73,13623.77,1383.09,11525.39,792.11,70886
444,Two bed,Dublin,2054.65,18395,1458154,1274.9833802816902,0.1116961130742049,9895.73,13623.77,1383.09,11525.39,792.11,70886
445,Two bed,Dublin,2049.28,18395,1458154,1274.9833802816902,0.111404185920087,9895.73,13623.77,1383.09,11525.39,792.11,70886
446,1 to 3 bed,Dublin,2046.42,18395,1458154,1230.7152459016395,0.1112487088882848,9895.73,13623.77,1383.09,11525.39,792.11,70886
447,1 to 3 bed,Dublin,2045.99,18395,1458154,1230.7152459016395,0.111225332970916,9895.73,13623.77,1383.09,11525.39,792.11,70886
448,1 to 3 bed,Dublin,2042.83,18395,1458154,1230.7152459016395,0.1110535471595542,9895.73,13623.77,1383.09,11525.39,792.11,70886
449,Two bed,Dublin,2041.1,18395,1458154,1274.9833802816902,0.1109594998640935,9895.73,13623.77,1383.09,11525.39,792.11,70886
450,Two bed,Dublin,2040.41,18395,1458154,1274.9833802816902,0.1109219896711062,9895.73,13623.77,1383.09,11525.39,792.11,70886
451,1 to 3 bed,Dublin,2039.58,18395,1458154,1230.7152459016395,0.1108768687143245,9895.73,13623.77,1383.09,11525.39,792.11,70886
452,Two bed,Dublin,2034.61,18395,1458154,1274.9833802816902,0.1106066865996194,9895.73,13623.77,1383.09,11525.39,792.11,70886
453,Three bed,Dublin,2034.3,18395,1458154,1385.131496350365,0.1105898341940744,9895.73,13623.77,1383.09,11525.39,792.11,70886
454,1 to 3 bed,Dublin,2032.66,18395,1458154,1230.7152459016395,0.1105006795324816,9895.73,13623.77,1383.09,11525.39,792.11,70886
455,Two bed,Dublin,2024.86,18395,1458154,1274.9833802816902,0.1100766512639304,9895.73,13623.77,1383.09,11525.39,792.11,70886
456,1 to 3 bed,Dublin,2022.27,18395,1458154,1230.7152459016395,0.109935852133732,9895.73,13623.77,1383.09,11525.39,792.11,70886
457,1 to 2 bed,Dublin,2020.77,18395,1458154,1184.0090322580645,0.1098543082359336,9895.73,13623.77,1383.09,11525.39,792.11,70886
458,1 to 3 bed,Dublin,2018.57,18395,1458154,1230.7152459016395,0.1097347105191628,9895.73,13623.77,1383.09,11525.39,792.11,70886
459,All bedrooms,Dublin,2017.85,18395,1458154,1298.127292225201,0.1096955694482196,9895.73,13623.77,1383.09,11525.39,792.11,70886
460,Three bed,Dublin,2017.76,18395,1458154,1385.131496350365,0.1096906768143517,9895.73,13623.77,1383.09,11525.39,792.11,70886
461,1 to 3 bed,Dublin,2017.55,18395,1458154,1230.7152459016395,0.1096792606686599,9895.73,13623.77,1383.09,11525.39,792.11,70886
462,Three bed,Dublin,2012.66,18395,1458154,1385.131496350365,0.1094134275618374,9895.73,13623.77,1383.09,11525.39,792.11,70886
463,Three bed,Dublin,2012.05,18395,1458154,1385.131496350365,0.1093802663767328,9895.73,13623.77,1383.09,11525.39,792.11,70886
464,1 to 2 bed,Dublin,2011.29,18395,1458154,1184.0090322580645,0.1093389508018483,9895.73,13623.77,1383.09,11525.39,792.11,70886
465,Two bed,Dublin,2007.82,18395,1458154,1274.9833802816902,0.1091503125849415,9895.73,13623.77,1383.09,11525.39,792.11,70886
466,Three bed,Dublin,2005.68,18395,1458154,1385.131496350365,0.1090339766240826,9895.73,13623.77,1383.09,11525.39,792.11,70886
467,1 to 3 bed,Dublin,2004.38,18395,1458154,1230.7152459016395,0.1089633052459907,9895.73,13623.77,1383.09,11525.39,792.11,70886
468,Two bed,Dublin,2004.02,18395,1458154,1274.9833802816902,0.1089437347105191,9895.73,13623.77,1383.09,11525.39,792.11,70886
469,All bedrooms,Dublin,2002.39,18395,1458154,1298.127292225201,0.1088551236749116,9895.73,13623.77,1383.09,11525.39,792.11,70886
470,Two bed,Dublin,2001.16,18395,1458154,1274.9833802816902,0.108788257678717,9895.73,13623.77,1383.09,11525.39,792.11,70886
471,Three bed,Dublin,1999.33,18395,1458154,1385.131496350365,0.1086887741234031,9895.73,13623.77,1383.09,11525.39,792.11,70886
472,All bedrooms,Dublin,1998.72,18395,1458154,1298.127292225201,0.1086556129382984,9895.73,13623.77,1383.09,11525.39,792.11,70886
473,1 to 3 bed,Dublin,1990.69,18395,1458154,1230.7152459016395,0.1082190812720848,9895.73,13623.77,1383.09,11525.39,792.11,70886
474,1 to 2 bed,Dublin,1990.2,18395,1458154,1184.0090322580645,0.108192443598804,9895.73,13623.77,1383.09,11525.39,792.11,70886
475,Three bed,Dublin,1990.17,18395,1458154,1385.131496350365,0.108190812720848,9895.73,13623.77,1383.09,11525.39,792.11,70886
476,All bedrooms,Dublin,1988.71,18395,1458154,1298.127292225201,0.108111443326991,9895.73,13623.77,1383.09,11525.39,792.11,70886
477,Three bed,Dublin,1988.13,18395,1458154,1385.131496350365,0.1080799130198423,9895.73,13623.77,1383.09,11525.39,792.11,70886
478,All bedrooms,Dublin,1988.02,18395,1458154,1298.127292225201,0.1080739331340038,9895.73,13623.77,1383.09,11525.39,792.11,70886
479,1 to 2 bed,Dublin,1986.57,18395,1458154,1184.0090322580645,0.1079951073661321,9895.73,13623.77,1383.09,11525.39,792.11,70886
480,1 to 2 bed,Dublin,1986.39,18395,1458154,1184.0090322580645,0.1079853220983963,9895.73,13623.77,1383.09,11525.39,792.11,70886
481,Two bed,Dublin,1981.3,18395,1458154,1274.9833802816902,0.1077086164718673,9895.73,13623.77,1383.09,11525.39,792.11,70886
482,Two bed,Dublin,1979.26,18395,1458154,1274.9833802816902,0.1075977167708616,9895.73,13623.77,1383.09,11525.39,792.11,70886
483,Two bed,Dublin,1977.76,18395,1458154,1274.9833802816902,0.1075161728730633,9895.73,13623.77,1383.09,11525.39,792.11,70886
484,Three bed,Dublin,1976.94,18395,1458154,1385.131496350365,0.1074715955422669,9895.73,13623.77,1383.09,11525.39,792.11,70886
485,All bedrooms,Dublin,1973.08,18395,1458154,1298.127292225201,0.1072617559119325,9895.73,13623.77,1383.09,11525.39,792.11,70886
486,All bedrooms,Dublin,1969.86,18395,1458154,1298.127292225201,0.1070867083446588,9895.73,13623.77,1383.09,11525.39,792.11,70886
487,1 to 2 bed,Dublin,1969.71,18395,1458154,1184.0090322580645,0.107078553954879,9895.73,13623.77,1383.09,11525.39,792.11,70886
488,All bedrooms,Dublin,1968.8,18395,1458154,1298.127292225201,0.1070290839902147,9895.73,13623.77,1383.09,11525.39,792.11,70886
489,1 to 3 bed,Dublin,1966.55,18395,1458154,1230.7152459016395,0.1069067681435172,9895.73,13623.77,1383.09,11525.39,792.11,70886
490,Three bed,Dublin,1966.21,18395,1458154,1385.131496350365,0.1068882848600163,9895.73,13623.77,1383.09,11525.39,792.11,70886
491,Two bed,Dublin,1965.41,18395,1458154,1274.9833802816902,0.1068447947811905,9895.73,13623.77,1383.09,11525.39,792.11,70886
492,Three bed,Dublin,1963.61,18395,1458154,1385.131496350365,0.1067469421038325,9895.73,13623.77,1383.09,11525.39,792.11,70886
493,Three bed,Dublin,1963.58,18395,1458154,1385.131496350365,0.1067453112258765,9895.73,13623.77,1383.09,11525.39,792.11,70886
494,Two bed,Dublin,1960.69,18395,1458154,1274.9833802816902,0.1065882033161185,9895.73,13623.77,1383.09,11525.39,792.11,70886
495,1 to 3 bed,Dublin,1959.25,18395,1458154,1230.7152459016395,0.1065099211742321,9895.73,13623.77,1383.09,11525.39,792.11,70886
496,1 to 3 bed,Dublin,1958.51,18395,1458154,1230.7152459016395,0.1064696928513183,9895.73,13623.77,1383.09,11525.39,792.11,70886
497,Two bed,Dublin,1956.58,18395,1458154,1274.9833802816902,0.1063647730361511,9895.73,13623.77,1383.09,11525.39,792.11,70886
498,1 to 2 bed,Dublin,1952.02,18395,1458154,1184.0090322580645,0.1061168795868442,9895.73,13623.77,1383.09,11525.39,792.11,70886
499,Two bed,Dublin,1951.61,18395,1458154,1274.9833802816902,0.106094590921446,9895.73,13623.77,1383.09,11525.39,792.11,70886
500,Two bed,Dublin,1947.7,18395,1458154,1274.9833802816902,0.1058820331611851,9895.73,13623.77,1383.09,11525.39,792.11,70886
501,All bedrooms,Dublin,1947.18,18395,1458154,1298.127292225201,0.1058537646099483,9895.73,13623.77,1383.09,11525.39,792.11,70886
502,1 to 2 bed,Dublin,1946.33,18395,1458154,1184.0090322580645,0.1058075564011959,9895.73,13623.77,1383.09,11525.39,792.11,70886
503,Three bed,Dublin,1944.38,18395,1458154,1385.131496350365,0.1057015493340581,9895.73,13623.77,1383.09,11525.39,792.11,70886
504,Two bed,Dublin,1938.82,18395,1458154,1274.9833802816902,0.105399293286219,9895.73,13623.77,1383.09,11525.39,792.11,70886
505,1 to 3 bed,Dublin,1937.04,18395,1458154,1230.7152459016395,0.1053025278608317,9895.73,13623.77,1383.09,11525.39,792.11,70886
506,All bedrooms,Dublin,1935.66,18395,1458154,1298.127292225201,0.1052275074748573,9895.73,13623.77,1383.09,11525.39,792.11,70886
507,Two bed,Dublin,1934.87,18395,1458154,1274.9833802816902,0.1051845610220168,9895.73,13623.77,1383.09,11525.39,792.11,70886
508,1 to 2 bed,Dublin,1933.92,18395,1458154,1184.0090322580645,0.1051329165534112,9895.73,13623.77,1383.09,11525.39,792.11,70886
509,All bedrooms,Dublin,1933.12,18395,1458154,1298.127292225201,0.1050894264745854,9895.73,13623.77,1383.09,11525.39,792.11,70886
510,Four plus bed,Dublin,1927.06,18395,1458154,1680.8637333333334,0.1047599891274802,9895.73,13623.77,1383.09,11525.39,792.11,70886
511,1 to 2 bed,Dublin,1924.86,18395,1458154,1184.0090322580645,0.1046403914107094,9895.73,13623.77,1383.09,11525.39,792.11,70886
512,Three bed,Dublin,1922.84,18395,1458154,1385.131496350365,0.1045305789616743,9895.73,13623.77,1383.09,11525.39,792.11,70886
513,1 to 3 bed,Dublin,1921.87,18395,1458154,1230.7152459016395,0.1044778472410981,9895.73,13623.77,1383.09,11525.39,792.11,70886
514,Three bed,Dublin,1921.83,18395,1458154,1385.131496350365,0.1044756727371568,9895.73,13623.77,1383.09,11525.39,792.11,70886
515,1 to 2 bed,Dublin,1920.19,18395,1458154,1184.0090322580645,0.104386518075564,9895.73,13623.77,1383.09,11525.39,792.11,70886
516,Three bed,Dublin,1919.11,18395,1458154,1385.131496350365,0.1043278064691492,9895.73,13623.77,1383.09,11525.39,792.11,70886
517,Two bed,Dublin,1919.05,18395,1458154,1274.9833802816902,0.1043245447132373,9895.73,13623.77,1383.09,11525.39,792.11,70886
518,1 to 2 bed,Dublin,1918.92,18395,1458154,1184.0090322580645,0.1043174775754281,9895.73,13623.77,1383.09,11525.39,792.11,70886
519,Three bed,Dublin,1915.99,18395,1458154,1385.131496350365,0.1041581951617287,9895.73,13623.77,1383.09,11525.39,792.11,70886
520,All bedrooms,Dublin,1904.4,18395,1458154,1298.127292225201,0.1035281326447404,9895.73,13623.77,1383.09,11525.39,792.11,70886
521,All bedrooms,Dublin,1904.32,18395,1458154,1298.127292225201,0.1035237836368578,9895.73,13623.77,1383.09,11525.39,792.11,70886
522,1 to 3 bed,Dublin,1904.32,18395,1458154,1230.7152459016395,0.1035237836368578,9895.73,13623.77,1383.09,11525.39,792.11,70886
523,1 to 2 bed,Dublin,1903.22,18395,1458154,1184.0090322580645,0.1034639847784724,9895.73,13623.77,1383.09,11525.39,792.11,70886
524,Three bed,Dublin,1902.1,18395,1458154,1385.131496350365,0.1034030986681163,9895.73,13623.77,1383.09,11525.39,792.11,70886
525,All bedrooms,Dublin,1901.34,18395,1458154,1298.127292225201,0.1033617830932318,9895.73,13623.77,1383.09,11525.39,792.11,70886
526,All bedrooms,Dublin,1899.9,18395,1458154,1298.127292225201,0.1032835009513454,9895.73,13623.77,1383.09,11525.39,792.11,70886
527,Four plus bed,Dublin,1898.88,18395,1458154,1680.8637333333334,0.1032280511008426,9895.73,13623.77,1383.09,11525.39,792.11,70886
528,All bedrooms,Dublin,1895.99,18395,1458154,1298.127292225201,0.1030709431910845,9895.73,13623.77,1383.09,11525.39,792.11,70886
529,All bedrooms,Dublin,1895.99,18395,1458154,1298.127292225201,0.1030709431910845,9895.73,13623.77,1383.09,11525.39,792.11,70886
530,All bedrooms,Dublin,1894.74,18395,1458154,1298.127292225201,0.1030029899429192,9895.73,13623.77,1383.09,11525.39,792.11,70886
531,Two bed,Dublin,1892.57,18395,1458154,1274.9833802816902,0.1028850231041043,9895.73,13623.77,1383.09,11525.39,792.11,70886
532,1 to 3 bed,Dublin,1892.08,18395,1458154,1230.7152459016395,0.1028583854308236,9895.73,13623.77,1383.09,11525.39,792.11,70886
533,All bedrooms,Dublin,1889.85,18395,1458154,1298.127292225201,0.1027371568360967,9895.73,13623.77,1383.09,11525.39,792.11,70886
534,Two bed,Dublin,1889.33,18395,1458154,1274.9833802816902,0.10270888828486,9895.73,13623.77,1383.09,11525.39,792.11,70886
535,Three bed,Dublin,1889.0,18395,1458154,1385.131496350365,0.1026909486273443,9895.73,13623.77,1383.09,11525.39,792.11,70886
536,1 to 3 bed,Dublin,1887.57,18395,1458154,1230.7152459016395,0.1026132101114433,9895.73,13623.77,1383.09,11525.39,792.11,70886
537,1 to 2 bed,Dublin,1887.54,18395,1458154,1184.0090322580645,0.1026115792334873,9895.73,13623.77,1383.09,11525.39,792.11,70886
538,1 to 3 bed,Dublin,1885.27,18395,1458154,1230.7152459016395,0.1024881761348192,9895.73,13623.77,1383.09,11525.39,792.11,70886
539,Two bed,Dublin,1884.51,18395,1458154,1274.9833802816902,0.1024468605599347,9895.73,13623.77,1383.09,11525.39,792.11,70886
540,Four plus bed,Dublin,1884.46,18395,1458154,1680.8637333333334,0.1024441424300081,9895.73,13623.77,1383.09,11525.39,792.11,70886
541,All bedrooms,Dublin,1883.36,18395,1458154,1298.127292225201,0.1023843435716227,9895.73,13623.77,1383.09,11525.39,792.11,70886
542,1 to 2 bed,Dublin,1878.53,18395,1458154,1184.0090322580645,0.1021217722207121,9895.73,13623.77,1383.09,11525.39,792.11,70886
543,Three bed,Dublin,1877.47,18395,1458154,1385.131496350365,0.102064147866268,9895.73,13623.77,1383.09,11525.39,792.11,70886
544,All bedrooms,Dublin,1873.97,18395,1458154,1298.127292225201,0.1018738787714052,9895.73,13623.77,1383.09,11525.39,792.11,70886
545,1 to 3 bed,Dublin,1873.72,18395,1458154,1230.7152459016395,0.1018602881217722,9895.73,13623.77,1383.09,11525.39,792.11,70886
546,All bedrooms,Dublin,1873.69,18395,1458154,1298.127292225201,0.1018586572438162,9895.73,13623.77,1383.09,11525.39,792.11,70886
547,All bedrooms,Dublin,1872.38,18395,1458154,1298.127292225201,0.101787442239739,9895.73,13623.77,1383.09,11525.39,792.11,70886
548,1 to 3 bed,Dublin,1872.38,18395,1458154,1230.7152459016395,0.101787442239739,9895.73,13623.77,1383.09,11525.39,792.11,70886
549,1 to 3 bed,Dublin,1871.82,18395,1458154,1230.7152459016395,0.101756999184561,9895.73,13623.77,1383.09,11525.39,792.11,70886
550,Two bed,Dublin,1870.83,18395,1458154,1274.9833802816902,0.1017031802120141,9895.73,13623.77,1383.09,11525.39,792.11,70886
551,One bed,Dublin,1870.73,18395,1458154,1057.0936904761904,0.1016977439521609,9895.73,13623.77,1383.09,11525.39,792.11,70886
552,1 to 2 bed,Dublin,1868.67,18395,1458154,1184.0090322580645,0.1015857569991845,9895.73,13623.77,1383.09,11525.39,792.11,70886
553,1 to 3 bed,Dublin,1868.18,18395,1458154,1230.7152459016395,0.1015591193259037,9895.73,13623.77,1383.09,11525.39,792.11,70886
554,All bedrooms,Dublin,1868.14,18395,1458154,1298.127292225201,0.1015569448219625,9895.73,13623.77,1383.09,11525.39,792.11,70886
555,1 to 2 bed,Dublin,1866.64,18395,1458154,1184.0090322580645,0.1014754009241641,9895.73,13623.77,1383.09,11525.39,792.11,70886
556,Two bed,Dublin,1865.93,18395,1458154,1274.9833802816902,0.1014368034792063,9895.73,13623.77,1383.09,11525.39,792.11,70886
557,Two bed,Dublin,1865.5,18395,1458154,1274.9833802816902,0.1014134275618374,9895.73,13623.77,1383.09,11525.39,792.11,70886
558,1 to 2 bed,Dublin,1865.11,18395,1458154,1184.0090322580645,0.1013922261484098,9895.73,13623.77,1383.09,11525.39,792.11,70886
559,1 to 3 bed,Dublin,1864.7,18395,1458154,1230.7152459016395,0.1013699374830117,9895.73,13623.77,1383.09,11525.39,792.11,70886
560,1 to 3 bed,Dublin,1863.88,18395,1458154,1230.7152459016395,0.1013253601522152,9895.73,13623.77,1383.09,11525.39,792.11,70886
561,All bedrooms,Dublin,1863.55,18395,1458154,1298.127292225201,0.1013074204946996,9895.73,13623.77,1383.09,11525.39,792.11,70886
562,Three bed,Dublin,1862.82,18395,1458154,1385.131496350365,0.1012677357977711,9895.73,13623.77,1383.09,11525.39,792.11,70886
563,1 to 3 bed,Dublin,1861.21,18395,1458154,1230.7152459016395,0.1011802120141342,9895.73,13623.77,1383.09,11525.39,792.11,70886
564,All bedrooms,Dublin,1860.69,18395,1458154,1298.127292225201,0.1011519434628975,9895.73,13623.77,1383.09,11525.39,792.11,70886
565,Two bed,Dublin,1859.43,18395,1458154,1274.9833802816902,0.1010834465887469,9895.73,13623.77,1383.09,11525.39,792.11,70886
566,1 to 3 bed,Dublin,1856.72,18395,1458154,1230.7152459016395,0.1009361239467246,9895.73,13623.77,1383.09,11525.39,792.11,70886
567,1 to 3 bed,Dublin,1855.0,18395,1458154,1230.7152459016395,0.1008426202772492,9895.73,13623.77,1383.09,11525.39,792.11,70886
568,Three bed,Dublin,1854.52,18395,1458154,1385.131496350365,0.1008165262299538,9895.73,13623.77,1383.09,11525.39,792.11,70886
569,Two bed,Dublin,1853.2,18395,1458154,1274.9833802816902,0.1007447675998912,9895.73,13623.77,1383.09,11525.39,792.11,70886
570,1 to 2 bed,Dublin,1853.0,18395,1458154,1184.0090322580645,0.1007338950801848,9895.73,13623.77,1383.09,11525.39,792.11,70886
571,1 to 3 bed,Dublin,1852.65,18395,1458154,1230.7152459016395,0.1007148681706985,9895.73,13623.77,1383.09,11525.39,792.11,70886
572,1 to 2 bed,Dublin,1852.64,18395,1458154,1184.0090322580645,0.1007143245447132,9895.73,13623.77,1383.09,11525.39,792.11,70886
573,Three bed,Dublin,1851.46,18395,1458154,1385.131496350365,0.1006501766784452,9895.73,13623.77,1383.09,11525.39,792.11,70886
574,Two bed,Dublin,1847.97,18395,1458154,1274.9833802816902,0.1004604512095678,9895.73,13623.77,1383.09,11525.39,792.11,70886
575,Two bed,Dublin,1847.32,18395,1458154,1274.9833802816902,0.1004251155205218,9895.73,13623.77,1383.09,11525.39,792.11,70886
576,1 to 3 bed,Dublin,1844.39,18395,1458154,1230.7152459016395,0.1002658331068225,9895.73,13623.77,1383.09,11525.39,792.11,70886
577,1 to 2 bed,Dublin,1842.89,18395,1458154,1184.0090322580645,0.1001842892090242,9895.73,13623.77,1383.09,11525.39,792.11,70886
578,1 to 2 bed,Dublin,1839.74,18395,1458154,1184.0090322580645,0.1000130470236477,9895.73,13623.77,1383.09,11525.39,792.11,70886
579,Two bed,Dublin,1838.01,18395,1458154,1274.9833802816902,0.099918999728187,9895.73,13623.77,1383.09,11525.39,792.11,70886
580,Two bed,Dublin,1835.92,18395,1458154,1274.9833802816902,0.0998053818972547,9895.73,13623.77,1383.09,11525.39,792.11,70886
581,1 to 3 bed,Dublin,1835.29,18395,1458154,1230.7152459016395,0.0997711334601793,9895.73,13623.77,1383.09,11525.39,792.11,70886
582,Two bed,Dublin,1834.37,18395,1458154,1274.9833802816902,0.0997211198695297,9895.73,13623.77,1383.09,11525.39,792.11,70886
583,1 to 3 bed,Dublin,1834.13,18395,1458154,1230.7152459016395,0.099708072845882,9895.73,13623.77,1383.09,11525.39,792.11,70886
584,Two bed,Dublin,1832.65,18395,1458154,1274.9833802816902,0.0996276162000543,9895.73,13623.77,1383.09,11525.39,792.11,70886
585,All bedrooms,Dublin,1831.72,18395,1458154,1298.127292225201,0.0995770589834194,9895.73,13623.77,1383.09,11525.39,792.11,70886
586,All bedrooms,Dublin,1827.35,18395,1458154,1298.127292225201,0.0993394944278336,9895.73,13623.77,1383.09,11525.39,792.11,70886
587,All bedrooms,Dublin,1826.55,18395,1458154,1298.127292225201,0.0992960043490078,9895.73,13623.77,1383.09,11525.39,792.11,70886
588,All bedrooms,Dublin,1825.52,18395,1458154,1298.127292225201,0.0992400108725197,9895.73,13623.77,1383.09,11525.39,792.11,70886
589,1 to 2 bed,Dublin,1824.68,18395,1458154,1184.0090322580645,0.0991943462897526,9895.73,13623.77,1383.09,11525.39,792.11,70886
590,All bedrooms,Dublin,1824.07,18395,1458154,1298.127292225201,0.099161185104648,9895.73,13623.77,1383.09,11525.39,792.11,70886
591,1 to 3 bed,Dublin,1821.98,18395,1458154,1230.7152459016395,0.0990475672737156,9895.73,13623.77,1383.09,11525.39,792.11,70886
592,All bedrooms,Dublin,1820.89,18395,1458154,1298.127292225201,0.0989883120413155,9895.73,13623.77,1383.09,11525.39,792.11,70886
593,1 to 3 bed,Dublin,1820.89,18395,1458154,1230.7152459016395,0.0989883120413155,9895.73,13623.77,1383.09,11525.39,792.11,70886
594,All bedrooms,Dublin,1819.57,18395,1458154,1298.127292225201,0.098916553411253,9895.73,13623.77,1383.09,11525.39,792.11,70886
595,1 to 3 bed,Dublin,1819.57,18395,1458154,1230.7152459016395,0.098916553411253,9895.73,13623.77,1383.09,11525.39,792.11,70886
596,All bedrooms,Dublin,1818.95,18395,1458154,1298.127292225201,0.0988828486001631,9895.73,13623.77,1383.09,11525.39,792.11,70886
597,1 to 3 bed,Dublin,1816.54,18395,1458154,1230.7152459016395,0.0987518347377004,9895.73,13623.77,1383.09,11525.39,792.11,70886
598,Three bed,Dublin,1814.88,18395,1458154,1385.131496350365,0.098661592824137,9895.73,13623.77,1383.09,11525.39,792.11,70886
599,1 to 2 bed,Dublin,1814.1,18395,1458154,1184.0090322580645,0.0986191899972818,9895.73,13623.77,1383.09,11525.39,792.11,70886
600,Two bed,Dublin,1813.4,18395,1458154,1274.9833802816902,0.0985811361783093,9895.73,13623.77,1383.09,11525.39,792.11,70886
601,All bedrooms,Dublin,1812.28,18395,1458154,1298.127292225201,0.0985202500679532,9895.73,13623.77,1383.09,11525.39,792.11,70886
602,1 to 3 bed,Dublin,1812.28,18395,1458154,1230.7152459016395,0.0985202500679532,9895.73,13623.77,1383.09,11525.39,792.11,70886
603,1 to 3 bed,Dublin,1811.37,18395,1458154,1230.7152459016395,0.0984707801032889,9895.73,13623.77,1383.09,11525.39,792.11,70886
604,All bedrooms,Dublin,1810.88,18395,1458154,1298.127292225201,0.0984441424300081,9895.73,13623.77,1383.09,11525.39,792.11,70886
605,Two bed,Dublin,1809.15,18395,1458154,1274.9833802816902,0.0983500951345474,9895.73,13623.77,1383.09,11525.39,792.11,70886
606,1 to 2 bed,Dublin,1808.47,18395,1458154,1184.0090322580645,0.0983131285675455,9895.73,13623.77,1383.09,11525.39,792.11,70886
607,Three bed,Dublin,1806.19,18395,1458154,1385.131496350365,0.098189181842892,9895.73,13623.77,1383.09,11525.39,792.11,70886
608,1 to 2 bed,Dublin,1802.25,18395,1458154,1184.0090322580645,0.0979749932046751,9895.73,13623.77,1383.09,11525.39,792.11,70886
609,1 to 3 bed,Dublin,1800.72,18395,1458154,1230.7152459016395,0.0978918184289209,9895.73,13623.77,1383.09,11525.39,792.11,70886
610,Two bed,Dublin,1800.24,18395,1458154,1274.9833802816902,0.0978657243816254,9895.73,13623.77,1383.09,11525.39,792.11,70886
611,Three bed,Dublin,1799.87,18395,1458154,1385.131496350365,0.0978456102201685,9895.73,13623.77,1383.09,11525.39,792.11,70886
612,Two bed,Dublin,1799.73,18395,1458154,1274.9833802816902,0.097837999456374,9895.73,13623.77,1383.09,11525.39,792.11,70886
613,1 to 3 bed,Dublin,1798.4,18395,1458154,1230.7152459016395,0.0977656972003261,9895.73,13623.77,1383.09,11525.39,792.11,70886
614,1 to 3 bed,Dublin,1797.95,18395,1458154,1230.7152459016395,0.0977412340309866,9895.73,13623.77,1383.09,11525.39,792.11,70886
615,All bedrooms,Dublin,1796.96,18395,1458154,1298.127292225201,0.0976874150584398,9895.73,13623.77,1383.09,11525.39,792.11,70886
616,1 to 2 bed,Dublin,1796.96,18395,1458154,1184.0090322580645,0.0976874150584398,9895.73,13623.77,1383.09,11525.39,792.11,70886
617,1 to 3 bed,Dublin,1796.96,18395,1458154,1230.7152459016395,0.0976874150584398,9895.73,13623.77,1383.09,11525.39,792.11,70886
618,1 to 2 bed,Dublin,1794.74,18395,1458154,1184.0090322580645,0.0975667300896983,9895.73,13623.77,1383.09,11525.39,792.11,70886
619,Two bed,Dublin,1793.4,18395,1458154,1274.9833802816902,0.0974938842076651,9895.73,13623.77,1383.09,11525.39,792.11,70886
620,All bedrooms,Dublin,1790.63,18395,1458154,1298.127292225201,0.0973432998097309,9895.73,13623.77,1383.09,11525.39,792.11,70886
621,All bedrooms,Dublin,1790.4,18395,1458154,1298.127292225201,0.0973307964120685,9895.73,13623.77,1383.09,11525.39,792.11,70886
622,1 to 2 bed,Dublin,1789.84,18395,1458154,1184.0090322580645,0.0973003533568904,9895.73,13623.77,1383.09,11525.39,792.11,70886
623,1 to 3 bed,Dublin,1788.01,18395,1458154,1230.7152459016395,0.0972008698015765,9895.73,13623.77,1383.09,11525.39,792.11,70886
624,Four plus bed,Dublin,1786.97,18395,1458154,1680.8637333333334,0.097144332699103,9895.73,13623.77,1383.09,11525.39,792.11,70886
625,Two bed,Dublin,1784.01,18395,1458154,1274.9833802816902,0.0969834194074476,9895.73,13623.77,1383.09,11525.39,792.11,70886
626,Two bed,Dublin,1780.06,18395,1458154,1274.9833802816902,0.0967686871432454,9895.73,13623.77,1383.09,11525.39,792.11,70886
627,1 to 2 bed,Dublin,1779.18,18395,1458154,1184.0090322580645,0.0967208480565371,9895.73,13623.77,1383.09,11525.39,792.11,70886
628,1 to 3 bed,Dublin,1778.15,18395,1458154,1230.7152459016395,0.0966648545800489,9895.73,13623.77,1383.09,11525.39,792.11,70886
629,1 to 2 bed,Dublin,1776.76,18395,1458154,1184.0090322580645,0.0965892905680891,9895.73,13623.77,1383.09,11525.39,792.11,70886
630,Two bed,Dublin,1776.14,18395,1458154,1274.9833802816902,0.0965555857569991,9895.73,13623.77,1383.09,11525.39,792.11,70886
631,1 to 3 bed,Dublin,1774.15,18395,1458154,1230.7152459016395,0.09644740418592,9895.73,13623.77,1383.09,11525.39,792.11,70886
632,Two bed,Dublin,1773.44,18395,1458154,1274.9833802816902,0.0964088067409622,9895.73,13623.77,1383.09,11525.39,792.11,70886
633,All bedrooms,Dublin,1773.09,18395,1458154,1298.127292225201,0.0963897798314759,9895.73,13623.77,1383.09,11525.39,792.11,70886
634,Two bed,Dublin,1770.42,18395,1458154,1274.9833802816902,0.0962446316933949,9895.73,13623.77,1383.09,11525.39,792.11,70886
635,1 to 2 bed,Dublin,1770.0,18395,1458154,1184.0090322580645,0.0962217994020114,9895.73,13623.77,1383.09,11525.39,792.11,70886
636,1 to 3 bed,Dublin,1768.85,18395,1458154,1230.7152459016395,0.0961592824136993,9895.73,13623.77,1383.09,11525.39,792.11,70886
637,Two bed,Dublin,1765.34,18395,1458154,1274.9833802816902,0.0959684696928513,9895.73,13623.77,1383.09,11525.39,792.11,70886
638,Three bed,Dublin,1761.68,18395,1458154,1385.131496350365,0.0957695025822234,9895.73,13623.77,1383.09,11525.39,792.11,70886
639,All bedrooms,Dublin,1760.92,18395,1458154,1298.127292225201,0.0957281870073389,9895.73,13623.77,1383.09,11525.39,792.11,70886
640,Two bed,Dublin,1760.84,18395,1458154,1274.9833802816902,0.0957238379994563,9895.73,13623.77,1383.09,11525.39,792.11,70886
641,All bedrooms,Dublin,1756.51,18395,1458154,1298.127292225201,0.0954884479478119,9895.73,13623.77,1383.09,11525.39,792.11,70886
642,1 to 2 bed,Dublin,1755.5,18395,1458154,1184.0090322580645,0.0954335417232943,9895.73,13623.77,1383.09,11525.39,792.11,70886
643,1 to 3 bed,Dublin,1754.98,18395,1458154,1230.7152459016395,0.0954052731720576,9895.73,13623.77,1383.09,11525.39,792.11,70886
644,All bedrooms,Dublin,1754.92,18395,1458154,1298.127292225201,0.0954020114161457,9895.73,13623.77,1383.09,11525.39,792.11,70886
645,All bedrooms,Dublin,1754.79,18395,1458154,1298.127292225201,0.0953949442783365,9895.73,13623.77,1383.09,11525.39,792.11,70886
646,All bedrooms,Dublin,1754.58,18395,1458154,1298.127292225201,0.0953835281326447,9895.73,13623.77,1383.09,11525.39,792.11,70886
647,1 to 2 bed,Dublin,1752.88,18395,1458154,1184.0090322580645,0.0952911117151399,9895.73,13623.77,1383.09,11525.39,792.11,70886
648,All bedrooms,Dublin,1751.53,18395,1458154,1298.127292225201,0.0952177222071215,9895.73,13623.77,1383.09,11525.39,792.11,70886
649,1 to 2 bed,Dublin,1751.18,18395,1458154,1184.0090322580645,0.0951986952976352,9895.73,13623.77,1383.09,11525.39,792.11,70886
650,1 to 3 bed,Dublin,1750.2,18395,1458154,1230.7152459016395,0.0951454199510736,9895.73,13623.77,1383.09,11525.39,792.11,70886
651,1 to 2 bed,Dublin,1747.43,18395,1458154,1184.0090322580645,0.0949948355531394,9895.73,13623.77,1383.09,11525.39,792.11,70886
652,1 to 3 bed,Dublin,1745.84,18395,1458154,1230.7152459016395,0.0949083990214732,9895.73,13623.77,1383.09,11525.39,792.11,70886
653,Two bed,Dublin,1745.8,18395,1458154,1274.9833802816902,0.0949062245175319,9895.73,13623.77,1383.09,11525.39,792.11,70886
654,Two bed,Dublin,1745.53,18395,1458154,1274.9833802816902,0.0948915466159282,9895.73,13623.77,1383.09,11525.39,792.11,70886
655,1 to 2 bed,Dublin,1744.77,18395,1458154,1184.0090322580645,0.0948502310410437,9895.73,13623.77,1383.09,11525.39,792.11,70886
656,1 to 2 bed,Dublin,1744.45,18395,1458154,1184.0090322580645,0.0948328350095134,9895.73,13623.77,1383.09,11525.39,792.11,70886
657,1 to 3 bed,Dublin,1744.01,18395,1458154,1230.7152459016395,0.0948089154661592,9895.73,13623.77,1383.09,11525.39,792.11,70886
658,Three bed,Dublin,1743.53,18395,1458154,1385.131496350365,0.0947828214188638,9895.73,13623.77,1383.09,11525.39,792.11,70886
659,One bed,Dublin,1742.56,18395,1458154,1057.0936904761904,0.0947300896982875,9895.73,13623.77,1383.09,11525.39,792.11,70886
660,Two bed,Dublin,1740.39,18395,1458154,1274.9833802816902,0.0946121228594727,9895.73,13623.77,1383.09,11525.39,792.11,70886
661,One bed,Dublin,1738.26,18395,1458154,1057.0936904761904,0.094496330524599,9895.73,13623.77,1383.09,11525.39,792.11,70886
662,All bedrooms,Dublin,1737.05,18395,1458154,1298.127292225201,0.0944305517803751,9895.73,13623.77,1383.09,11525.39,792.11,70886
663,Two bed,Dublin,1736.09,18395,1458154,1274.9833802816902,0.0943783636857841,9895.73,13623.77,1383.09,11525.39,792.11,70886
664,1 to 2 bed,Dublin,1735.94,18395,1458154,1184.0090322580645,0.0943702092960043,9895.73,13623.77,1383.09,11525.39,792.11,70886
665,1 to 3 bed,Dublin,1733.98,18395,1458154,1230.7152459016395,0.0942636586028812,9895.73,13623.77,1383.09,11525.39,792.11,70886
666,Two bed,Dublin,1730.77,18395,1458154,1274.9833802816902,0.0940891546615928,9895.73,13623.77,1383.09,11525.39,792.11,70886
667,Three bed,Dublin,1728.48,18395,1458154,1385.131496350365,0.093964664310954,9895.73,13623.77,1383.09,11525.39,792.11,70886
668,All bedrooms,Dublin,1725.5,18395,1458154,1298.127292225201,0.093802663767328,9895.73,13623.77,1383.09,11525.39,792.11,70886
669,1 to 3 bed,Dublin,1724.99,18395,1458154,1230.7152459016395,0.0937749388420766,9895.73,13623.77,1383.09,11525.39,792.11,70886
670,Three bed,Dublin,1724.13,18395,1458154,1385.131496350365,0.0937281870073389,9895.73,13623.77,1383.09,11525.39,792.11,70886
671,Three bed,Dublin,1723.95,18395,1458154,1385.131496350365,0.0937184017396031,9895.73,13623.77,1383.09,11525.39,792.11,70886
672,All bedrooms,Dublin,1723.77,18395,1458154,1298.127292225201,0.0937086164718673,9895.73,13623.77,1383.09,11525.39,792.11,70886
673,Three bed,Dublin,1723.25,18395,1458154,1385.131496350365,0.0936803479206306,9895.73,13623.77,1383.09,11525.39,792.11,70886
674,All bedrooms,Dublin,1722.3,18395,1458154,1298.127292225201,0.093628703452025,9895.73,13623.77,1383.09,11525.39,792.11,70886
675,1 to 3 bed,Dublin,1719.41,18395,1458154,1230.7152459016395,0.0934715955422669,9895.73,13623.77,1383.09,11525.39,792.11,70886
676,Two bed,Dublin,1716.78,18395,1458154,1274.9833802816902,0.0933286219081272,9895.73,13623.77,1383.09,11525.39,792.11,70886
677,All bedrooms,Dublin,1715.86,18395,1458154,1298.127292225201,0.0932786083174775,9895.73,13623.77,1383.09,11525.39,792.11,70886
678,Three bed,Dublin,1714.17,18395,1458154,1385.131496350365,0.0931867355259581,9895.73,13623.77,1383.09,11525.39,792.11,70886
679,1 to 2 bed,Dublin,1712.69,18395,1458154,1184.0090322580645,0.0931062788801304,9895.73,13623.77,1383.09,11525.39,792.11,70886
680,1 to 3 bed,Dublin,1712.07,18395,1458154,1230.7152459016395,0.0930725740690405,9895.73,13623.77,1383.09,11525.39,792.11,70886
681,1 to 2 bed,Dublin,1711.92,18395,1458154,1184.0090322580645,0.0930644196792606,9895.73,13623.77,1383.09,11525.39,792.11,70886
682,Two bed,Dublin,1710.03,18395,1458154,1274.9833802816902,0.0929616743680347,9895.73,13623.77,1383.09,11525.39,792.11,70886
683,One bed,Dublin,1708.63,18395,1458154,1057.0936904761904,0.0928855667300897,9895.73,13623.77,1383.09,11525.39,792.11,70886
684,1 to 2 bed,Dublin,1704.48,18395,1458154,1184.0090322580645,0.092659961946181,9895.73,13623.77,1383.09,11525.39,792.11,70886
685,Two bed,Dublin,1704.1,18395,1458154,1274.9833802816902,0.0926393041587387,9895.73,13623.77,1383.09,11525.39,792.11,70886
686,1 to 2 bed,Dublin,1701.43,18395,1458154,1184.0090322580645,0.0924941560206577,9895.73,13623.77,1383.09,11525.39,792.11,70886
687,All bedrooms,Dublin,1700.45,18395,1458154,1298.127292225201,0.0924408806740962,9895.73,13623.77,1383.09,11525.39,792.11,70886
688,1 to 3 bed,Dublin,1700.45,18395,1458154,1230.7152459016395,0.0924408806740962,9895.73,13623.77,1383.09,11525.39,792.11,70886
689,All bedrooms,Dublin,1700.36,18395,1458154,1298.127292225201,0.0924359880402283,9895.73,13623.77,1383.09,11525.39,792.11,70886
690,All bedrooms,Dublin,1699.16,18395,1458154,1298.127292225201,0.0923707529219896,9895.73,13623.77,1383.09,11525.39,792.11,70886
691,One bed,Dublin,1698.82,18395,1458154,1057.0936904761904,0.0923522696384887,9895.73,13623.77,1383.09,11525.39,792.11,70886
692,Two bed,Dublin,1698.72,18395,1458154,1274.9833802816902,0.0923468333786355,9895.73,13623.77,1383.09,11525.39,792.11,70886
693,Two bed,Dublin,1698.42,18395,1458154,1274.9833802816902,0.0923305245990758,9895.73,13623.77,1383.09,11525.39,792.11,70886
694,Two bed,Dublin,1697.87,18395,1458154,1274.9833802816902,0.0923006251698831,9895.73,13623.77,1383.09,11525.39,792.11,70886
695,Three bed,Dublin,1696.18,18395,1458154,1385.131496350365,0.0922087523783636,9895.73,13623.77,1383.09,11525.39,792.11,70886
696,1 to 3 bed,Dublin,1696.16,18395,1458154,1230.7152459016395,0.092207665126393,9895.73,13623.77,1383.09,11525.39,792.11,70886
697,All bedrooms,Dublin,1694.47,18395,1458154,1298.127292225201,0.0921157923348736,9895.73,13623.77,1383.09,11525.39,792.11,70886
698,1 to 3 bed,Dublin,1694.47,18395,1458154,1230.7152459016395,0.0921157923348736,9895.73,13623.77,1383.09,11525.39,792.11,70886
699,1 to 2 bed,Dublin,1692.59,18395,1458154,1184.0090322580645,0.092013590649633,9895.73,13623.77,1383.09,11525.39,792.11,70886
700,Three bed,Dublin,1691.81,18395,1458154,1385.131496350365,0.0919711878227779,9895.73,13623.77,1383.09,11525.39,792.11,70886
701,One bed,Dublin,1691.68,18395,1458154,1057.0936904761904,0.0919641206849687,9895.73,13623.77,1383.09,11525.39,792.11,70886
702,All bedrooms,Dublin,1691.67,18395,1458154,1298.127292225201,0.0919635770589834,9895.73,13623.77,1383.09,11525.39,792.11,70886
703,1 to 3 bed,Dublin,1690.13,18395,1458154,1230.7152459016395,0.0918798586572438,9895.73,13623.77,1383.09,11525.39,792.11,70886
704,Two bed,Dublin,1689.22,18395,1458154,1274.9833802816902,0.0918303886925795,9895.73,13623.77,1383.09,11525.39,792.11,70886
705,1 to 3 bed,Dublin,1687.36,18395,1458154,1230.7152459016395,0.0917292742593095,9895.73,13623.77,1383.09,11525.39,792.11,70886
706,1 to 2 bed,Dublin,1682.81,18395,1458154,1184.0090322580645,0.091481924435988,9895.73,13623.77,1383.09,11525.39,792.11,70886
707,All bedrooms,Dublin,1682.67,18395,1458154,1298.127292225201,0.0914743136721935,9895.73,13623.77,1383.09,11525.39,792.11,70886
708,1 to 3 bed,Dublin,1682.45,18395,1458154,1230.7152459016395,0.0914623539005164,9895.73,13623.77,1383.09,11525.39,792.11,70886
709,Three bed,Dublin,1678.0,18395,1458154,1385.131496350365,0.0912204403370481,9895.73,13623.77,1383.09,11525.39,792.11,70886
710,1 to 3 bed,Dublin,1677.99,18395,1458154,1230.7152459016395,0.0912198967110627,9895.73,13623.77,1383.09,11525.39,792.11,70886
711,Two bed,Dublin,1677.84,18395,1458154,1274.9833802816902,0.0912117423212829,9895.73,13623.77,1383.09,11525.39,792.11,70886
712,1 to 2 bed,Dublin,1677.03,18395,1458154,1184.0090322580645,0.0911677086164718,9895.73,13623.77,1383.09,11525.39,792.11,70886
713,All bedrooms,Dublin,1676.26,18395,1458154,1298.127292225201,0.091125849415602,9895.73,13623.77,1383.09,11525.39,792.11,70886
714,1 to 3 bed,Dublin,1675.8,18395,1458154,1230.7152459016395,0.0911008426202772,9895.73,13623.77,1383.09,11525.39,792.11,70886
715,All bedrooms,Dublin,1673.74,18395,1458154,1298.127292225201,0.0909888556673009,9895.73,13623.77,1383.09,11525.39,792.11,70886
716,All bedrooms,Dublin,1673.08,18395,1458154,1298.127292225201,0.0909529763522696,9895.73,13623.77,1383.09,11525.39,792.11,70886
717,Two bed,Dublin,1671.74,18395,1458154,1274.9833802816902,0.0908801304702364,9895.73,13623.77,1383.09,11525.39,792.11,70886
718,1 to 2 bed,Dublin,1670.66,18395,1458154,1184.0090322580645,0.0908214188638217,9895.73,13623.77,1383.09,11525.39,792.11,70886
719,Two bed,Dublin,1669.76,18395,1458154,1274.9833802816902,0.0907724925251427,9895.73,13623.77,1383.09,11525.39,792.11,70886
720,All bedrooms,Dublin,1669.55,18395,1458154,1298.127292225201,0.0907610763794509,9895.73,13623.77,1383.09,11525.39,792.11,70886
721,Two bed,Dublin,1668.59,18395,1458154,1274.9833802816902,0.09070888828486,9895.73,13623.77,1383.09,11525.39,792.11,70886
722,Two bed,Dublin,1668.37,18395,1458154,1274.9833802816902,0.0906969285131829,9895.73,13623.77,1383.09,11525.39,792.11,70886
723,Two bed,Dublin,1668.13,18395,1458154,1274.9833802816902,0.0906838814895352,9895.73,13623.77,1383.09,11525.39,792.11,70886
724,1 to 3 bed,Dublin,1662.78,18395,1458154,1230.7152459016395,0.0903930415873878,9895.73,13623.77,1383.09,11525.39,792.11,70886
725,1 to 2 bed,Dublin,1662.01,18395,1458154,1184.0090322580645,0.090351182386518,9895.73,13623.77,1383.09,11525.39,792.11,70886
726,1 to 3 bed,Dublin,1661.59,18395,1458154,1230.7152459016395,0.0903283500951345,9895.73,13623.77,1383.09,11525.39,792.11,70886
727,1 to 2 bed,Dublin,1660.76,18395,1458154,1184.0090322580645,0.0902832291383528,9895.73,13623.77,1383.09,11525.39,792.11,70886
728,Three bed,Dublin,1660.68,18395,1458154,1385.131496350365,0.0902788801304702,9895.73,13623.77,1383.09,11525.39,792.11,70886
729,1 to 3 bed,Dublin,1659.5,18395,1458154,1230.7152459016395,0.0902147322642022,9895.73,13623.77,1383.09,11525.39,792.11,70886
730,All bedrooms,Dublin,1659.34,18395,1458154,1298.127292225201,0.090206034248437,9895.73,13623.77,1383.09,11525.39,792.11,70886
731,Two bed,Dublin,1659.14,18395,1458154,1274.9833802816902,0.0901951617287306,9895.73,13623.77,1383.09,11525.39,792.11,70886
732,1 to 3 bed,Dublin,1659.1,18395,1458154,1230.7152459016395,0.0901929872247893,9895.73,13623.77,1383.09,11525.39,792.11,70886
733,Two bed,Dublin,1656.93,18395,1458154,1274.9833802816902,0.0900750203859744,9895.73,13623.77,1383.09,11525.39,792.11,70886
734,All bedrooms,Dublin,1655.96,18395,1458154,1298.127292225201,0.0900222886653982,9895.73,13623.77,1383.09,11525.39,792.11,70886
735,Three bed,Dublin,1655.74,18395,1458154,1385.131496350365,0.0900103288937211,9895.73,13623.77,1383.09,11525.39,792.11,70886
736,All bedrooms,Dublin,1653.4,18395,1458154,1298.127292225201,0.0898831204131557,9895.73,13623.77,1383.09,11525.39,792.11,70886
737,One bed,Dublin,1652.43,18395,1458154,1057.0936904761904,0.0898303886925795,9895.73,13623.77,1383.09,11525.39,792.11,70886
738,1 to 2 bed,Dublin,1651.95,18395,1458154,1184.0090322580645,0.089804294645284,9895.73,13623.77,1383.09,11525.39,792.11,70886
739,1 to 2 bed,Dublin,1649.17,18395,1458154,1184.0090322580645,0.0896531666213645,9895.73,13623.77,1383.09,11525.39,792.11,70886
740,1 to 3 bed,Dublin,1648.82,18395,1458154,1230.7152459016395,0.0896341397118782,9895.73,13623.77,1383.09,11525.39,792.11,70886
741,All bedrooms,Dublin,1648.02,18395,1458154,1298.127292225201,0.0895906496330524,9895.73,13623.77,1383.09,11525.39,792.11,70886
742,1 to 2 bed,Dublin,1647.29,18395,1458154,1184.0090322580645,0.0895509649361239,9895.73,13623.77,1383.09,11525.39,792.11,70886
743,All bedrooms,Dublin,1646.82,18395,1458154,1298.127292225201,0.0895254145148138,9895.73,13623.77,1383.09,11525.39,792.11,70886
744,Two bed,Dublin,1644.21,18395,1458154,1274.9833802816902,0.0893835281326447,9895.73,13623.77,1383.09,11525.39,792.11,70886
745,All bedrooms,Dublin,1643.63,18395,1458154,1298.127292225201,0.089351997825496,9895.73,13623.77,1383.09,11525.39,792.11,70886
746,1 to 2 bed,Dublin,1642.53,18395,1458154,1184.0090322580645,0.0892921989671106,9895.73,13623.77,1383.09,11525.39,792.11,70886
747,All bedrooms,Dublin,1640.5,18395,1458154,1298.127292225201,0.0891818428920902,9895.73,13623.77,1383.09,11525.39,792.11,70886
748,1 to 3 bed,Dublin,1639.71,18395,1458154,1230.7152459016395,0.0891388964392498,9895.73,13623.77,1383.09,11525.39,792.11,70886
749,Two bed,Dublin,1639.25,18395,1458154,1274.9833802816902,0.0891138896439249,9895.73,13623.77,1383.09,11525.39,792.11,70886
750,Two bed,Dublin,1637.96,18395,1458154,1274.9833802816902,0.0890437618918184,9895.73,13623.77,1383.09,11525.39,792.11,70886
751,One bed,Dublin,1637.63,18395,1458154,1057.0936904761904,0.0890258222343028,9895.73,13623.77,1383.09,11525.39,792.11,70886
752,Three bed,Dublin,1637.44,18395,1458154,1385.131496350365,0.0890154933405816,9895.73,13623.77,1383.09,11525.39,792.11,70886
753,All bedrooms,Dublin,1636.2,18395,1458154,1298.127292225201,0.0889480837184017,9895.73,13623.77,1383.09,11525.39,792.11,70886
754,Two bed,Dublin,1635.83,18395,1458154,1274.9833802816902,0.0889279695569448,9895.73,13623.77,1383.09,11525.39,792.11,70886
755,All bedrooms,Dublin,1635.72,18395,1458154,1298.127292225201,0.0889219896711062,9895.73,13623.77,1383.09,11525.39,792.11,70886
756,Two bed,Dublin,1634.81,18395,1458154,1274.9833802816902,0.0888725197064419,9895.73,13623.77,1383.09,11525.39,792.11,70886
757,1 to 3 bed,Dublin,1634.02,18395,1458154,1230.7152459016395,0.0888295732536015,9895.73,13623.77,1383.09,11525.39,792.11,70886
758,1 to 2 bed,Dublin,1632.7,18395,1458154,1184.0090322580645,0.088757814623539,9895.73,13623.77,1383.09,11525.39,792.11,70886
759,Two bed,Dublin,1631.89,18395,1458154,1274.9833802816902,0.0887137809187279,9895.73,13623.77,1383.09,11525.39,792.11,70886
760,Two bed,Dublin,1628.55,18395,1458154,1274.9833802816902,0.0885322098396303,9895.73,13623.77,1383.09,11525.39,792.11,70886
761,All bedrooms,Dublin,1628.52,18395,1458154,1298.127292225201,0.0885305789616743,9895.73,13623.77,1383.09,11525.39,792.11,70886
762,1 to 3 bed,Dublin,1628.14,18395,1458154,1230.7152459016395,0.0885099211742321,9895.73,13623.77,1383.09,11525.39,792.11,70886
763,1 to 3 bed,Dublin,1625.19,18395,1458154,1230.7152459016395,0.0883495515085621,9895.73,13623.77,1383.09,11525.39,792.11,70886
764,1 to 2 bed,Dublin,1623.82,18395,1458154,1184.0090322580645,0.0882750747485729,9895.73,13623.77,1383.09,11525.39,792.11,70886
765,All bedrooms,Dublin,1623.19,18395,1458154,1298.127292225201,0.0882408263114977,9895.73,13623.77,1383.09,11525.39,792.11,70886
766,Two bed,Dublin,1622.95,18395,1458154,1274.9833802816902,0.0882277792878499,9895.73,13623.77,1383.09,11525.39,792.11,70886
767,One bed,Dublin,1622.66,18395,1458154,1057.0936904761904,0.0882120141342756,9895.73,13623.77,1383.09,11525.39,792.11,70886
768,Two bed,Dublin,1622.56,18395,1458154,1274.9833802816902,0.0882065778744223,9895.73,13623.77,1383.09,11525.39,792.11,70886
769,1 to 2 bed,Dublin,1621.34,18395,1458154,1184.0090322580645,0.0881402555042131,9895.73,13623.77,1383.09,11525.39,792.11,70886
770,All bedrooms,Dublin,1620.09,18395,1458154,1298.127292225201,0.0880723022560478,9895.73,13623.77,1383.09,11525.39,792.11,70886
771,1 to 3 bed,Dublin,1618.86,18395,1458154,1230.7152459016395,0.0880054362598532,9895.73,13623.77,1383.09,11525.39,792.11,70886
772,1 to 2 bed,Dublin,1618.08,18395,1458154,1184.0090322580645,0.087963033432998,9895.73,13623.77,1383.09,11525.39,792.11,70886
773,1 to 3 bed,Dublin,1617.65,18395,1458154,1230.7152459016395,0.0879396575156292,9895.73,13623.77,1383.09,11525.39,792.11,70886
774,1 to 3 bed,Dublin,1616.57,18395,1458154,1230.7152459016395,0.0878809459092144,9895.73,13623.77,1383.09,11525.39,792.11,70886
775,1 to 3 bed,Dublin,1616.48,18395,1458154,1230.7152459016395,0.0878760532753465,9895.73,13623.77,1383.09,11525.39,792.11,70886
776,1 to 2 bed,Dublin,1616.04,18395,1458154,1184.0090322580645,0.0878521337319923,9895.73,13623.77,1383.09,11525.39,792.11,70886
777,1 to 3 bed,Dublin,1615.48,18395,1458154,1230.7152459016395,0.0878216906768143,9895.73,13623.77,1383.09,11525.39,792.11,70886
778,1 to 2 bed,Dublin,1615.45,18395,1458154,1184.0090322580645,0.0878200597988583,9895.73,13623.77,1383.09,11525.39,792.11,70886
779,1 to 3 bed,Dublin,1615.33,18395,1458154,1230.7152459016395,0.0878135362870345,9895.73,13623.77,1383.09,11525.39,792.11,70886
780,1 to 3 bed,Dublin,1612.48,18395,1458154,1230.7152459016395,0.0876586028812177,9895.73,13623.77,1383.09,11525.39,792.11,70886
781,One bed,Dublin,1610.89,18395,1458154,1057.0936904761904,0.0875721663495515,9895.73,13623.77,1383.09,11525.39,792.11,70886
782,All bedrooms,Dublin,1610.47,18395,1458154,1298.127292225201,0.0875493340581679,9895.73,13623.77,1383.09,11525.39,792.11,70886
783,Two bed,Dublin,1609.76,18395,1458154,1274.9833802816902,0.0875107366132101,9895.73,13623.77,1383.09,11525.39,792.11,70886
784,One bed,Dublin,1608.34,18395,1458154,1057.0936904761904,0.0874335417232943,9895.73,13623.77,1383.09,11525.39,792.11,70886
785,Two bed,Dublin,1608.11,18395,1458154,1274.9833802816902,0.0874210383256319,9895.73,13623.77,1383.09,11525.39,792.11,70886
786,1 to 2 bed,Dublin,1608.1,18395,1458154,1184.0090322580645,0.0874204946996466,9895.73,13623.77,1383.09,11525.39,792.11,70886
787,1 to 3 bed,Dublin,1606.71,18395,1458154,1230.7152459016395,0.0873449306876868,9895.73,13623.77,1383.09,11525.39,792.11,70886
788,Three bed,Dublin,1606.17,18395,1458154,1385.131496350365,0.0873155748844794,9895.73,13623.77,1383.09,11525.39,792.11,70886
789,All bedrooms,Dublin,1604.78,18395,1458154,1298.127292225201,0.0872400108725197,9895.73,13623.77,1383.09,11525.39,792.11,70886
790,One bed,Dublin,1603.74,18395,1458154,1057.0936904761904,0.0871834737700462,9895.73,13623.77,1383.09,11525.39,792.11,70886
791,All bedrooms,Dublin,1602.26,18395,1458154,1298.127292225201,0.0871030171242185,9895.73,13623.77,1383.09,11525.39,792.11,70886
792,1 to 3 bed,Dublin,1598.72,18395,1458154,1230.7152459016395,0.0869105735254145,9895.73,13623.77,1383.09,11525.39,792.11,70886
793,Two bed,Dublin,1597.91,18395,1458154,1274.9833802816902,0.0868665398206034,9895.73,13623.77,1383.09,11525.39,792.11,70886
794,1 to 2 bed,Dublin,1593.58,18395,1458154,1184.0090322580645,0.0866311497689589,9895.73,13623.77,1383.09,11525.39,792.11,70886
795,1 to 2 bed,Dublin,1592.61,18395,1458154,1184.0090322580645,0.0865784180483827,9895.73,13623.77,1383.09,11525.39,792.11,70886
796,All bedrooms,Dublin,1592.01,18395,1458154,1298.127292225201,0.0865458004892633,9895.73,13623.77,1383.09,11525.39,792.11,70886
797,1 to 2 bed,Dublin,1590.16,18395,1458154,1184.0090322580645,0.0864452296819788,9895.73,13623.77,1383.09,11525.39,792.11,70886
798,1 to 3 bed,Dublin,1590.05,18395,1458154,1230.7152459016395,0.0864392497961402,9895.73,13623.77,1383.09,11525.39,792.11,70886
799,Two bed,Dublin,1589.13,18395,1458154,1274.9833802816902,0.0863892362054906,9895.73,13623.77,1383.09,11525.39,792.11,70886
800,1 to 2 bed,Dublin,1587.73,18395,1458154,1184.0090322580645,0.0863131285675455,9895.73,13623.77,1383.09,11525.39,792.11,70886
801,Two bed,Dublin,1587.32,18395,1458154,1274.9833802816902,0.0862908399021473,9895.73,13623.77,1383.09,11525.39,792.11,70886
802,Two bed,Dublin,1587.24,18395,1458154,1274.9833802816902,0.0862864908942647,9895.73,13623.77,1383.09,11525.39,792.11,70886
803,One bed,Dublin,1586.98,18395,1458154,1057.0936904761904,0.0862723566186463,9895.73,13623.77,1383.09,11525.39,792.11,70886
804,Two bed,Dublin,1586.86,18395,1458154,1274.9833802816902,0.0862658331068225,9895.73,13623.77,1383.09,11525.39,792.11,70886
805,1 to 2 bed,Dublin,1586.14,18395,1458154,1184.0090322580645,0.0862266920358793,9895.73,13623.77,1383.09,11525.39,792.11,70886
806,1 to 3 bed,Dublin,1585.73,18395,1458154,1230.7152459016395,0.0862044033704811,9895.73,13623.77,1383.09,11525.39,792.11,70886
807,Two bed,Dublin,1585.69,18395,1458154,1274.9833802816902,0.0862022288665398,9895.73,13623.77,1383.09,11525.39,792.11,70886
808,1 to 3 bed,Dublin,1585.46,18395,1458154,1230.7152459016395,0.0861897254688774,9895.73,13623.77,1383.09,11525.39,792.11,70886
809,1 to 2 bed,Dublin,1584.32,18395,1458154,1184.0090322580645,0.0861277521065506,9895.73,13623.77,1383.09,11525.39,792.11,70886
810,1 to 2 bed,Dublin,1584.27,18395,1458154,1184.0090322580645,0.086125033976624,9895.73,13623.77,1383.09,11525.39,792.11,70886
811,One bed,Dublin,1584.08,18395,1458154,1057.0936904761904,0.0861147050829029,9895.73,13623.77,1383.09,11525.39,792.11,70886
812,All bedrooms,Dublin,1583.73,18395,1458154,1298.127292225201,0.0860956781734166,9895.73,13623.77,1383.09,11525.39,792.11,70886
813,All bedrooms,Dublin,1582.74,18395,1458154,1298.127292225201,0.0860418592008698,9895.73,13623.77,1383.09,11525.39,792.11,70886
814,1 to 2 bed,Dublin,1582.01,18395,1458154,1184.0090322580645,0.0860021745039412,9895.73,13623.77,1383.09,11525.39,792.11,70886
815,1 to 2 bed,Dublin,1581.06,18395,1458154,1184.0090322580645,0.0859505300353356,9895.73,13623.77,1383.09,11525.39,792.11,70886
816,1 to 3 bed,Dublin,1579.57,18395,1458154,1230.7152459016395,0.0858695297635226,9895.73,13623.77,1383.09,11525.39,792.11,70886
817,One bed,Dublin,1579.3,18395,1458154,1057.0936904761904,0.0858548518619189,9895.73,13623.77,1383.09,11525.39,792.11,70886
818,All bedrooms,Dublin,1579.07,18395,1458154,1298.127292225201,0.0858423484642565,9895.73,13623.77,1383.09,11525.39,792.11,70886
819,Two bed,Dublin,1573.98,18395,1458154,1274.9833802816902,0.0855656428377276,9895.73,13623.77,1383.09,11525.39,792.11,70886
820,All bedrooms,Dublin,1573.27,18395,1458154,1298.127292225201,0.0855270453927697,9895.73,13623.77,1383.09,11525.39,792.11,70886
821,All bedrooms,Dublin,1573.19,18395,1458154,1298.127292225201,0.0855226963848872,9895.73,13623.77,1383.09,11525.39,792.11,70886
822,All bedrooms,Dublin,1571.87,18395,1458154,1298.127292225201,0.0854509377548246,9895.73,13623.77,1383.09,11525.39,792.11,70886
823,1 to 2 bed,Dublin,1571.23,18395,1458154,1184.0090322580645,0.085416145691764,9895.73,13623.77,1383.09,11525.39,792.11,70886
824,1 to 2 bed,Dublin,1570.75,18395,1458154,1184.0090322580645,0.0853900516444686,9895.73,13623.77,1383.09,11525.39,792.11,70886
825,1 to 3 bed,Dublin,1569.07,18395,1458154,1230.7152459016395,0.0852987224789344,9895.73,13623.77,1383.09,11525.39,792.11,70886
826,One bed,Dublin,1567.19,18395,1458154,1057.0936904761904,0.0851965207936939,9895.73,13623.77,1383.09,11525.39,792.11,70886
827,1 to 3 bed,Dublin,1565.39,18395,1458154,1230.7152459016395,0.0850986681163359,9895.73,13623.77,1383.09,11525.39,792.11,70886
828,1 to 3 bed,Dublin,1561.48,18395,1458154,1230.7152459016395,0.084886110356075,9895.73,13623.77,1383.09,11525.39,792.11,70886
829,1 to 2 bed,Dublin,1561.2,18395,1458154,1184.0090322580645,0.084870888828486,9895.73,13623.77,1383.09,11525.39,792.11,70886
830,One bed,Dublin,1560.67,18395,1458154,1057.0936904761904,0.0848420766512639,9895.73,13623.77,1383.09,11525.39,792.11,70886
831,Two bed,Dublin,1560.22,18395,1458154,1274.9833802816902,0.0848176134819244,9895.73,13623.77,1383.09,11525.39,792.11,70886
832,1 to 3 bed,Dublin,1559.4,18395,1458154,1230.7152459016395,0.084773036151128,9895.73,13623.77,1383.09,11525.39,792.11,70886
833,1 to 3 bed,Dublin,1558.47,18395,1458154,1230.7152459016395,0.084722478934493,9895.73,13623.77,1383.09,11525.39,792.11,70886
834,1 to 3 bed,Dublin,1557.55,18395,1458154,1230.7152459016395,0.0846724653438434,9895.73,13623.77,1383.09,11525.39,792.11,70886
835,All bedrooms,Dublin,1557.35,18395,1458154,1298.127292225201,0.0846615928241369,9895.73,13623.77,1383.09,11525.39,792.11,70886
836,One bed,Dublin,1553.59,18395,1458154,1057.0936904761904,0.0844571894536558,9895.73,13623.77,1383.09,11525.39,792.11,70886
837,Two bed,Dublin,1551.07,18395,1458154,1274.9833802816902,0.0843201957053547,9895.73,13623.77,1383.09,11525.39,792.11,70886
838,1 to 3 bed,Dublin,1549.43,18395,1458154,1230.7152459016395,0.0842310410437618,9895.73,13623.77,1383.09,11525.39,792.11,70886
839,1 to 2 bed,Dublin,1548.43,18395,1458154,1184.0090322580645,0.0841766784452296,9895.73,13623.77,1383.09,11525.39,792.11,70886
840,One bed,Dublin,1547.72,18395,1458154,1057.0936904761904,0.0841380810002718,9895.73,13623.77,1383.09,11525.39,792.11,70886
841,All bedrooms,Dublin,1545.12,18395,1458154,1298.127292225201,0.083996738244088,9895.73,13623.77,1383.09,11525.39,792.11,70886
842,Two bed,Dublin,1543.41,18395,1458154,1274.9833802816902,0.083903778200598,9895.73,13623.77,1383.09,11525.39,792.11,70886
843,One bed,Dublin,1541.77,18395,1458154,1057.0936904761904,0.0838146235390051,9895.73,13623.77,1383.09,11525.39,792.11,70886
844,1 to 2 bed,Dublin,1538.98,18395,1458154,1184.0090322580645,0.0836629518891003,9895.73,13623.77,1383.09,11525.39,792.11,70886
845,1 to 2 bed,Dublin,1537.96,18395,1458154,1184.0090322580645,0.0836075020385974,9895.73,13623.77,1383.09,11525.39,792.11,70886
846,All bedrooms,Dublin,1536.77,18395,1458154,1298.127292225201,0.0835428105463441,9895.73,13623.77,1383.09,11525.39,792.11,70886
847,Two bed,Dublin,1532.78,18395,1458154,1274.9833802816902,0.0833259037782006,9895.73,13623.77,1383.09,11525.39,792.11,70886
848,1 to 2 bed,Dublin,1532.64,18395,1458154,1184.0090322580645,0.083318293014406,9895.73,13623.77,1383.09,11525.39,792.11,70886
849,1 to 3 bed,Dublin,1528.5,18395,1458154,1230.7152459016395,0.0830932318564827,9895.73,13623.77,1383.09,11525.39,792.11,70886
850,All bedrooms,Dublin,1526.87,18395,1458154,1298.127292225201,0.0830046208208752,9895.73,13623.77,1383.09,11525.39,792.11,70886
851,1 to 2 bed,Dublin,1524.66,18395,1458154,1184.0090322580645,0.082884479478119,9895.73,13623.77,1383.09,11525.39,792.11,70886
852,1 to 2 bed,Dublin,1523.65,18395,1458154,1184.0090322580645,0.0828295732536015,9895.73,13623.77,1383.09,11525.39,792.11,70886
853,1 to 3 bed,Dublin,1523.53,18395,1458154,1230.7152459016395,0.0828230497417776,9895.73,13623.77,1383.09,11525.39,792.11,70886
854,1 to 3 bed,Dublin,1523.32,18395,1458154,1230.7152459016395,0.0828116335960858,9895.73,13623.77,1383.09,11525.39,792.11,70886
855,1 to 2 bed,Dublin,1522.86,18395,1458154,1184.0090322580645,0.082786626800761,9895.73,13623.77,1383.09,11525.39,792.11,70886
856,1 to 3 bed,Dublin,1522.41,18395,1458154,1230.7152459016395,0.0827621636314215,9895.73,13623.77,1383.09,11525.39,792.11,70886
857,1 to 2 bed,Dublin,1516.41,18395,1458154,1184.0090322580645,0.0824359880402283,9895.73,13623.77,1383.09,11525.39,792.11,70886
858,1 to 3 bed,Dublin,1514.76,18395,1458154,1230.7152459016395,0.0823462897526501,9895.73,13623.77,1383.09,11525.39,792.11,70886
859,All bedrooms,Dublin,1514.03,18395,1458154,1298.127292225201,0.0823066050557216,9895.73,13623.77,1383.09,11525.39,792.11,70886
860,One bed,Dublin,1512.23,18395,1458154,1057.0936904761904,0.0822087523783636,9895.73,13623.77,1383.09,11525.39,792.11,70886
861,1 to 3 bed,Dublin,1506.87,18395,1458154,1230.7152459016395,0.081917368850231,9895.73,13623.77,1383.09,11525.39,792.11,70886
862,1 to 2 bed,Dublin,1502.32,18395,1458154,1184.0090322580645,0.0816700190269094,9895.73,13623.77,1383.09,11525.39,792.11,70886
863,1 to 3 bed,Dublin,1501.91,18395,1458154,1230.7152459016395,0.0816477303615112,9895.73,13623.77,1383.09,11525.39,792.11,70886
864,Two bed,Dublin,1501.7,18395,1458154,1274.9833802816902,0.0816363142158195,9895.73,13623.77,1383.09,11525.39,792.11,70886
865,1 to 3 bed,Dublin,1501.67,18395,1458154,1230.7152459016395,0.0816346833378635,9895.73,13623.77,1383.09,11525.39,792.11,70886
866,1 to 2 bed,Dublin,1499.82,18395,1458154,1184.0090322580645,0.0815341125305789,9895.73,13623.77,1383.09,11525.39,792.11,70886
867,1 to 2 bed,Dublin,1498.39,18395,1458154,1184.0090322580645,0.0814563740146779,9895.73,13623.77,1383.09,11525.39,792.11,70886
868,1 to 2 bed,Dublin,1495.73,18395,1458154,1184.0090322580645,0.0813117695025822,9895.73,13623.77,1383.09,11525.39,792.11,70886
869,One bed,Dublin,1494.33,18395,1458154,1057.0936904761904,0.0812356618646371,9895.73,13623.77,1383.09,11525.39,792.11,70886
870,1 to 2 bed,Dublin,1493.09,18395,1458154,1184.0090322580645,0.0811682522424571,9895.73,13623.77,1383.09,11525.39,792.11,70886
871,All bedrooms,Dublin,1493.02,18395,1458154,1298.127292225201,0.0811644468605599,9895.73,13623.77,1383.09,11525.39,792.11,70886
872,1 to 2 bed,Dublin,1492.37,18395,1458154,1184.0090322580645,0.0811291111715139,9895.73,13623.77,1383.09,11525.39,792.11,70886
873,1 to 3 bed,Dublin,1492.26,18395,1458154,1230.7152459016395,0.0811231312856754,9895.73,13623.77,1383.09,11525.39,792.11,70886
874,1 to 2 bed,Dublin,1492.18,18395,1458154,1184.0090322580645,0.0811187822777928,9895.73,13623.77,1383.09,11525.39,792.11,70886
875,One bed,Dublin,1490.26,18395,1458154,1057.0936904761904,0.081014406088611,9895.73,13623.77,1383.09,11525.39,792.11,70886
876,One bed,Dublin,1489.91,18395,1458154,1057.0936904761904,0.0809953791791247,9895.73,13623.77,1383.09,11525.39,792.11,70886
877,1 to 3 bed,Dublin,1489.29,18395,1458154,1230.7152459016395,0.0809616743680348,9895.73,13623.77,1383.09,11525.39,792.11,70886
878,One bed,Dublin,1486.13,18395,1458154,1057.0936904761904,0.080789888556673,9895.73,13623.77,1383.09,11525.39,792.11,70886
879,1 to 2 bed,Dublin,1479.46,18395,1458154,1184.0090322580645,0.0804272900244631,9895.73,13623.77,1383.09,11525.39,792.11,70886
880,Two bed,Dublin,1479.29,18395,1458154,1274.9833802816902,0.0804180483827126,9895.73,13623.77,1383.09,11525.39,792.11,70886
881,1 to 2 bed,Dublin,1479.29,18395,1458154,1184.0090322580645,0.0804180483827126,9895.73,13623.77,1383.09,11525.39,792.11,70886
882,One bed,Dublin,1473.57,18395,1458154,1057.0936904761904,0.0801070943191084,9895.73,13623.77,1383.09,11525.39,792.11,70886
883,1 to 2 bed,Dublin,1473.57,18395,1458154,1184.0090322580645,0.0801070943191084,9895.73,13623.77,1383.09,11525.39,792.11,70886
884,One bed,Dublin,1473.26,18395,1458154,1057.0936904761904,0.0800902419135634,9895.73,13623.77,1383.09,11525.39,792.11,70886
885,All bedrooms,Dublin,1469.31,18395,1458154,1298.127292225201,0.0798755096493612,9895.73,13623.77,1383.09,11525.39,792.11,70886
886,1 to 2 bed,Dublin,1466.92,18395,1458154,1184.0090322580645,0.0797455830388692,9895.73,13623.77,1383.09,11525.39,792.11,70886
887,1 to 2 bed,Dublin,1466.85,18395,1458154,1184.0090322580645,0.079741777656972,9895.73,13623.77,1383.09,11525.39,792.11,70886
888,All bedrooms,Dublin,1463.13,18395,1458154,1298.127292225201,0.0795395487904322,9895.73,13623.77,1383.09,11525.39,792.11,70886
889,1 to 3 bed,Dublin,1463.13,18395,1458154,1230.7152459016395,0.0795395487904322,9895.73,13623.77,1383.09,11525.39,792.11,70886
890,One bed,Dublin,1461.93,18395,1458154,1057.0936904761904,0.0794743136721935,9895.73,13623.77,1383.09,11525.39,792.11,70886
891,Two bed,Dublin,1461.19,18395,1458154,1274.9833802816902,0.0794340853492797,9895.73,13623.77,1383.09,11525.39,792.11,70886
892,One bed,Dublin,1461.11,18395,1458154,1057.0936904761904,0.0794297363413971,9895.73,13623.77,1383.09,11525.39,792.11,70886
893,One bed,Dublin,1454.72,18395,1458154,1057.0936904761904,0.0790823593367763,9895.73,13623.77,1383.09,11525.39,792.11,70886
894,One bed,Dublin,1450.09,18395,1458154,1057.0936904761904,0.0788306605055721,9895.73,13623.77,1383.09,11525.39,792.11,70886
895,1 to 3 bed,Dublin,1449.42,18395,1458154,1230.7152459016395,0.0787942375645555,9895.73,13623.77,1383.09,11525.39,792.11,70886
896,One bed,Dublin,1449.28,18395,1458154,1057.0936904761904,0.078786626800761,9895.73,13623.77,1383.09,11525.39,792.11,70886
897,One bed,Dublin,1447.3,18395,1458154,1057.0936904761904,0.0786789888556672,9895.73,13623.77,1383.09,11525.39,792.11,70886
898,1 to 2 bed,Dublin,1445.54,18395,1458154,1184.0090322580645,0.0785833106822506,9895.73,13623.77,1383.09,11525.39,792.11,70886
899,1 to 2 bed,Dublin,1442.27,18395,1458154,1184.0090322580645,0.0784055449850502,9895.73,13623.77,1383.09,11525.39,792.11,70886
900,1 to 3 bed,Dublin,1439.74,18395,1458154,1230.7152459016395,0.0782680076107638,9895.73,13623.77,1383.09,11525.39,792.11,70886
901,One bed,Dublin,1438.49,18395,1458154,1057.0936904761904,0.0782000543625985,9895.73,13623.77,1383.09,11525.39,792.11,70886
902,One bed,Dublin,1438.37,18395,1458154,1057.0936904761904,0.0781935308507746,9895.73,13623.77,1383.09,11525.39,792.11,70886
903,1 to 3 bed,Dublin,1437.5,18395,1458154,1230.7152459016395,0.0781462353900516,9895.73,13623.77,1383.09,11525.39,792.11,70886
904,1 to 2 bed,Dublin,1435.22,18395,1458154,1184.0090322580645,0.0780222886653982,9895.73,13623.77,1383.09,11525.39,792.11,70886
905,1 to 2 bed,Dublin,1430.96,18395,1458154,1184.0090322580645,0.077790703995651,9895.73,13623.77,1383.09,11525.39,792.11,70886
906,1 to 2 bed,Dublin,1426.25,18395,1458154,1184.0090322580645,0.0775346561565642,9895.73,13623.77,1383.09,11525.39,792.11,70886
907,1 to 2 bed,Dublin,1422.65,18395,1458154,1184.0090322580645,0.0773389508018483,9895.73,13623.77,1383.09,11525.39,792.11,70886
908,1 to 2 bed,Dublin,1413.08,18395,1458154,1184.0090322580645,0.076818700733895,9895.73,13623.77,1383.09,11525.39,792.11,70886
909,One bed,Dublin,1412.13,18395,1458154,1057.0936904761904,0.0767670562652894,9895.73,13623.77,1383.09,11525.39,792.11,70886
910,Two bed,Dublin,1405.47,18395,1458154,1274.9833802816902,0.0764050013590649,9895.73,13623.77,1383.09,11525.39,792.11,70886
911,1 to 2 bed,Dublin,1402.9,18395,1458154,1184.0090322580645,0.0762652894808371,9895.73,13623.77,1383.09,11525.39,792.11,70886
912,One bed,Dublin,1401.81,18395,1458154,1057.0936904761904,0.076206034248437,9895.73,13623.77,1383.09,11525.39,792.11,70886
913,Two bed,Dublin,1391.6,18395,1458154,1274.9833802816902,0.0756509921174232,9895.73,13623.77,1383.09,11525.39,792.11,70886
914,1 to 2 bed,Dublin,1390.26,18395,1458154,1184.0090322580645,0.07557814623539,9895.73,13623.77,1383.09,11525.39,792.11,70886
915,One bed,Dublin,1389.88,18395,1458154,1057.0936904761904,0.0755574884479478,9895.73,13623.77,1383.09,11525.39,792.11,70886
916,One bed,Dublin,1389.87,18395,1458154,1057.0936904761904,0.0755569448219624,9895.73,13623.77,1383.09,11525.39,792.11,70886
917,One bed,Dublin,1381.24,18395,1458154,1057.0936904761904,0.0750877955966295,9895.73,13623.77,1383.09,11525.39,792.11,70886
918,1 to 2 bed,Dublin,1374.89,18395,1458154,1184.0090322580645,0.07474259309595,9895.73,13623.77,1383.09,11525.39,792.11,70886
919,One bed,Dublin,1369.97,18395,1458154,1057.0936904761904,0.0744751291111715,9895.73,13623.77,1383.09,11525.39,792.11,70886
920,One bed,Dublin,1369.31,18395,1458154,1057.0936904761904,0.0744392497961402,9895.73,13623.77,1383.09,11525.39,792.11,70886
921,1 to 2 bed,Dublin,1366.38,18395,1458154,1184.0090322580645,0.0742799673824408,9895.73,13623.77,1383.09,11525.39,792.11,70886
922,1 to 2 bed,Dublin,1364.25,18395,1458154,1184.0090322580645,0.0741641750475672,9895.73,13623.77,1383.09,11525.39,792.11,70886
923,1 to 2 bed,Dublin,1364.23,18395,1458154,1184.0090322580645,0.0741630877955966,9895.73,13623.77,1383.09,11525.39,792.11,70886
924,One bed,Dublin,1358.96,18395,1458154,1057.0936904761904,0.0738765969013318,9895.73,13623.77,1383.09,11525.39,792.11,70886
925,One bed,Dublin,1356.33,18395,1458154,1057.0936904761904,0.0737336232671921,9895.73,13623.77,1383.09,11525.39,792.11,70886
926,One bed,Dublin,1345.39,18395,1458154,1057.0936904761904,0.0731388964392498,9895.73,13623.77,1383.09,11525.39,792.11,70886
927,One bed,Dublin,1342.47,18395,1458154,1057.0936904761904,0.0729801576515357,9895.73,13623.77,1383.09,11525.39,792.11,70886
928,One bed,Dublin,1341.99,18395,1458154,1057.0936904761904,0.0729540636042402,9895.73,13623.77,1383.09,11525.39,792.11,70886
929,1 to 2 bed,Dublin,1341.51,18395,1458154,1184.0090322580645,0.0729279695569448,9895.73,13623.77,1383.09,11525.39,792.11,70886
930,One bed,Dublin,1333.35,18395,1458154,1057.0936904761904,0.0724843707529219,9895.73,13623.77,1383.09,11525.39,792.11,70886
931,One bed,Dublin,1329.88,18395,1458154,1057.0936904761904,0.0722957325360152,9895.73,13623.77,1383.09,11525.39,792.11,70886
932,1 to 2 bed,Dublin,1327.61,18395,1458154,1184.0090322580645,0.0721723294373471,9895.73,13623.77,1383.09,11525.39,792.11,70886
933,All bedrooms,Dublin,1324.02,18395,1458154,1298.127292225201,0.0719771677086164,9895.73,13623.77,1383.09,11525.39,792.11,70886
934,One bed,Dublin,1323.06,18395,1458154,1057.0936904761904,0.0719249796140255,9895.73,13623.77,1383.09,11525.39,792.11,70886
935,One bed,Dublin,1304.09,18395,1458154,1057.0936904761904,0.0708937211198695,9895.73,13623.77,1383.09,11525.39,792.11,70886
936,One bed,Dublin,1297.26,18395,1458154,1057.0936904761904,0.0705224245718945,9895.73,13623.77,1383.09,11525.39,792.11,70886
937,One bed,Dublin,1294.47,18395,1458154,1057.0936904761904,0.0703707529219896,9895.73,13623.77,1383.09,11525.39,792.11,70886
938,1 to 3 bed,Dublin,1286.09,18395,1458154,1230.7152459016395,0.0699151943462897,9895.73,13623.77,1383.09,11525.39,792.11,70886
939,One bed,Dublin,1285.82,18395,1458154,1057.0936904761904,0.069900516444686,9895.73,13623.77,1383.09,11525.39,792.11,70886
940,One bed,Dublin,1285.47,18395,1458154,1057.0936904761904,0.0698814895351997,9895.73,13623.77,1383.09,11525.39,792.11,70886
941,One bed,Dublin,1275.42,18395,1458154,1057.0936904761904,0.069335145419951,9895.73,13623.77,1383.09,11525.39,792.11,70886
942,One bed,Dublin,1275.34,18395,1458154,1057.0936904761904,0.0693307964120684,9895.73,13623.77,1383.09,11525.39,792.11,70886
943,One bed,Dublin,1272.99,18395,1458154,1057.0936904761904,0.0692030443055178,9895.73,13623.77,1383.09,11525.39,792.11,70886
944,1 to 2 bed,Dublin,1257.19,18395,1458154,1184.0090322580645,0.0683441152487089,9895.73,13623.77,1383.09,11525.39,792.11,70886
945,One bed,Dublin,1255.7,18395,1458154,1057.0936904761904,0.0682631149768959,9895.73,13623.77,1383.09,11525.39,792.11,70886
946,One bed,Dublin,1255.23,18395,1458154,1057.0936904761904,0.0682375645555857,9895.73,13623.77,1383.09,11525.39,792.11,70886
947,One bed,Dublin,1251.85,18395,1458154,1057.0936904761904,0.0680538189725468,9895.73,13623.77,1383.09,11525.39,792.11,70886
948,One bed,Dublin,1249.62,18395,1458154,1057.0936904761904,0.06793259037782,9895.73,13623.77,1383.09,11525.39,792.11,70886
949,One bed,Dublin,1246.6,18395,1458154,1057.0936904761904,0.0677684153302527,9895.73,13623.77,1383.09,11525.39,792.11,70886
950,One bed,Dublin,1241.15,18395,1458154,1057.0936904761904,0.0674721391682522,9895.73,13623.77,1383.09,11525.39,792.11,70886
951,One bed,Dublin,1241.01,18395,1458154,1057.0936904761904,0.0674645284044577,9895.73,13623.77,1383.09,11525.39,792.11,70886
952,One bed,Dublin,1238.34,18395,1458154,1057.0936904761904,0.0673193802663767,9895.73,13623.77,1383.09,11525.39,792.11,70886
953,1 to 2 bed,Dublin,1230.48,18395,1458154,1184.0090322580645,0.0668920902419135,9895.73,13623.77,1383.09,11525.39,792.11,70886
954,One bed,Dublin,1211.65,18395,1458154,1057.0936904761904,0.065868442511552,9895.73,13623.77,1383.09,11525.39,792.11,70886
955,One bed,Dublin,1207.35,18395,1458154,1057.0936904761904,0.0656346833378635,9895.73,13623.77,1383.09,11525.39,792.11,70886
956,One bed,Dublin,1189.66,18395,1458154,1057.0936904761904,0.0646730089698287,9895.73,13623.77,1383.09,11525.39,792.11,70886
957,One bed,Dublin,1185.56,18395,1458154,1057.0936904761904,0.0644501223158467,9895.73,13623.77,1383.09,11525.39,792.11,70886
958,All bedrooms,Dublin,1137.65,18395,1458154,1298.127292225201,0.0618456102201685,9895.73,13623.77,1383.09,11525.39,792.11,70886
959,One bed,Dublin,1117.24,18395,1458154,1057.0936904761904,0.0607360695841261,9895.73,13623.77,1383.09,11525.39,792.11,70886
960,1 to 3 bed,Dublin,1102.45,18395,1458154,1230.7152459016395,0.0599320467518347,9895.73,13623.77,1383.09,11525.39,792.11,70886
961,One bed,Dublin,1096.36,18395,1458154,1057.0936904761904,0.0596009785267735,9895.73,13623.77,1383.09,11525.39,792.11,70886
962,One bed,Dublin,1090.13,18395,1458154,1057.0936904761904,0.0592622995379179,9895.73,13623.77,1383.09,11525.39,792.11,70886
963,One bed,Dublin,1072.15,18395,1458154,1057.0936904761904,0.0582848600163087,9895.73,13623.77,1383.09,11525.39,792.11,70886
964,1 to 2 bed,Dublin,1059.81,18395,1458154,1184.0090322580645,0.0576140255504213,9895.73,13623.77,1383.09,11525.39,792.11,70886
965,One bed,Dublin,950.35,18395,1458154,1057.0936904761904,0.0516634955150856,9895.73,13623.77,1383.09,11525.39,792.11,70886
966,Four plus bed,Galway,1893.71,10500,277737,1680.8637333333334,0.1803533333333333,376.52,1018.22,148.58,267.17,74.62,58693
967,Four plus bed,Galway,1871.56,10500,277737,1680.8637333333334,0.1782438095238095,376.52,1018.22,148.58,267.17,74.62,58693
968,Four plus bed,Galway,1794.36,10500,277737,1680.8637333333334,0.1708914285714285,376.52,1018.22,148.58,267.17,74.62,58693
969,All bedrooms,Galway,1737.18,10500,277737,1298.127292225201,0.1654457142857142,376.52,1018.22,148.58,267.17,74.62,58693
970,Four plus bed,Galway,1690.67,10500,277737,1680.8637333333334,0.1610161904761904,376.52,1018.22,148.58,267.17,74.62,58693
971,Four plus bed,Galway,1588.01,10500,277737,1680.8637333333334,0.1512390476190476,376.52,1018.22,148.58,267.17,74.62,58693
972,Four plus bed,Galway,1547.14,10500,277737,1680.8637333333334,0.1473466666666666,376.52,1018.22,148.58,267.17,74.62,58693
973,All bedrooms,Galway,1470.81,10500,277737,1298.127292225201,0.1400771428571428,376.52,1018.22,148.58,267.17,74.62,58693
974,Three bed,Galway,1463.27,10500,277737,1385.131496350365,0.1393590476190476,376.52,1018.22,148.58,267.17,74.62,58693
975,Four plus bed,Galway,1455.64,10500,277737,1680.8637333333334,0.1386323809523809,376.52,1018.22,148.58,267.17,74.62,58693
976,All bedrooms,Galway,1452.12,10500,277737,1298.127292225201,0.1382971428571428,376.52,1018.22,148.58,267.17,74.62,58693
977,All bedrooms,Galway,1445.9,10500,277737,1298.127292225201,0.1377047619047619,376.52,1018.22,148.58,267.17,74.62,58693
978,Four plus bed,Galway,1439.43,10500,277737,1680.8637333333334,0.1370885714285714,376.52,1018.22,148.58,267.17,74.62,58693
979,Three bed,Galway,1429.96,10500,277737,1385.131496350365,0.1361866666666666,376.52,1018.22,148.58,267.17,74.62,58693
980,All bedrooms,Galway,1428.53,10500,277737,1298.127292225201,0.1360504761904762,376.52,1018.22,148.58,267.17,74.62,58693
981,Four plus bed,Galway,1398.57,10500,277737,1680.8637333333334,0.1331971428571428,376.52,1018.22,148.58,267.17,74.62,58693
982,Four plus bed,Galway,1387.79,10500,277737,1680.8637333333334,0.1321704761904762,376.52,1018.22,148.58,267.17,74.62,58693
983,Three bed,Galway,1382.56,10500,277737,1385.131496350365,0.1316723809523809,376.52,1018.22,148.58,267.17,74.62,58693
984,Two bed,Galway,1377.7,10500,277737,1274.9833802816902,0.1312095238095238,376.52,1018.22,148.58,267.17,74.62,58693
985,1 to 3 bed,Galway,1341.17,10500,277737,1230.7152459016395,0.1277304761904762,376.52,1018.22,148.58,267.17,74.62,58693
986,Three bed,Galway,1317.06,10500,277737,1385.131496350365,0.1254342857142857,376.52,1018.22,148.58,267.17,74.62,58693
987,1 to 2 bed,Galway,1314.45,10500,277737,1184.0090322580645,0.1251857142857143,376.52,1018.22,148.58,267.17,74.62,58693
988,1 to 3 bed,Galway,1312.06,10500,277737,1230.7152459016395,0.1249580952380952,376.52,1018.22,148.58,267.17,74.62,58693
989,All bedrooms,Galway,1307.45,10500,277737,1298.127292225201,0.1245190476190476,376.52,1018.22,148.58,267.17,74.62,58693
990,Two bed,Galway,1294.91,10500,277737,1274.9833802816902,0.1233247619047619,376.52,1018.22,148.58,267.17,74.62,58693
991,All bedrooms,Galway,1292.57,10500,277737,1298.127292225201,0.1231019047619047,376.52,1018.22,148.58,267.17,74.62,58693
992,Two bed,Galway,1285.63,10500,277737,1274.9833802816902,0.1224409523809523,376.52,1018.22,148.58,267.17,74.62,58693
993,Three bed,Galway,1277.38,10500,277737,1385.131496350365,0.1216552380952381,376.52,1018.22,148.58,267.17,74.62,58693
994,All bedrooms,Galway,1275.87,10500,277737,1298.127292225201,0.1215114285714285,376.52,1018.22,148.58,267.17,74.62,58693
995,All bedrooms,Galway,1275.85,10500,277737,1298.127292225201,0.1215095238095238,376.52,1018.22,148.58,267.17,74.62,58693
996,Three bed,Galway,1273.6,10500,277737,1385.131496350365,0.121295238095238,376.52,1018.22,148.58,267.17,74.62,58693
997,1 to 3 bed,Galway,1273.45,10500,277737,1230.7152459016395,0.1212809523809523,376.52,1018.22,148.58,267.17,74.62,58693
998,Three bed,Galway,1263.81,10500,277737,1385.131496350365,0.1203628571428571,376.52,1018.22,148.58,267.17,74.62,58693
999,Two bed,Galway,1255.01,10500,277737,1274.9833802816902,0.1195247619047619,376.52,1018.22,148.58,267.17,74.62,58693
1000,1 to 3 bed,Galway,1252.29,10500,277737,1230.7152459016395,0.1192657142857142,376.52,1018.22,148.58,267.17,74.62,58693
1001,All bedrooms,Galway,1250.17,10500,277737,1298.127292225201,0.1190638095238095,376.52,1018.22,148.58,267.17,74.62,58693
1002,All bedrooms,Galway,1249.15,10500,277737,1298.127292225201,0.1189666666666666,376.52,1018.22,148.58,267.17,74.62,58693
1003,Three bed,Galway,1228.8,10500,277737,1385.131496350365,0.1170285714285714,376.52,1018.22,148.58,267.17,74.62,58693
1004,All bedrooms,Galway,1224.06,10500,277737,1298.127292225201,0.1165771428571428,376.52,1018.22,148.58,267.17,74.62,58693
1005,1 to 2 bed,Galway,1219.39,10500,277737,1184.0090322580645,0.1161323809523809,376.52,1018.22,148.58,267.17,74.62,58693
1006,All bedrooms,Galway,1214.26,10500,277737,1298.127292225201,0.1156438095238095,376.52,1018.22,148.58,267.17,74.62,58693
1007,1 to 2 bed,Galway,1210.04,10500,277737,1184.0090322580645,0.1152419047619047,376.52,1018.22,148.58,267.17,74.62,58693
1008,Three bed,Galway,1201.94,10500,277737,1385.131496350365,0.1144704761904761,376.52,1018.22,148.58,267.17,74.62,58693
1009,1 to 2 bed,Galway,1192.26,10500,277737,1184.0090322580645,0.1135485714285714,376.52,1018.22,148.58,267.17,74.62,58693
1010,1 to 3 bed,Galway,1177.01,10500,277737,1230.7152459016395,0.1120961904761904,376.52,1018.22,148.58,267.17,74.62,58693
1011,1 to 3 bed,Galway,1170.98,10500,277737,1230.7152459016395,0.1115219047619047,376.52,1018.22,148.58,267.17,74.62,58693
1012,Three bed,Galway,1166.98,10500,277737,1385.131496350365,0.1111409523809523,376.52,1018.22,148.58,267.17,74.62,58693
1013,1 to 3 bed,Galway,1164.05,10500,277737,1230.7152459016395,0.1108619047619047,376.52,1018.22,148.58,267.17,74.62,58693
1014,Two bed,Galway,1157.87,10500,277737,1274.9833802816902,0.1102733333333333,376.52,1018.22,148.58,267.17,74.62,58693
1015,1 to 3 bed,Galway,1148.27,10500,277737,1230.7152459016395,0.1093590476190476,376.52,1018.22,148.58,267.17,74.62,58693
1016,Three bed,Galway,1143.36,10500,277737,1385.131496350365,0.1088914285714285,376.52,1018.22,148.58,267.17,74.62,58693
1017,1 to 2 bed,Galway,1133.77,10500,277737,1184.0090322580645,0.1079780952380952,376.52,1018.22,148.58,267.17,74.62,58693
1018,1 to 3 bed,Galway,1133.51,10500,277737,1230.7152459016395,0.1079533333333333,376.52,1018.22,148.58,267.17,74.62,58693
1019,All bedrooms,Galway,1129.71,10500,277737,1298.127292225201,0.1075914285714285,376.52,1018.22,148.58,267.17,74.62,58693
1020,All bedrooms,Galway,1126.86,10500,277737,1298.127292225201,0.1073199999999999,376.52,1018.22,148.58,267.17,74.62,58693
1021,Three bed,Galway,1120.94,10500,277737,1385.131496350365,0.1067561904761904,376.52,1018.22,148.58,267.17,74.62,58693
1022,Four plus bed,Galway,1117.63,10500,277737,1680.8637333333334,0.1064409523809523,376.52,1018.22,148.58,267.17,74.62,58693
1023,Four plus bed,Galway,1117.23,10500,277737,1680.8637333333334,0.1064028571428571,376.52,1018.22,148.58,267.17,74.62,58693
1024,Four plus bed,Galway,1116.9,10500,277737,1680.8637333333334,0.1063714285714285,376.52,1018.22,148.58,267.17,74.62,58693
1025,1 to 2 bed,Galway,1089.3,10500,277737,1184.0090322580645,0.1037428571428571,376.52,1018.22,148.58,267.17,74.62,58693
1026,Four plus bed,Galway,1086.05,10500,277737,1680.8637333333334,0.1034333333333333,376.52,1018.22,148.58,267.17,74.62,58693
1027,Two bed,Galway,1065.83,10500,277737,1274.9833802816902,0.101507619047619,376.52,1018.22,148.58,267.17,74.62,58693
1028,1 to 2 bed,Galway,1057.89,10500,277737,1184.0090322580645,0.1007514285714285,376.52,1018.22,148.58,267.17,74.62,58693
1029,1 to 3 bed,Galway,1053.97,10500,277737,1230.7152459016395,0.1003780952380952,376.52,1018.22,148.58,267.17,74.62,58693
1030,1 to 3 bed,Galway,1052.1,10500,277737,1230.7152459016395,0.1002,376.52,1018.22,148.58,267.17,74.62,58693
1031,Two bed,Galway,1047.32,10500,277737,1274.9833802816902,0.0997447619047619,376.52,1018.22,148.58,267.17,74.62,58693
1032,1 to 3 bed,Galway,1021.0,10500,277737,1230.7152459016395,0.0972380952380952,376.52,1018.22,148.58,267.17,74.62,58693
1033,All bedrooms,Galway,1012.38,10500,277737,1298.127292225201,0.0964171428571428,376.52,1018.22,148.58,267.17,74.62,58693
1034,Two bed,Galway,1007.2,10500,277737,1274.9833802816902,0.0959238095238095,376.52,1018.22,148.58,267.17,74.62,58693
1035,1 to 2 bed,Galway,992.17,10500,277737,1184.0090322580645,0.0944923809523809,376.52,1018.22,148.58,267.17,74.62,58693
1036,All bedrooms,Galway,991.66,10500,277737,1298.127292225201,0.0944438095238095,376.52,1018.22,148.58,267.17,74.62,58693
1037,Three bed,Galway,991.36,10500,277737,1385.131496350365,0.0944152380952381,376.52,1018.22,148.58,267.17,74.62,58693
1038,Three bed,Galway,981.93,10500,277737,1385.131496350365,0.0935171428571428,376.52,1018.22,148.58,267.17,74.62,58693
1039,All bedrooms,Galway,974.07,10500,277737,1298.127292225201,0.0927685714285714,376.52,1018.22,148.58,267.17,74.62,58693
1040,All bedrooms,Galway,972.21,10500,277737,1298.127292225201,0.0925914285714285,376.52,1018.22,148.58,267.17,74.62,58693
1041,Three bed,Galway,966.99,10500,277737,1385.131496350365,0.0920942857142857,376.52,1018.22,148.58,267.17,74.62,58693
1042,One bed,Galway,965.53,10500,277737,1057.0936904761904,0.091955238095238,376.52,1018.22,148.58,267.17,74.62,58693
1043,Four plus bed,Galway,963.44,10500,277737,1680.8637333333334,0.0917561904761904,376.52,1018.22,148.58,267.17,74.62,58693
1044,1 to 3 bed,Galway,956.19,10500,277737,1230.7152459016395,0.0910657142857142,376.52,1018.22,148.58,267.17,74.62,58693
1045,All bedrooms,Galway,948.62,10500,277737,1298.127292225201,0.0903447619047619,376.52,1018.22,148.58,267.17,74.62,58693
1046,1 to 3 bed,Galway,945.6,10500,277737,1230.7152459016395,0.0900571428571428,376.52,1018.22,148.58,267.17,74.62,58693
1047,1 to 3 bed,Galway,911.95,10500,277737,1230.7152459016395,0.0868523809523809,376.52,1018.22,148.58,267.17,74.62,58693
1048,1 to 3 bed,Galway,910.61,10500,277737,1230.7152459016395,0.0867247619047619,376.52,1018.22,148.58,267.17,74.62,58693
1049,1 to 2 bed,Galway,906.9,10500,277737,1184.0090322580645,0.0863714285714285,376.52,1018.22,148.58,267.17,74.62,58693
1050,Three bed,Galway,893.02,10500,277737,1385.131496350365,0.0850495238095238,376.52,1018.22,148.58,267.17,74.62,58693
1051,Two bed,Galway,889.66,10500,277737,1274.9833802816902,0.0847295238095238,376.52,1018.22,148.58,267.17,74.62,58693
1052,Two bed,Galway,883.45,10500,277737,1274.9833802816902,0.0841380952380952,376.52,1018.22,148.58,267.17,74.62,58693
1053,1 to 3 bed,Galway,882.96,10500,277737,1230.7152459016395,0.0840914285714285,376.52,1018.22,148.58,267.17,74.62,58693
1054,One bed,Galway,869.65,10500,277737,1057.0936904761904,0.0828238095238095,376.52,1018.22,148.58,267.17,74.62,58693
1055,Two bed,Galway,856.52,10500,277737,1274.9833802816902,0.0815733333333333,376.52,1018.22,148.58,267.17,74.62,58693
1056,1 to 2 bed,Galway,854.99,10500,277737,1184.0090322580645,0.081427619047619,376.52,1018.22,148.58,267.17,74.62,58693
1057,Two bed,Galway,852.82,10500,277737,1274.9833802816902,0.0812209523809523,376.52,1018.22,148.58,267.17,74.62,58693
1058,All bedrooms,Galway,852.53,10500,277737,1298.127292225201,0.0811933333333333,376.52,1018.22,148.58,267.17,74.62,58693
1059,All bedrooms,Galway,848.7,10500,277737,1298.127292225201,0.0808285714285714,376.52,1018.22,148.58,267.17,74.62,58693
1060,1 to 2 bed,Galway,845.83,10500,277737,1184.0090322580645,0.0805552380952381,376.52,1018.22,148.58,267.17,74.62,58693
1061,1 to 2 bed,Galway,844.73,10500,277737,1184.0090322580645,0.0804504761904762,376.52,1018.22,148.58,267.17,74.62,58693
1062,Two bed,Galway,835.6,10500,277737,1274.9833802816902,0.0795809523809523,376.52,1018.22,148.58,267.17,74.62,58693
1063,1 to 3 bed,Galway,809.88,10500,277737,1230.7152459016395,0.0771314285714285,376.52,1018.22,148.58,267.17,74.62,58693
1064,1 to 2 bed,Galway,802.42,10500,277737,1184.0090322580645,0.0764209523809523,376.52,1018.22,148.58,267.17,74.62,58693
1065,1 to 2 bed,Galway,794.35,10500,277737,1184.0090322580645,0.0756523809523809,376.52,1018.22,148.58,267.17,74.62,58693
1066,Three bed,Galway,790.97,10500,277737,1385.131496350365,0.0753304761904762,376.52,1018.22,148.58,267.17,74.62,58693
1067,Two bed,Galway,782.41,10500,277737,1274.9833802816902,0.074515238095238,376.52,1018.22,148.58,267.17,74.62,58693
1068,All bedrooms,Galway,773.08,10500,277737,1298.127292225201,0.0736266666666666,376.52,1018.22,148.58,267.17,74.62,58693
1069,One bed,Galway,758.33,10500,277737,1057.0936904761904,0.0722219047619047,376.52,1018.22,148.58,267.17,74.62,58693
1070,One bed,Galway,748.57,10500,277737,1057.0936904761904,0.0712923809523809,376.52,1018.22,148.58,267.17,74.62,58693
1071,1 to 2 bed,Galway,741.91,10500,277737,1184.0090322580645,0.0706580952380952,376.52,1018.22,148.58,267.17,74.62,58693
1072,1 to 3 bed,Galway,728.41,10500,277737,1230.7152459016395,0.0693723809523809,376.52,1018.22,148.58,267.17,74.62,58693
1073,1 to 3 bed,Galway,719.63,10500,277737,1230.7152459016395,0.0685361904761904,376.52,1018.22,148.58,267.17,74.62,58693
1074,Two bed,Galway,708.26,10500,277737,1274.9833802816902,0.0674533333333333,376.52,1018.22,148.58,267.17,74.62,58693
1075,1 to 2 bed,Galway,692.5,10500,277737,1184.0090322580645,0.0659523809523809,376.52,1018.22,148.58,267.17,74.62,58693
1076,One bed,Galway,657.53,10500,277737,1057.0936904761904,0.0626219047619047,376.52,1018.22,148.58,267.17,74.62,58693
1077,Four plus bed,Kerry,1315.57,14500,156458,1680.8637333333334,0.0907289655172413,176.6,740.06,83.3,70.09,41.06,50289
1078,Four plus bed,Kerry,1097.28,14500,156458,1680.8637333333334,0.0756744827586206,176.6,740.06,83.3,70.09,41.06,50289
1079,Four plus bed,Kerry,1074.49,14500,156458,1680.8637333333334,0.0741027586206896,176.6,740.06,83.3,70.09,41.06,50289
1080,All bedrooms,Kerry,1055.87,14500,156458,1298.127292225201,0.0728186206896551,176.6,740.06,83.3,70.09,41.06,50289
1081,Three bed,Kerry,1048.92,14500,156458,1385.131496350365,0.0723393103448275,176.6,740.06,83.3,70.09,41.06,50289
1082,Two bed,Kerry,1012.8,14500,156458,1274.9833802816902,0.0698482758620689,176.6,740.06,83.3,70.09,41.06,50289
1083,1 to 3 bed,Kerry,989.2,14500,156458,1230.7152459016395,0.0682206896551724,176.6,740.06,83.3,70.09,41.06,50289
1084,Three bed,Kerry,982.77,14500,156458,1385.131496350365,0.0677772413793103,176.6,740.06,83.3,70.09,41.06,50289
1085,1 to 2 bed,Kerry,947.53,14500,156458,1184.0090322580645,0.0653468965517241,176.6,740.06,83.3,70.09,41.06,50289
1086,Three bed,Kerry,935.18,14500,156458,1385.131496350365,0.0644951724137931,176.6,740.06,83.3,70.09,41.06,50289
1087,All bedrooms,Kerry,912.25,14500,156458,1298.127292225201,0.0629137931034482,176.6,740.06,83.3,70.09,41.06,50289
1088,All bedrooms,Kerry,912.19,14500,156458,1298.127292225201,0.0629096551724138,176.6,740.06,83.3,70.09,41.06,50289
1089,1 to 3 bed,Kerry,909.03,14500,156458,1230.7152459016395,0.062691724137931,176.6,740.06,83.3,70.09,41.06,50289
1090,Three bed,Kerry,899.0,14500,156458,1385.131496350365,0.062,176.6,740.06,83.3,70.09,41.06,50289
1091,Three bed,Kerry,897.4,14500,156458,1385.131496350365,0.0618896551724137,176.6,740.06,83.3,70.09,41.06,50289
1092,All bedrooms,Kerry,893.51,14500,156458,1298.127292225201,0.0616213793103448,176.6,740.06,83.3,70.09,41.06,50289
1093,All bedrooms,Kerry,879.83,14500,156458,1298.127292225201,0.0606779310344827,176.6,740.06,83.3,70.09,41.06,50289
1094,1 to 3 bed,Kerry,877.05,14500,156458,1230.7152459016395,0.0604862068965517,176.6,740.06,83.3,70.09,41.06,50289
1095,Two bed,Kerry,874.22,14500,156458,1274.9833802816902,0.0602910344827586,176.6,740.06,83.3,70.09,41.06,50289
1096,Two bed,Kerry,871.6,14500,156458,1274.9833802816902,0.0601103448275862,176.6,740.06,83.3,70.09,41.06,50289
1097,Two bed,Kerry,866.05,14500,156458,1274.9833802816902,0.0597275862068965,176.6,740.06,83.3,70.09,41.06,50289
1098,1 to 2 bed,Kerry,857.51,14500,156458,1184.0090322580645,0.0591386206896551,176.6,740.06,83.3,70.09,41.06,50289
1099,1 to 3 bed,Kerry,853.55,14500,156458,1230.7152459016395,0.0588655172413793,176.6,740.06,83.3,70.09,41.06,50289
1100,Four plus bed,Kerry,849.64,14500,156458,1680.8637333333334,0.0585958620689655,176.6,740.06,83.3,70.09,41.06,50289
1101,1 to 3 bed,Kerry,844.03,14500,156458,1230.7152459016395,0.0582089655172413,176.6,740.06,83.3,70.09,41.06,50289
1102,1 to 2 bed,Kerry,810.16,14500,156458,1184.0090322580645,0.0558731034482758,176.6,740.06,83.3,70.09,41.06,50289
1103,One bed,Kerry,809.38,14500,156458,1057.0936904761904,0.0558193103448275,176.6,740.06,83.3,70.09,41.06,50289
1104,1 to 2 bed,Kerry,803.16,14500,156458,1184.0090322580645,0.0553903448275862,176.6,740.06,83.3,70.09,41.06,50289
1105,Three bed,Kerry,799.37,14500,156458,1385.131496350365,0.0551289655172413,176.6,740.06,83.3,70.09,41.06,50289
1106,Three bed,Kerry,782.46,14500,156458,1385.131496350365,0.0539627586206896,176.6,740.06,83.3,70.09,41.06,50289
1107,All bedrooms,Kerry,779.99,14500,156458,1298.127292225201,0.0537924137931034,176.6,740.06,83.3,70.09,41.06,50289
1108,All bedrooms,Kerry,762.51,14500,156458,1298.127292225201,0.0525868965517241,176.6,740.06,83.3,70.09,41.06,50289
1109,1 to 3 bed,Kerry,746.49,14500,156458,1230.7152459016395,0.0514820689655172,176.6,740.06,83.3,70.09,41.06,50289
1110,1 to 3 bed,Kerry,732.16,14500,156458,1230.7152459016395,0.0504937931034482,176.6,740.06,83.3,70.09,41.06,50289
1111,1 to 2 bed,Kerry,728.07,14500,156458,1184.0090322580645,0.050211724137931,176.6,740.06,83.3,70.09,41.06,50289
1112,All bedrooms,Kerry,720.13,14500,156458,1298.127292225201,0.0496641379310344,176.6,740.06,83.3,70.09,41.06,50289
1113,1 to 3 bed,Kerry,695.13,14500,156458,1230.7152459016395,0.0479399999999999,176.6,740.06,83.3,70.09,41.06,50289
1114,Two bed,Kerry,689.05,14500,156458,1274.9833802816902,0.0475206896551724,176.6,740.06,83.3,70.09,41.06,50289
1115,One bed,Kerry,677.36,14500,156458,1057.0936904761904,0.0467144827586206,176.6,740.06,83.3,70.09,41.06,50289
1116,Two bed,Kerry,665.53,14500,156458,1274.9833802816902,0.0458986206896551,176.6,740.06,83.3,70.09,41.06,50289
1117,One bed,Kerry,653.33,14500,156458,1057.0936904761904,0.0450572413793103,176.6,740.06,83.3,70.09,41.06,50289
1118,1 to 2 bed,Kerry,653.31,14500,156458,1184.0090322580645,0.0450558620689655,176.6,740.06,83.3,70.09,41.06,50289
1119,1 to 2 bed,Kerry,628.94,14500,156458,1184.0090322580645,0.0433751724137931,176.6,740.06,83.3,70.09,41.06,50289
1120,Four plus bed,Kildare,2122.71,18680,247774,1680.8637333333334,0.1136354389721627,487.01,933.79,120.42,168.72,65.43,68053
1121,Four plus bed,Kildare,2046.06,18680,247774,1680.8637333333334,0.1095321199143468,487.01,933.79,120.42,168.72,65.43,68053
1122,Four plus bed,Kildare,1945.43,18680,247774,1680.8637333333334,0.1041450749464668,487.01,933.79,120.42,168.72,65.43,68053
1123,Four plus bed,Kildare,1909.76,18680,247774,1680.8637333333334,0.1022355460385439,487.01,933.79,120.42,168.72,65.43,68053
1124,Four plus bed,Kildare,1871.07,18680,247774,1680.8637333333334,0.1001643468950749,487.01,933.79,120.42,168.72,65.43,68053
1125,Three bed,Kildare,1784.54,18680,247774,1385.131496350365,0.0955321199143468,487.01,933.79,120.42,168.72,65.43,68053
1126,All bedrooms,Kildare,1700.48,18680,247774,1298.127292225201,0.0910321199143469,487.01,933.79,120.42,168.72,65.43,68053
1127,Three bed,Kildare,1631.76,18680,247774,1385.131496350365,0.0873533190578158,487.01,933.79,120.42,168.72,65.43,68053
1128,Four plus bed,Kildare,1625.08,18680,247774,1680.8637333333334,0.0869957173447537,487.01,933.79,120.42,168.72,65.43,68053
1129,Three bed,Kildare,1601.98,18680,247774,1385.131496350365,0.0857591006423982,487.01,933.79,120.42,168.72,65.43,68053
1130,1 to 3 bed,Kildare,1598.52,18680,247774,1230.7152459016395,0.0855738758029978,487.01,933.79,120.42,168.72,65.43,68053
1131,Two bed,Kildare,1576.47,18680,247774,1274.9833802816902,0.0843934689507494,487.01,933.79,120.42,168.72,65.43,68053
1132,All bedrooms,Kildare,1549.92,18680,247774,1298.127292225201,0.0829721627408993,487.01,933.79,120.42,168.72,65.43,68053
1133,Three bed,Kildare,1549.1,18680,247774,1385.131496350365,0.0829282655246252,487.01,933.79,120.42,168.72,65.43,68053
1134,All bedrooms,Kildare,1545.04,18680,247774,1298.127292225201,0.0827109207708779,487.01,933.79,120.42,168.72,65.43,68053
1135,Two bed,Kildare,1522.37,18680,247774,1274.9833802816902,0.081497323340471,487.01,933.79,120.42,168.72,65.43,68053
1136,Three bed,Kildare,1518.93,18680,247774,1385.131496350365,0.0813131691648822,487.01,933.79,120.42,168.72,65.43,68053
1137,All bedrooms,Kildare,1511.05,18680,247774,1298.127292225201,0.0808913276231263,487.01,933.79,120.42,168.72,65.43,68053
1138,Three bed,Kildare,1488.34,18680,247774,1385.131496350365,0.0796755888650963,487.01,933.79,120.42,168.72,65.43,68053
1139,Three bed,Kildare,1486.73,18680,247774,1385.131496350365,0.0795894004282655,487.01,933.79,120.42,168.72,65.43,68053
1140,1 to 2 bed,Kildare,1486.13,18680,247774,1184.0090322580645,0.0795572805139186,487.01,933.79,120.42,168.72,65.43,68053
1141,All bedrooms,Kildare,1484.34,18680,247774,1298.127292225201,0.0794614561027837,487.01,933.79,120.42,168.72,65.43,68053
1142,1 to 3 bed,Kildare,1470.98,18680,247774,1230.7152459016395,0.0787462526766595,487.01,933.79,120.42,168.72,65.43,68053
1143,1 to 3 bed,Kildare,1464.75,18680,247774,1230.7152459016395,0.0784127408993576,487.01,933.79,120.42,168.72,65.43,68053
1144,1 to 3 bed,Kildare,1446.39,18680,247774,1230.7152459016395,0.0774298715203426,487.01,933.79,120.42,168.72,65.43,68053
1145,1 to 3 bed,Kildare,1431.75,18680,247774,1230.7152459016395,0.0766461456102783,487.01,933.79,120.42,168.72,65.43,68053
1146,Three bed,Kildare,1421.87,18680,247774,1385.131496350365,0.0761172376873661,487.01,933.79,120.42,168.72,65.43,68053
1147,All bedrooms,Kildare,1412.46,18680,247774,1298.127292225201,0.0756134903640257,487.01,933.79,120.42,168.72,65.43,68053
1148,Two bed,Kildare,1401.79,18680,247774,1274.9833802816902,0.0750422912205567,487.01,933.79,120.42,168.72,65.43,68053
1149,1 to 2 bed,Kildare,1365.34,18680,247774,1184.0090322580645,0.0730910064239828,487.01,933.79,120.42,168.72,65.43,68053
1150,1 to 2 bed,Kildare,1360.59,18680,247774,1184.0090322580645,0.0728367237687366,487.01,933.79,120.42,168.72,65.43,68053
1151,All bedrooms,Kildare,1360.49,18680,247774,1298.127292225201,0.0728313704496788,487.01,933.79,120.42,168.72,65.43,68053
1152,Two bed,Kildare,1352.26,18680,247774,1274.9833802816902,0.0723907922912205,487.01,933.79,120.42,168.72,65.43,68053
1153,All bedrooms,Kildare,1340.64,18680,247774,1298.127292225201,0.0717687366167023,487.01,933.79,120.42,168.72,65.43,68053
1154,1 to 3 bed,Kildare,1334.61,18680,247774,1230.7152459016395,0.071445931477516,487.01,933.79,120.42,168.72,65.43,68053
1155,Three bed,Kildare,1333.62,18680,247774,1385.131496350365,0.0713929336188436,487.01,933.79,120.42,168.72,65.43,68053
1156,1 to 3 bed,Kildare,1329.94,18680,247774,1230.7152459016395,0.071195931477516,487.01,933.79,120.42,168.72,65.43,68053
1157,Three bed,Kildare,1320.93,18680,247774,1385.131496350365,0.0707135974304068,487.01,933.79,120.42,168.72,65.43,68053
1158,1 to 2 bed,Kildare,1319.45,18680,247774,1184.0090322580645,0.0706343683083511,487.01,933.79,120.42,168.72,65.43,68053
1159,Two bed,Kildare,1316.98,18680,247774,1274.9833802816902,0.0705021413276231,487.01,933.79,120.42,168.72,65.43,68053
1160,Two bed,Kildare,1307.7,18680,247774,1274.9833802816902,0.0700053533190578,487.01,933.79,120.42,168.72,65.43,68053
1161,1 to 2 bed,Kildare,1293.39,18680,247774,1184.0090322580645,0.0692392933618843,487.01,933.79,120.42,168.72,65.43,68053
1162,Three bed,Kildare,1285.33,18680,247774,1385.131496350365,0.0688078158458244,487.01,933.79,120.42,168.72,65.43,68053
1163,All bedrooms,Kildare,1275.04,18680,247774,1298.127292225201,0.0682569593147751,487.01,933.79,120.42,168.72,65.43,68053
1164,1 to 3 bed,Kildare,1274.82,18680,247774,1230.7152459016395,0.0682451820128479,487.01,933.79,120.42,168.72,65.43,68053
1165,Two bed,Kildare,1257.3,18680,247774,1274.9833802816902,0.0673072805139186,487.01,933.79,120.42,168.72,65.43,68053
1166,All bedrooms,Kildare,1250.34,18680,247774,1298.127292225201,0.0669346895074946,487.01,933.79,120.42,168.72,65.43,68053
1167,Two bed,Kildare,1248.14,18680,247774,1274.9833802816902,0.0668169164882227,487.01,933.79,120.42,168.72,65.43,68053
1168,Two bed,Kildare,1246.62,18680,247774,1274.9833802816902,0.0667355460385439,487.01,933.79,120.42,168.72,65.43,68053
1169,1 to 2 bed,Kildare,1241.61,18680,247774,1184.0090322580645,0.0664673447537473,487.01,933.79,120.42,168.72,65.43,68053
1170,All bedrooms,Kildare,1233.7,18680,247774,1298.127292225201,0.066043897216274,487.01,933.79,120.42,168.72,65.43,68053
1171,1 to 2 bed,Kildare,1233.7,18680,247774,1184.0090322580645,0.066043897216274,487.01,933.79,120.42,168.72,65.43,68053
1172,Three bed,Kildare,1229.47,18680,247774,1385.131496350365,0.0658174518201284,487.01,933.79,120.42,168.72,65.43,68053
1173,1 to 3 bed,Kildare,1227.05,18680,247774,1230.7152459016395,0.0656879014989293,487.01,933.79,120.42,168.72,65.43,68053
1174,Two bed,Kildare,1210.5,18680,247774,1274.9833802816902,0.0648019271948608,487.01,933.79,120.42,168.72,65.43,68053
1175,1 to 2 bed,Kildare,1208.9,18680,247774,1184.0090322580645,0.0647162740899357,487.01,933.79,120.42,168.72,65.43,68053
1176,1 to 3 bed,Kildare,1203.59,18680,247774,1230.7152459016395,0.0644320128479657,487.01,933.79,120.42,168.72,65.43,68053
1177,One bed,Kildare,1182.85,18680,247774,1057.0936904761904,0.0633217344753747,487.01,933.79,120.42,168.72,65.43,68053
1178,1 to 3 bed,Kildare,1178.22,18680,247774,1230.7152459016395,0.0630738758029978,487.01,933.79,120.42,168.72,65.43,68053
1179,One bed,Kildare,1175.43,18680,247774,1057.0936904761904,0.0629245182012848,487.01,933.79,120.42,168.72,65.43,68053
1180,Two bed,Kildare,1168.4,18680,247774,1274.9833802816902,0.0625481798715203,487.01,933.79,120.42,168.72,65.43,68053
1181,1 to 2 bed,Kildare,1153.51,18680,247774,1184.0090322580645,0.0617510706638115,487.01,933.79,120.42,168.72,65.43,68053
1182,All bedrooms,Kildare,1152.48,18680,247774,1298.127292225201,0.061695931477516,487.01,933.79,120.42,168.72,65.43,68053
1183,1 to 2 bed,Kildare,1145.48,18680,247774,1184.0090322580645,0.0613211991434689,487.01,933.79,120.42,168.72,65.43,68053
1184,All bedrooms,Kildare,1136.99,18680,247774,1298.127292225201,0.0608667023554603,487.01,933.79,120.42,168.72,65.43,68053
1185,All bedrooms,Kildare,1129.72,18680,247774,1298.127292225201,0.0604775160599571,487.01,933.79,120.42,168.72,65.43,68053
1186,Two bed,Kildare,1127.02,18680,247774,1274.9833802816902,0.0603329764453961,487.01,933.79,120.42,168.72,65.43,68053
1187,One bed,Kildare,1125.05,18680,247774,1057.0936904761904,0.0602275160599571,487.01,933.79,120.42,168.72,65.43,68053
1188,1 to 3 bed,Kildare,1107.63,18680,247774,1230.7152459016395,0.0592949678800856,487.01,933.79,120.42,168.72,65.43,68053
1189,Three bed,Kildare,1102.32,18680,247774,1385.131496350365,0.0590107066381156,487.01,933.79,120.42,168.72,65.43,68053
1190,1 to 2 bed,Kildare,1095.73,18680,247774,1184.0090322580645,0.0586579229122055,487.01,933.79,120.42,168.72,65.43,68053
1191,1 to 3 bed,Kildare,1092.79,18680,247774,1230.7152459016395,0.0585005353319057,487.01,933.79,120.42,168.72,65.43,68053
1192,1 to 3 bed,Kildare,1087.97,18680,247774,1230.7152459016395,0.058242505353319,487.01,933.79,120.42,168.72,65.43,68053
1193,All bedrooms,Kildare,1050.27,18680,247774,1298.127292225201,0.0562243040685224,487.01,933.79,120.42,168.72,65.43,68053
1194,One bed,Kildare,1046.76,18680,247774,1057.0936904761904,0.0560364025695931,487.01,933.79,120.42,168.72,65.43,68053
1195,All bedrooms,Kildare,1032.83,18680,247774,1298.127292225201,0.0552906852248393,487.01,933.79,120.42,168.72,65.43,68053
1196,1 to 2 bed,Kildare,1022.7,18680,247774,1184.0090322580645,0.0547483940042826,487.01,933.79,120.42,168.72,65.43,68053
1197,One bed,Kildare,1016.05,18680,247774,1057.0936904761904,0.0543923982869379,487.01,933.79,120.42,168.72,65.43,68053
1198,1 to 3 bed,Kildare,1015.16,18680,247774,1230.7152459016395,0.0543447537473233,487.01,933.79,120.42,168.72,65.43,68053
1199,1 to 3 bed,Kildare,993.74,18680,247774,1230.7152459016395,0.0531980728051391,487.01,933.79,120.42,168.72,65.43,68053
1200,Two bed,Kildare,986.8,18680,247774,1274.9833802816902,0.0528265524625267,487.01,933.79,120.42,168.72,65.43,68053
1201,Two bed,Kildare,962.67,18680,247774,1274.9833802816902,0.0515347965738758,487.01,933.79,120.42,168.72,65.43,68053
1202,1 to 2 bed,Kildare,946.7,18680,247774,1184.0090322580645,0.0506798715203426,487.01,933.79,120.42,168.72,65.43,68053
1203,1 to 2 bed,Kildare,939.55,18680,247774,1184.0090322580645,0.0502971092077087,487.01,933.79,120.42,168.72,65.43,68053
1204,One bed,Kildare,923.05,18680,247774,1057.0936904761904,0.0494138115631691,487.01,933.79,120.42,168.72,65.43,68053
1205,One bed,Kildare,903.63,18680,247774,1057.0936904761904,0.0483741970021413,487.01,933.79,120.42,168.72,65.43,68053
1206,One bed,Kildare,856.06,18680,247774,1057.0936904761904,0.0458276231263383,487.01,933.79,120.42,168.72,65.43,68053
1207,One bed,Kildare,836.01,18680,247774,1057.0936904761904,0.0447542826552462,487.01,933.79,120.42,168.72,65.43,68053
1208,Four plus bed,Kilkenny,1157.74,15200,104160,1680.8637333333334,0.0761671052631579,127.72,357.33,54.65,65.33,17.77,58136
1209,Two bed,Kilkenny,1043.75,15200,104160,1274.9833802816902,0.0686677631578947,127.72,357.33,54.65,65.33,17.77,58136
1210,All bedrooms,Kilkenny,1037.8,15200,104160,1298.127292225201,0.0682763157894736,127.72,357.33,54.65,65.33,17.77,58136
1211,Three bed,Kilkenny,1021.09,15200,104160,1385.131496350365,0.0671769736842105,127.72,357.33,54.65,65.33,17.77,58136
1212,All bedrooms,Kilkenny,1008.56,15200,104160,1298.127292225201,0.0663526315789473,127.72,357.33,54.65,65.33,17.77,58136
1213,1 to 3 bed,Kilkenny,1004.98,15200,104160,1230.7152459016395,0.0661171052631579,127.72,357.33,54.65,65.33,17.77,58136
1214,1 to 2 bed,Kilkenny,993.67,15200,104160,1184.0090322580645,0.0653730263157894,127.72,357.33,54.65,65.33,17.77,58136
1215,Three bed,Kilkenny,942.18,15200,104160,1385.131496350365,0.0619855263157894,127.72,357.33,54.65,65.33,17.77,58136
1216,All bedrooms,Kilkenny,940.06,15200,104160,1298.127292225201,0.0618460526315789,127.72,357.33,54.65,65.33,17.77,58136
1217,All bedrooms,Kilkenny,935.34,15200,104160,1298.127292225201,0.0615355263157894,127.72,357.33,54.65,65.33,17.77,58136
1218,1 to 3 bed,Kilkenny,877.14,15200,104160,1230.7152459016395,0.0577065789473684,127.72,357.33,54.65,65.33,17.77,58136
1219,1 to 3 bed,Kilkenny,871.33,15200,104160,1230.7152459016395,0.0573243421052631,127.72,357.33,54.65,65.33,17.77,58136
1220,1 to 3 bed,Kilkenny,851.03,15200,104160,1230.7152459016395,0.0559888157894736,127.72,357.33,54.65,65.33,17.77,58136
1221,All bedrooms,Kilkenny,844.73,15200,104160,1298.127292225201,0.0555743421052631,127.72,357.33,54.65,65.33,17.77,58136
1222,Two bed,Kilkenny,830.42,15200,104160,1274.9833802816902,0.0546328947368421,127.72,357.33,54.65,65.33,17.77,58136
1223,All bedrooms,Kilkenny,803.87,15200,104160,1298.127292225201,0.0528861842105263,127.72,357.33,54.65,65.33,17.77,58136
1224,1 to 3 bed,Kilkenny,802.9,15200,104160,1230.7152459016395,0.0528223684210526,127.72,357.33,54.65,65.33,17.77,58136
1225,1 to 2 bed,Kilkenny,789.48,15200,104160,1184.0090322580645,0.0519394736842105,127.72,357.33,54.65,65.33,17.77,58136
1226,One bed,Kilkenny,707.19,15200,104160,1057.0936904761904,0.0465256578947368,127.72,357.33,54.65,65.33,17.77,58136
1227,Four plus bed,Laois,1115.77,14625,91877,1680.8637333333334,0.0762919658119658,99.83,89.49,30.21,27.3,10.06,57805
1228,Four plus bed,Laois,1069.61,14625,91877,1680.8637333333334,0.0731357264957264,99.83,89.49,30.21,27.3,10.06,57805
1229,Three bed,Laois,1032.16,14625,91877,1385.131496350365,0.0705750427350427,99.83,89.49,30.21,27.3,10.06,57805
1230,Three bed,Laois,1002.06,14625,91877,1385.131496350365,0.068516923076923,99.83,89.49,30.21,27.3,10.06,57805
1231,Three bed,Laois,998.74,14625,91877,1385.131496350365,0.0682899145299145,99.83,89.49,30.21,27.3,10.06,57805
1232,All bedrooms,Laois,989.88,14625,91877,1298.127292225201,0.0676841025641025,99.83,89.49,30.21,27.3,10.06,57805
1233,1 to 3 bed,Laois,970.21,14625,91877,1230.7152459016395,0.0663391452991453,99.83,89.49,30.21,27.3,10.06,57805
1234,All bedrooms,Laois,950.74,14625,91877,1298.127292225201,0.0650078632478632,99.83,89.49,30.21,27.3,10.06,57805
1235,Two bed,Laois,942.06,14625,91877,1274.9833802816902,0.0644143589743589,99.83,89.49,30.21,27.3,10.06,57805
1236,Three bed,Laois,941.97,14625,91877,1385.131496350365,0.0644082051282051,99.83,89.49,30.21,27.3,10.06,57805
1237,All bedrooms,Laois,932.67,14625,91877,1298.127292225201,0.0637723076923076,99.83,89.49,30.21,27.3,10.06,57805
1238,1 to 3 bed,Laois,930.77,14625,91877,1230.7152459016395,0.0636423931623931,99.83,89.49,30.21,27.3,10.06,57805
1239,All bedrooms,Laois,929.04,14625,91877,1298.127292225201,0.0635241025641025,99.83,89.49,30.21,27.3,10.06,57805
1240,1 to 3 bed,Laois,913.8,14625,91877,1230.7152459016395,0.0624820512820512,99.83,89.49,30.21,27.3,10.06,57805
1241,1 to 2 bed,Laois,908.26,14625,91877,1184.0090322580645,0.0621032478632478,99.83,89.49,30.21,27.3,10.06,57805
1242,Two bed,Laois,900.92,14625,91877,1274.9833802816902,0.0616013675213675,99.83,89.49,30.21,27.3,10.06,57805
1243,Two bed,Laois,895.78,14625,91877,1274.9833802816902,0.0612499145299145,99.83,89.49,30.21,27.3,10.06,57805
1244,1 to 3 bed,Laois,880.46,14625,91877,1230.7152459016395,0.0602023931623931,99.83,89.49,30.21,27.3,10.06,57805
1245,All bedrooms,Laois,868.81,14625,91877,1298.127292225201,0.0594058119658119,99.83,89.49,30.21,27.3,10.06,57805
1246,1 to 3 bed,Laois,855.76,14625,91877,1230.7152459016395,0.0585135042735042,99.83,89.49,30.21,27.3,10.06,57805
1247,1 to 2 bed,Laois,855.29,14625,91877,1184.0090322580645,0.0584813675213675,99.83,89.49,30.21,27.3,10.06,57805
1248,Two bed,Laois,854.0,14625,91877,1274.9833802816902,0.0583931623931623,99.83,89.49,30.21,27.3,10.06,57805
1249,1 to 2 bed,Laois,847.6,14625,91877,1184.0090322580645,0.0579555555555555,99.83,89.49,30.21,27.3,10.06,57805
1250,1 to 2 bed,Laois,809.06,14625,91877,1184.0090322580645,0.0553203418803418,99.83,89.49,30.21,27.3,10.06,57805
1251,One bed,Laois,734.03,14625,91877,1057.0936904761904,0.0501900854700854,99.83,89.49,30.21,27.3,10.06,57805
1252,One bed,Laois,701.52,14625,91877,1057.0936904761904,0.0479671794871794,99.83,89.49,30.21,27.3,10.06,57805
1253,One bed,Laois,700.57,14625,91877,1057.0936904761904,0.0479022222222222,99.83,89.49,30.21,27.3,10.06,57805
1254,Four plus bed,Leitrim,906.36,7625,35199,1680.8637333333334,0.1188668852459016,21.17,188.69,12.31,12.44,4.64,48168
1255,Four plus bed,Leitrim,827.6,7625,35199,1680.8637333333334,0.1085377049180327,21.17,188.69,12.31,12.44,4.64,48168
1256,Three bed,Leitrim,812.63,7625,35199,1385.131496350365,0.1065744262295081,21.17,188.69,12.31,12.44,4.64,48168
1257,All bedrooms,Leitrim,756.71,7625,35199,1298.127292225201,0.0992406557377049,21.17,188.69,12.31,12.44,4.64,48168
1258,1 to 3 bed,Leitrim,730.12,7625,35199,1230.7152459016395,0.0957534426229508,21.17,188.69,12.31,12.44,4.64,48168
1259,Two bed,Leitrim,719.92,7625,35199,1274.9833802816902,0.094415737704918,21.17,188.69,12.31,12.44,4.64,48168
1260,Three bed,Leitrim,715.11,7625,35199,1385.131496350365,0.0937849180327869,21.17,188.69,12.31,12.44,4.64,48168
1261,All bedrooms,Leitrim,710.51,7625,35199,1298.127292225201,0.0931816393442623,21.17,188.69,12.31,12.44,4.64,48168
1262,1 to 2 bed,Leitrim,692.34,7625,35199,1184.0090322580645,0.0907986885245901,21.17,188.69,12.31,12.44,4.64,48168
1263,1 to 3 bed,Leitrim,682.32,7625,35199,1230.7152459016395,0.0894845901639344,21.17,188.69,12.31,12.44,4.64,48168
1264,Two bed,Leitrim,677.74,7625,35199,1274.9833802816902,0.0888839344262295,21.17,188.69,12.31,12.44,4.64,48168
1265,1 to 2 bed,Leitrim,650.27,7625,35199,1184.0090322580645,0.0852813114754098,21.17,188.69,12.31,12.44,4.64,48168
1266,Three bed,Leitrim,634.44,7625,35199,1385.131496350365,0.0832052459016393,21.17,188.69,12.31,12.44,4.64,48168
1267,One bed,Leitrim,613.46,7625,35199,1057.0936904761904,0.0804537704918032,21.17,188.69,12.31,12.44,4.64,48168
1268,All bedrooms,Leitrim,612.75,7625,35199,1298.127292225201,0.0803606557377049,21.17,188.69,12.31,12.44,4.64,48168
1269,1 to 3 bed,Leitrim,596.15,7625,35199,1230.7152459016395,0.078183606557377,21.17,188.69,12.31,12.44,4.64,48168
1270,One bed,Leitrim,559.18,7625,35199,1057.0936904761904,0.0733350819672131,21.17,188.69,12.31,12.44,4.64,48168
1271,1 to 2 bed,Leitrim,545.09,7625,35199,1184.0090322580645,0.0714872131147541,21.17,188.69,12.31,12.44,4.64,48168
1272,Four plus bed,Limerick,1983.25,14833,209536,1680.8637333333334,0.1337052518034113,360.65,763.67,106.06,404.3,74.21,57374
1273,Four plus bed,Limerick,1728.91,14833,209536,1680.8637333333334,0.1165583496258342,360.65,763.67,106.06,404.3,74.21,57374
1274,All bedrooms,Limerick,1665.94,14833,209536,1298.127292225201,0.1123130856873188,360.65,763.67,106.06,404.3,74.21,57374
1275,Four plus bed,Limerick,1622.81,14833,209536,1680.8637333333334,0.1094053798961774,360.65,763.67,106.06,404.3,74.21,57374
1276,Four plus bed,Limerick,1548.12,14833,209536,1680.8637333333334,0.1043699858423784,360.65,763.67,106.06,404.3,74.21,57374
1277,Four plus bed,Limerick,1528.73,14833,209536,1680.8637333333334,0.1030627654554035,360.65,763.67,106.06,404.3,74.21,57374
1278,All bedrooms,Limerick,1410.23,14833,209536,1298.127292225201,0.0950738218836378,360.65,763.67,106.06,404.3,74.21,57374
1279,Three bed,Limerick,1372.61,14833,209536,1385.131496350365,0.0925375851142722,360.65,763.67,106.06,404.3,74.21,57374
1280,Three bed,Limerick,1332.15,14833,209536,1385.131496350365,0.0898098833681655,360.65,763.67,106.06,404.3,74.21,57374
1281,All bedrooms,Limerick,1308.28,14833,209536,1298.127292225201,0.0882006337221061,360.65,763.67,106.06,404.3,74.21,57374
1282,1 to 3 bed,Limerick,1308.16,14833,209536,1230.7152459016395,0.0881925436526663,360.65,763.67,106.06,404.3,74.21,57374
1283,1 to 3 bed,Limerick,1268.9,14833,209536,1230.7152459016395,0.0855457426009573,360.65,763.67,106.06,404.3,74.21,57374
1284,All bedrooms,Limerick,1263.82,14833,209536,1298.127292225201,0.085203262994674,360.65,763.67,106.06,404.3,74.21,57374
1285,All bedrooms,Limerick,1260.06,14833,209536,1298.127292225201,0.0849497741522281,360.65,763.67,106.06,404.3,74.21,57374
1286,Three bed,Limerick,1255.4,14833,209536,1385.131496350365,0.084635609788984,360.65,763.67,106.06,404.3,74.21,57374
1287,Three bed,Limerick,1254.21,14833,209536,1385.131496350365,0.0845553832670397,360.65,763.67,106.06,404.3,74.21,57374
1288,1 to 3 bed,Limerick,1219.35,14833,209536,1230.7152459016395,0.0822052180947886,360.65,763.67,106.06,404.3,74.21,57374
1289,1 to 3 bed,Limerick,1208.81,14833,209536,1230.7152459016395,0.0814946403289961,360.65,763.67,106.06,404.3,74.21,57374
1290,All bedrooms,Limerick,1190.5,14833,209536,1298.127292225201,0.080260230566979,360.65,763.67,106.06,404.3,74.21,57374
1291,Two bed,Limerick,1171.67,14833,209536,1274.9833802816902,0.0789907638373896,360.65,763.67,106.06,404.3,74.21,57374
1292,All bedrooms,Limerick,1164.08,14833,209536,1298.127292225201,0.0784790669453246,360.65,763.67,106.06,404.3,74.21,57374
1293,Two bed,Limerick,1162.95,14833,209536,1274.9833802816902,0.0784028854581001,360.65,763.67,106.06,404.3,74.21,57374
1294,Three bed,Limerick,1155.49,14833,209536,1385.131496350365,0.0778999528079282,360.65,763.67,106.06,404.3,74.21,57374
1295,1 to 2 bed,Limerick,1145.76,14833,209536,1184.0090322580645,0.0772439830108541,360.65,763.67,106.06,404.3,74.21,57374
1296,Three bed,Limerick,1137.46,14833,209536,1385.131496350365,0.0766844198746039,360.65,763.67,106.06,404.3,74.21,57374
1297,1 to 2 bed,Limerick,1137.11,14833,209536,1184.0090322580645,0.0766608238387379,360.65,763.67,106.06,404.3,74.21,57374
1298,All bedrooms,Limerick,1132.51,14833,209536,1298.127292225201,0.0763507045102137,360.65,763.67,106.06,404.3,74.21,57374
1299,1 to 3 bed,Limerick,1128.37,14833,209536,1230.7152459016395,0.0760715971145419,360.65,763.67,106.06,404.3,74.21,57374
1300,Two bed,Limerick,1110.8,14833,209536,1274.9833802816902,0.0748870761140699,360.65,763.67,106.06,404.3,74.21,57374
1301,1 to 3 bed,Limerick,1099.97,14833,209536,1230.7152459016395,0.0741569473471314,360.65,763.67,106.06,404.3,74.21,57374
1302,1 to 3 bed,Limerick,1072.65,14833,209536,1230.7152459016395,0.0723151082046787,360.65,763.67,106.06,404.3,74.21,57374
1303,Two bed,Limerick,1067.05,14833,209536,1274.9833802816902,0.0719375716308231,360.65,763.67,106.06,404.3,74.21,57374
1304,1 to 2 bed,Limerick,1067.05,14833,209536,1184.0090322580645,0.0719375716308231,360.65,763.67,106.06,404.3,74.21,57374
1305,1 to 3 bed,Limerick,1065.78,14833,209536,1230.7152459016395,0.0718519517292523,360.65,763.67,106.06,404.3,74.21,57374
1306,Two bed,Limerick,1061.42,14833,209536,1274.9833802816902,0.0715580125396076,360.65,763.67,106.06,404.3,74.21,57374
1307,1 to 2 bed,Limerick,1053.17,14833,209536,1184.0090322580645,0.0710018202656239,360.65,763.67,106.06,404.3,74.21,57374
1308,Three bed,Limerick,1043.62,14833,209536,1385.131496350365,0.0703579855727094,360.65,763.67,106.06,404.3,74.21,57374
1309,1 to 2 bed,Limerick,1002.56,14833,209536,1184.0090322580645,0.067589833479404,360.65,763.67,106.06,404.3,74.21,57374
1310,All bedrooms,Limerick,963.47,14833,209536,1298.127292225201,0.0649544933594013,360.65,763.67,106.06,404.3,74.21,57374
1311,1 to 3 bed,Limerick,963.47,14833,209536,1230.7152459016395,0.0649544933594013,360.65,763.67,106.06,404.3,74.21,57374
1312,Two bed,Limerick,958.85,14833,209536,1274.9833802816902,0.0646430256859704,360.65,763.67,106.06,404.3,74.21,57374
1313,1 to 2 bed,Limerick,944.15,14833,209536,1184.0090322580645,0.0636519921795995,360.65,763.67,106.06,404.3,74.21,57374
1314,Four plus bed,Limerick,919.82,14833,209536,1680.8637333333334,0.0620117306006876,360.65,763.67,106.06,404.3,74.21,57374
1315,One bed,Limerick,881.26,14833,209536,1057.0936904761904,0.0594121216207105,360.65,763.67,106.06,404.3,74.21,57374
1316,Three bed,Limerick,880.89,14833,209536,1385.131496350365,0.0593871772399379,360.65,763.67,106.06,404.3,74.21,57374
1317,One bed,Limerick,867.67,14833,209536,1057.0936904761904,0.0584959212566574,360.65,763.67,106.06,404.3,74.21,57374
1318,One bed,Limerick,824.04,14833,209536,1057.0936904761904,0.0555545068428504,360.65,763.67,106.06,404.3,74.21,57374
1319,All bedrooms,Limerick,816.16,14833,209536,1298.127292225201,0.0550232589496393,360.65,763.67,106.06,404.3,74.21,57374
1320,All bedrooms,Limerick,801.3,14833,209536,1298.127292225201,0.0540214386840153,360.65,763.67,106.06,404.3,74.21,57374
1321,1 to 3 bed,Limerick,800.63,14833,209536,1230.7152459016395,0.0539762691296433,360.65,763.67,106.06,404.3,74.21,57374
1322,Three bed,Limerick,792.04,14833,209536,1385.131496350365,0.053397154992247,360.65,763.67,106.06,404.3,74.21,57374
1323,Three bed,Limerick,751.4,14833,209536,1385.131496350365,0.0506573181419807,360.65,763.67,106.06,404.3,74.21,57374
1324,1 to 3 bed,Limerick,746.39,14833,209536,1230.7152459016395,0.0503195577428706,360.65,763.67,106.06,404.3,74.21,57374
1325,Two bed,Limerick,733.74,14833,209536,1274.9833802816902,0.0494667295894289,360.65,763.67,106.06,404.3,74.21,57374
1326,All bedrooms,Limerick,717.78,14833,209536,1298.127292225201,0.0483907503539405,360.65,763.67,106.06,404.3,74.21,57374
1327,1 to 2 bed,Limerick,713.37,14833,209536,1184.0090322580645,0.0480934403020292,360.65,763.67,106.06,404.3,74.21,57374
1328,Two bed,Limerick,702.68,14833,209536,1274.9833802816902,0.047372749949437,360.65,763.67,106.06,404.3,74.21,57374
1329,1 to 3 bed,Limerick,697.67,14833,209536,1230.7152459016395,0.0470349895503269,360.65,763.67,106.06,404.3,74.21,57374
1330,1 to 2 bed,Limerick,672.21,14833,209536,1184.0090322580645,0.0453185464841906,360.65,763.67,106.06,404.3,74.21,57374
1331,Four plus bed,Longford,903.95,12625,46751,1680.8637333333334,0.0716,41.08,75.53,14.76,18.91,9.33,49835
1332,Four plus bed,Longford,886.02,12625,46751,1680.8637333333334,0.070179801980198,41.08,75.53,14.76,18.91,9.33,49835
1333,Three bed,Longford,868.24,12625,46751,1385.131496350365,0.0687714851485148,41.08,75.53,14.76,18.91,9.33,49835
1334,Two bed,Longford,842.64,12625,46751,1274.9833802816902,0.0667437623762376,41.08,75.53,14.76,18.91,9.33,49835
1335,Three bed,Longford,809.14,12625,46751,1385.131496350365,0.0640902970297029,41.08,75.53,14.76,18.91,9.33,49835
1336,All bedrooms,Longford,803.62,12625,46751,1298.127292225201,0.0636530693069307,41.08,75.53,14.76,18.91,9.33,49835
1337,Three bed,Longford,797.74,12625,46751,1385.131496350365,0.0631873267326732,41.08,75.53,14.76,18.91,9.33,49835
1338,All bedrooms,Longford,788.66,12625,46751,1298.127292225201,0.0624681188118811,41.08,75.53,14.76,18.91,9.33,49835
1339,1 to 3 bed,Longford,788.2,12625,46751,1230.7152459016395,0.0624316831683168,41.08,75.53,14.76,18.91,9.33,49835
1340,Two bed,Longford,783.25,12625,46751,1274.9833802816902,0.062039603960396,41.08,75.53,14.76,18.91,9.33,49835
1341,All bedrooms,Longford,783.09,12625,46751,1298.127292225201,0.0620269306930693,41.08,75.53,14.76,18.91,9.33,49835
1342,Two bed,Longford,772.84,12625,46751,1274.9833802816902,0.0612150495049505,41.08,75.53,14.76,18.91,9.33,49835
1343,1 to 3 bed,Longford,765.85,12625,46751,1230.7152459016395,0.0606613861386138,41.08,75.53,14.76,18.91,9.33,49835
1344,1 to 3 bed,Longford,759.43,12625,46751,1230.7152459016395,0.0601528712871287,41.08,75.53,14.76,18.91,9.33,49835
1345,Three bed,Longford,757.5,12625,46751,1385.131496350365,0.06,41.08,75.53,14.76,18.91,9.33,49835
1346,All bedrooms,Longford,754.84,12625,46751,1298.127292225201,0.059789306930693,41.08,75.53,14.76,18.91,9.33,49835
1347,1 to 2 bed,Longford,747.81,12625,46751,1184.0090322580645,0.0592324752475247,41.08,75.53,14.76,18.91,9.33,49835
1348,1 to 2 bed,Longford,740.36,12625,46751,1184.0090322580645,0.0586423762376237,41.08,75.53,14.76,18.91,9.33,49835
1349,All bedrooms,Longford,740.15,12625,46751,1298.127292225201,0.0586257425742574,41.08,75.53,14.76,18.91,9.33,49835
1350,1 to 2 bed,Longford,729.9,12625,46751,1184.0090322580645,0.0578138613861386,41.08,75.53,14.76,18.91,9.33,49835
1351,1 to 3 bed,Longford,717.78,12625,46751,1230.7152459016395,0.0568538613861386,41.08,75.53,14.76,18.91,9.33,49835
1352,1 to 3 bed,Longford,712.49,12625,46751,1230.7152459016395,0.0564348514851485,41.08,75.53,14.76,18.91,9.33,49835
1353,1 to 2 bed,Longford,704.34,12625,46751,1184.0090322580645,0.055789306930693,41.08,75.53,14.76,18.91,9.33,49835
1354,One bed,Longford,636.1,12625,46751,1057.0936904761904,0.0503841584158415,41.08,75.53,14.76,18.91,9.33,49835
1355,1 to 2 bed,Longford,619.57,12625,46751,1184.0090322580645,0.0490748514851485,41.08,75.53,14.76,18.91,9.33,49835
1356,Two bed,Longford,615.89,12625,46751,1274.9833802816902,0.0487833663366336,41.08,75.53,14.76,18.91,9.33,49835
1357,One bed,Longford,611.95,12625,46751,1057.0936904761904,0.0484712871287128,41.08,75.53,14.76,18.91,9.33,49835
1358,One bed,Longford,585.68,12625,46751,1057.0936904761904,0.0463904950495049,41.08,75.53,14.76,18.91,9.33,49835
1359,Four plus bed,Louth,1531.86,15833,139703,1680.8637333333334,0.0967510894966209,237.05,309.43,51.46,115.17,25.4,55543
1360,Four plus bed,Louth,1432.23,15833,139703,1680.8637333333334,0.0904585359691783,237.05,309.43,51.46,115.17,25.4,55543
1361,Four plus bed,Louth,1381.64,15833,139703,1680.8637333333334,0.0872633108065433,237.05,309.43,51.46,115.17,25.4,55543
1362,Three bed,Louth,1306.06,15833,139703,1385.131496350365,0.0824897366260342,237.05,309.43,51.46,115.17,25.4,55543
1363,Three bed,Louth,1267.56,15833,139703,1385.131496350365,0.0800581064864523,237.05,309.43,51.46,115.17,25.4,55543
1364,Three bed,Louth,1226.72,15833,139703,1385.131496350365,0.0774786837617634,237.05,309.43,51.46,115.17,25.4,55543
1365,All bedrooms,Louth,1214.23,15833,139703,1298.127292225201,0.0766898250489484,237.05,309.43,51.46,115.17,25.4,55543
1366,Two bed,Louth,1200.91,15833,139703,1274.9833802816902,0.0758485441798774,237.05,309.43,51.46,115.17,25.4,55543
1367,Three bed,Louth,1186.1,15833,139703,1385.131496350365,0.0749131560664435,237.05,309.43,51.46,115.17,25.4,55543
1368,1 to 3 bed,Louth,1180.94,15833,139703,1230.7152459016395,0.0745872544685151,237.05,309.43,51.46,115.17,25.4,55543
1369,All bedrooms,Louth,1167.55,15833,139703,1298.127292225201,0.0737415524537358,237.05,309.43,51.46,115.17,25.4,55543
1370,All bedrooms,Louth,1133.29,15833,139703,1298.127292225201,0.07157771742563,237.05,309.43,51.46,115.17,25.4,55543
1371,1 to 3 bed,Louth,1132.26,15833,139703,1230.7152459016395,0.0715126634244931,237.05,309.43,51.46,115.17,25.4,55543
1372,1 to 2 bed,Louth,1116.55,15833,139703,1184.0090322580645,0.0705204320090949,237.05,309.43,51.46,115.17,25.4,55543
1373,Two bed,Louth,1113.73,15833,139703,1274.9833802816902,0.0703423229962736,237.05,309.43,51.46,115.17,25.4,55543
1374,1 to 3 bed,Louth,1102.43,15833,139703,1230.7152459016395,0.0696286237605002,237.05,309.43,51.46,115.17,25.4,55543
1375,All bedrooms,Louth,1088.33,15833,139703,1298.127292225201,0.0687380786963936,237.05,309.43,51.46,115.17,25.4,55543
1376,1 to 3 bed,Louth,1061.08,15833,139703,1230.7152459016395,0.0670169898313648,237.05,309.43,51.46,115.17,25.4,55543
1377,Two bed,Louth,1057.66,15833,139703,1274.9833802816902,0.0668009852839007,237.05,309.43,51.46,115.17,25.4,55543
1378,1 to 2 bed,Louth,1055.88,15833,139703,1184.0090322580645,0.0666885618644603,237.05,309.43,51.46,115.17,25.4,55543
1379,1 to 2 bed,Louth,1012.45,15833,139703,1184.0090322580645,0.0639455567485631,237.05,309.43,51.46,115.17,25.4,55543
1380,Two bed,Louth,1001.19,15833,139703,1274.9833802816902,0.0632343838817659,237.05,309.43,51.46,115.17,25.4,55543
1381,One bed,Louth,969.84,15833,139703,1057.0936904761904,0.0612543421966778,237.05,309.43,51.46,115.17,25.4,55543
1382,1 to 2 bed,Louth,920.4,15833,139703,1184.0090322580645,0.0581317501421082,237.05,309.43,51.46,115.17,25.4,55543
1383,One bed,Louth,908.19,15833,139703,1057.0936904761904,0.0573605760121265,237.05,309.43,51.46,115.17,25.4,55543
1384,One bed,Louth,819.07,15833,139703,1057.0936904761904,0.0517318259331775,237.05,309.43,51.46,115.17,25.4,55543
1385,Four plus bed,Mayo,1258.83,10600,137970,1680.8637333333334,0.1187575471698113,158.65,261.31,59.52,136.57,25.07,50725
1386,Four plus bed,Mayo,1021.15,10600,137970,1680.8637333333334,0.0963349056603773,158.65,261.31,59.52,136.57,25.07,50725
1387,All bedrooms,Mayo,1001.96,10600,137970,1298.127292225201,0.0945245283018867,158.65,261.31,59.52,136.57,25.07,50725
1388,Two bed,Mayo,991.72,10600,137970,1274.9833802816902,0.0935584905660377,158.65,261.31,59.52,136.57,25.07,50725
1389,Three bed,Mayo,979.25,10600,137970,1385.131496350365,0.0923820754716981,158.65,261.31,59.52,136.57,25.07,50725
1390,1 to 3 bed,Mayo,956.8,10600,137970,1230.7152459016395,0.0902641509433962,158.65,261.31,59.52,136.57,25.07,50725
1391,1 to 2 bed,Mayo,947.69,10600,137970,1184.0090322580645,0.089404716981132,158.65,261.31,59.52,136.57,25.07,50725
1392,Three bed,Mayo,934.04,10600,137970,1385.131496350365,0.0881169811320754,158.65,261.31,59.52,136.57,25.07,50725
1393,Four plus bed,Mayo,910.5,10600,137970,1680.8637333333334,0.0858962264150943,158.65,261.31,59.52,136.57,25.07,50725
1394,All bedrooms,Mayo,890.55,10600,137970,1298.127292225201,0.0840141509433962,158.65,261.31,59.52,136.57,25.07,50725
1395,Four plus bed,Mayo,889.62,10600,137970,1680.8637333333334,0.0839264150943396,158.65,261.31,59.52,136.57,25.07,50725
1396,1 to 3 bed,Mayo,857.52,10600,137970,1230.7152459016395,0.0808981132075471,158.65,261.31,59.52,136.57,25.07,50725
1397,Two bed,Mayo,834.8,10600,137970,1274.9833802816902,0.078754716981132,158.65,261.31,59.52,136.57,25.07,50725
1398,Three bed,Mayo,827.07,10600,137970,1385.131496350365,0.0780254716981132,158.65,261.31,59.52,136.57,25.07,50725
1399,All bedrooms,Mayo,814.62,10600,137970,1298.127292225201,0.0768509433962264,158.65,261.31,59.52,136.57,25.07,50725
1400,Four plus bed,Mayo,810.38,10600,137970,1680.8637333333334,0.0764509433962264,158.65,261.31,59.52,136.57,25.07,50725
1401,Four plus bed,Mayo,805.52,10600,137970,1680.8637333333334,0.0759924528301886,158.65,261.31,59.52,136.57,25.07,50725
1402,1 to 2 bed,Mayo,799.03,10600,137970,1184.0090322580645,0.0753801886792452,158.65,261.31,59.52,136.57,25.07,50725
1403,All bedrooms,Mayo,796.53,10600,137970,1298.127292225201,0.0751443396226415,158.65,261.31,59.52,136.57,25.07,50725
1404,Two bed,Mayo,787.63,10600,137970,1274.9833802816902,0.074304716981132,158.65,261.31,59.52,136.57,25.07,50725
1405,1 to 3 bed,Mayo,787.06,10600,137970,1230.7152459016395,0.0742509433962264,158.65,261.31,59.52,136.57,25.07,50725
1406,Two bed,Mayo,786.58,10600,137970,1274.9833802816902,0.0742056603773585,158.65,261.31,59.52,136.57,25.07,50725
1407,Three bed,Mayo,782.7,10600,137970,1385.131496350365,0.0738396226415094,158.65,261.31,59.52,136.57,25.07,50725
1408,Three bed,Mayo,777.0,10600,137970,1385.131496350365,0.0733018867924528,158.65,261.31,59.52,136.57,25.07,50725
1409,Three bed,Mayo,774.26,10600,137970,1385.131496350365,0.073043396226415,158.65,261.31,59.52,136.57,25.07,50725
1410,1 to 3 bed,Mayo,763.85,10600,137970,1230.7152459016395,0.0720613207547169,158.65,261.31,59.52,136.57,25.07,50725
1411,1 to 2 bed,Mayo,754.28,10600,137970,1184.0090322580645,0.0711584905660377,158.65,261.31,59.52,136.57,25.07,50725
1412,Three bed,Mayo,753.15,10600,137970,1385.131496350365,0.0710518867924528,158.65,261.31,59.52,136.57,25.07,50725
1413,1 to 2 bed,Mayo,739.49,10600,137970,1184.0090322580645,0.0697632075471698,158.65,261.31,59.52,136.57,25.07,50725
1414,All bedrooms,Mayo,733.16,10600,137970,1298.127292225201,0.069166037735849,158.65,261.31,59.52,136.57,25.07,50725
1415,All bedrooms,Mayo,728.14,10600,137970,1298.127292225201,0.0686924528301886,158.65,261.31,59.52,136.57,25.07,50725
1416,All bedrooms,Mayo,714.2,10600,137970,1298.127292225201,0.067377358490566,158.65,261.31,59.52,136.57,25.07,50725
1417,1 to 3 bed,Mayo,708.54,10600,137970,1230.7152459016395,0.0668433962264151,158.65,261.31,59.52,136.57,25.07,50725
1418,Three bed,Mayo,705.82,10600,137970,1385.131496350365,0.0665867924528302,158.65,261.31,59.52,136.57,25.07,50725
1419,1 to 3 bed,Mayo,705.26,10600,137970,1230.7152459016395,0.0665339622641509,158.65,261.31,59.52,136.57,25.07,50725
1420,Three bed,Mayo,701.88,10600,137970,1385.131496350365,0.0662150943396226,158.65,261.31,59.52,136.57,25.07,50725
1421,All bedrooms,Mayo,701.12,10600,137970,1298.127292225201,0.066143396226415,158.65,261.31,59.52,136.57,25.07,50725
1422,One bed,Mayo,699.32,10600,137970,1057.0936904761904,0.0659735849056603,158.65,261.31,59.52,136.57,25.07,50725
1423,1 to 3 bed,Mayo,690.91,10600,137970,1230.7152459016395,0.0651801886792452,158.65,261.31,59.52,136.57,25.07,50725
1424,All bedrooms,Mayo,683.93,10600,137970,1298.127292225201,0.0645216981132075,158.65,261.31,59.52,136.57,25.07,50725
1425,1 to 3 bed,Mayo,674.05,10600,137970,1230.7152459016395,0.0635896226415094,158.65,261.31,59.52,136.57,25.07,50725
1426,One bed,Mayo,672.64,10600,137970,1057.0936904761904,0.0634566037735849,158.65,261.31,59.52,136.57,25.07,50725
1427,Two bed,Mayo,664.28,10600,137970,1274.9833802816902,0.0626679245283018,158.65,261.31,59.52,136.57,25.07,50725
1428,1 to 3 bed,Mayo,661.59,10600,137970,1230.7152459016395,0.0624141509433962,158.65,261.31,59.52,136.57,25.07,50725
1429,All bedrooms,Mayo,648.72,10600,137970,1298.127292225201,0.0612,158.65,261.31,59.52,136.57,25.07,50725
1430,Two bed,Mayo,646.5,10600,137970,1274.9833802816902,0.0609905660377358,158.65,261.31,59.52,136.57,25.07,50725
1431,1 to 2 bed,Mayo,641.45,10600,137970,1184.0090322580645,0.0605141509433962,158.65,261.31,59.52,136.57,25.07,50725
1432,One bed,Mayo,634.18,10600,137970,1057.0936904761904,0.0598283018867924,158.65,261.31,59.52,136.57,25.07,50725
1433,1 to 3 bed,Mayo,627.24,10600,137970,1230.7152459016395,0.0591735849056603,158.65,261.31,59.52,136.57,25.07,50725
1434,Two bed,Mayo,627.0,10600,137970,1274.9833802816902,0.0591509433962264,158.65,261.31,59.52,136.57,25.07,50725
1435,1 to 2 bed,Mayo,624.85,10600,137970,1184.0090322580645,0.0589481132075471,158.65,261.31,59.52,136.57,25.07,50725
1436,All bedrooms,Mayo,616.1,10600,137970,1298.127292225201,0.0581226415094339,158.65,261.31,59.52,136.57,25.07,50725
1437,1 to 2 bed,Mayo,613.97,10600,137970,1184.0090322580645,0.0579216981132075,158.65,261.31,59.52,136.57,25.07,50725
1438,Two bed,Mayo,601.51,10600,137970,1274.9833802816902,0.0567462264150943,158.65,261.31,59.52,136.57,25.07,50725
1439,1 to 2 bed,Mayo,598.97,10600,137970,1184.0090322580645,0.0565066037735849,158.65,261.31,59.52,136.57,25.07,50725
1440,Two bed,Mayo,565.71,10600,137970,1274.9833802816902,0.0533688679245283,158.65,261.31,59.52,136.57,25.07,50725
1441,1 to 3 bed,Mayo,552.02,10600,137970,1230.7152459016395,0.052077358490566,158.65,261.31,59.52,136.57,25.07,50725
1442,1 to 2 bed,Mayo,549.82,10600,137970,1184.0090322580645,0.0518698113207547,158.65,261.31,59.52,136.57,25.07,50725
1443,One bed,Mayo,544.69,10600,137970,1057.0936904761904,0.0513858490566037,158.65,261.31,59.52,136.57,25.07,50725
1444,Four plus bed,Meath,1942.57,16890,220826,1680.8637333333334,0.1150130254588513,334.13,529.26,118.6,276.81,56.22,66250
1445,Three bed,Meath,1717.03,16890,220826,1385.131496350365,0.1016595618709295,334.13,529.26,118.6,276.81,56.22,66250
1446,Three bed,Meath,1706.78,16890,220826,1385.131496350365,0.1010526939017169,334.13,529.26,118.6,276.81,56.22,66250
1447,Three bed,Meath,1601.42,16890,220826,1385.131496350365,0.0948146832445233,334.13,529.26,118.6,276.81,56.22,66250
1448,Three bed,Meath,1591.44,16890,220826,1385.131496350365,0.0942238010657193,334.13,529.26,118.6,276.81,56.22,66250
1449,All bedrooms,Meath,1571.91,16890,220826,1298.127292225201,0.0930674955595026,334.13,529.26,118.6,276.81,56.22,66250
1450,Four plus bed,Meath,1534.23,16890,220826,1680.8637333333334,0.0908365896980461,334.13,529.26,118.6,276.81,56.22,66250
1451,1 to 3 bed,Meath,1501.43,16890,220826,1230.7152459016395,0.088894612196566,334.13,529.26,118.6,276.81,56.22,66250
1452,All bedrooms,Meath,1499.34,16890,220826,1298.127292225201,0.0887708703374778,334.13,529.26,118.6,276.81,56.22,66250
1453,All bedrooms,Meath,1483.06,16890,220826,1298.127292225201,0.0878069863824748,334.13,529.26,118.6,276.81,56.22,66250
1454,Two bed,Meath,1464.12,16890,220826,1274.9833802816902,0.0866856127886323,334.13,529.26,118.6,276.81,56.22,66250
1455,Three bed,Meath,1464.0,16890,220826,1385.131496350365,0.0866785079928952,334.13,529.26,118.6,276.81,56.22,66250
1456,Two bed,Meath,1439.83,16890,220826,1274.9833802816902,0.0852474837181764,334.13,529.26,118.6,276.81,56.22,66250
1457,Four plus bed,Meath,1434.93,16890,220826,1680.8637333333334,0.0849573712255772,334.13,529.26,118.6,276.81,56.22,66250
1458,1 to 3 bed,Meath,1429.98,16890,220826,1230.7152459016395,0.0846642984014209,334.13,529.26,118.6,276.81,56.22,66250
1459,All bedrooms,Meath,1429.57,16890,220826,1298.127292225201,0.0846400236826524,334.13,529.26,118.6,276.81,56.22,66250
1460,Four plus bed,Meath,1429.21,16890,220826,1680.8637333333334,0.084618709295441,334.13,529.26,118.6,276.81,56.22,66250
1461,1 to 3 bed,Meath,1428.18,16890,220826,1230.7152459016395,0.0845577264653641,334.13,529.26,118.6,276.81,56.22,66250
1462,All bedrooms,Meath,1414.01,16890,220826,1298.127292225201,0.0837187685020722,334.13,529.26,118.6,276.81,56.22,66250
1463,All bedrooms,Meath,1413.13,16890,220826,1298.127292225201,0.0836666666666666,334.13,529.26,118.6,276.81,56.22,66250
1464,Two bed,Meath,1406.2,16890,220826,1274.9833802816902,0.0832563647128478,334.13,529.26,118.6,276.81,56.22,66250
1465,All bedrooms,Meath,1404.94,16890,220826,1298.127292225201,0.083181764357608,334.13,529.26,118.6,276.81,56.22,66250
1466,1 to 3 bed,Meath,1398.72,16890,220826,1230.7152459016395,0.0828134991119005,334.13,529.26,118.6,276.81,56.22,66250
1467,Three bed,Meath,1393.29,16890,220826,1385.131496350365,0.0824920071047957,334.13,529.26,118.6,276.81,56.22,66250
1468,1 to 2 bed,Meath,1381.23,16890,220826,1184.0090322580645,0.0817779751332149,334.13,529.26,118.6,276.81,56.22,66250
1469,1 to 2 bed,Meath,1367.46,16890,220826,1184.0090322580645,0.0809626998223801,334.13,529.26,118.6,276.81,56.22,66250
1470,Three bed,Meath,1363.73,16890,220826,1385.131496350365,0.0807418590882178,334.13,529.26,118.6,276.81,56.22,66250
1471,1 to 2 bed,Meath,1357.36,16890,220826,1184.0090322580645,0.0803647128478389,334.13,529.26,118.6,276.81,56.22,66250
1472,Three bed,Meath,1356.67,16890,220826,1385.131496350365,0.0803238602723505,334.13,529.26,118.6,276.81,56.22,66250
1473,Two bed,Meath,1356.41,16890,220826,1274.9833802816902,0.0803084665482534,334.13,529.26,118.6,276.81,56.22,66250
1474,1 to 3 bed,Meath,1350.82,16890,220826,1230.7152459016395,0.0799775014801657,334.13,529.26,118.6,276.81,56.22,66250
1475,All bedrooms,Meath,1347.27,16890,220826,1298.127292225201,0.0797673179396092,334.13,529.26,118.6,276.81,56.22,66250
1476,Three bed,Meath,1345.37,16890,220826,1385.131496350365,0.0796548253404381,334.13,529.26,118.6,276.81,56.22,66250
1477,1 to 3 bed,Meath,1343.75,16890,220826,1230.7152459016395,0.0795589105979869,334.13,529.26,118.6,276.81,56.22,66250
1478,1 to 2 bed,Meath,1336.47,16890,220826,1184.0090322580645,0.0791278863232682,334.13,529.26,118.6,276.81,56.22,66250
1479,1 to 3 bed,Meath,1333.93,16890,220826,1230.7152459016395,0.0789775014801657,334.13,529.26,118.6,276.81,56.22,66250
1480,Four plus bed,Meath,1316.57,16890,220826,1680.8637333333334,0.0779496743635287,334.13,529.26,118.6,276.81,56.22,66250
1481,All bedrooms,Meath,1301.96,16890,220826,1298.127292225201,0.077084665482534,334.13,529.26,118.6,276.81,56.22,66250
1482,Two bed,Meath,1279.29,16890,220826,1274.9833802816902,0.0757424511545293,334.13,529.26,118.6,276.81,56.22,66250
1483,All bedrooms,Meath,1278.71,16890,220826,1298.127292225201,0.0757081113084665,334.13,529.26,118.6,276.81,56.22,66250
1484,Three bed,Meath,1263.55,16890,220826,1385.131496350365,0.0748105387803434,334.13,529.26,118.6,276.81,56.22,66250
1485,1 to 3 bed,Meath,1262.17,16890,220826,1230.7152459016395,0.0747288336293665,334.13,529.26,118.6,276.81,56.22,66250
1486,Two bed,Meath,1257.35,16890,220826,1274.9833802816902,0.0744434576672587,334.13,529.26,118.6,276.81,56.22,66250
1487,1 to 3 bed,Meath,1254.54,16890,220826,1230.7152459016395,0.0742770870337477,334.13,529.26,118.6,276.81,56.22,66250
1488,1 to 2 bed,Meath,1240.24,16890,220826,1184.0090322580645,0.0734304322084073,334.13,529.26,118.6,276.81,56.22,66250
1489,All bedrooms,Meath,1239.53,16890,220826,1298.127292225201,0.073388395500296,334.13,529.26,118.6,276.81,56.22,66250
1490,Four plus bed,Meath,1227.99,16890,220826,1680.8637333333334,0.0727051509769094,334.13,529.26,118.6,276.81,56.22,66250
1491,1 to 3 bed,Meath,1226.55,16890,220826,1230.7152459016395,0.0726198934280639,334.13,529.26,118.6,276.81,56.22,66250
1492,All bedrooms,Meath,1222.53,16890,220826,1298.127292225201,0.0723818827708703,334.13,529.26,118.6,276.81,56.22,66250
1493,Three bed,Meath,1219.73,16890,220826,1385.131496350365,0.0722161042036708,334.13,529.26,118.6,276.81,56.22,66250
1494,Three bed,Meath,1219.55,16890,220826,1385.131496350365,0.0722054470100651,334.13,529.26,118.6,276.81,56.22,66250
1495,1 to 2 bed,Meath,1219.47,16890,220826,1184.0090322580645,0.0722007104795737,334.13,529.26,118.6,276.81,56.22,66250
1496,Two bed,Meath,1211.51,16890,220826,1274.9833802816902,0.0717294256956779,334.13,529.26,118.6,276.81,56.22,66250
1497,Two bed,Meath,1206.77,16890,220826,1274.9833802816902,0.0714487862640615,334.13,529.26,118.6,276.81,56.22,66250
1498,1 to 3 bed,Meath,1198.93,16890,220826,1230.7152459016395,0.0709846062759029,334.13,529.26,118.6,276.81,56.22,66250
1499,1 to 3 bed,Meath,1188.84,16890,220826,1230.7152459016395,0.0703872113676731,334.13,529.26,118.6,276.81,56.22,66250
1500,1 to 2 bed,Meath,1181.38,16890,220826,1184.0090322580645,0.0699455298993487,334.13,529.26,118.6,276.81,56.22,66250
1501,Two bed,Meath,1175.65,16890,220826,1274.9833802816902,0.0696062759029011,334.13,529.26,118.6,276.81,56.22,66250
1502,All bedrooms,Meath,1160.01,16890,220826,1298.127292225201,0.0686802841918294,334.13,529.26,118.6,276.81,56.22,66250
1503,All bedrooms,Meath,1138.06,16890,220826,1298.127292225201,0.0673806986382474,334.13,529.26,118.6,276.81,56.22,66250
1504,One bed,Meath,1137.59,16890,220826,1057.0936904761904,0.0673528715216104,334.13,529.26,118.6,276.81,56.22,66250
1505,1 to 2 bed,Meath,1137.02,16890,220826,1184.0090322580645,0.067319123741859,334.13,529.26,118.6,276.81,56.22,66250
1506,Two bed,Meath,1105.85,16890,220826,1274.9833802816902,0.0654736530491415,334.13,529.26,118.6,276.81,56.22,66250
1507,1 to 2 bed,Meath,1098.43,16890,220826,1184.0090322580645,0.0650343398460627,334.13,529.26,118.6,276.81,56.22,66250
1508,1 to 3 bed,Meath,1091.38,16890,220826,1230.7152459016395,0.0646169330965068,334.13,529.26,118.6,276.81,56.22,66250
1509,1 to 3 bed,Meath,1090.58,16890,220826,1230.7152459016395,0.0645695677915926,334.13,529.26,118.6,276.81,56.22,66250
1510,Three bed,Meath,1072.51,16890,220826,1385.131496350365,0.0634997039668442,334.13,529.26,118.6,276.81,56.22,66250
1511,Two bed,Meath,1062.16,16890,220826,1274.9833802816902,0.0628869153345174,334.13,529.26,118.6,276.81,56.22,66250
1512,All bedrooms,Meath,1054.56,16890,220826,1298.127292225201,0.062436944937833,334.13,529.26,118.6,276.81,56.22,66250
1513,All bedrooms,Meath,1044.84,16890,220826,1298.127292225201,0.0618614564831261,334.13,529.26,118.6,276.81,56.22,66250
1514,Two bed,Meath,994.44,16890,220826,1274.9833802816902,0.0588774422735346,334.13,529.26,118.6,276.81,56.22,66250
1515,1 to 2 bed,Meath,991.23,16890,220826,1184.0090322580645,0.0586873889875666,334.13,529.26,118.6,276.81,56.22,66250
1516,1 to 3 bed,Meath,987.45,16890,220826,1230.7152459016395,0.0584635879218472,334.13,529.26,118.6,276.81,56.22,66250
1517,1 to 3 bed,Meath,984.38,16890,220826,1230.7152459016395,0.0582818235642391,334.13,529.26,118.6,276.81,56.22,66250
1518,1 to 2 bed,Meath,973.32,16890,220826,1184.0090322580645,0.057626998223801,334.13,529.26,118.6,276.81,56.22,66250
1519,Two bed,Meath,943.04,16890,220826,1274.9833802816902,0.0558342214328004,334.13,529.26,118.6,276.81,56.22,66250
1520,1 to 2 bed,Meath,929.16,16890,220826,1184.0090322580645,0.0550124333925399,334.13,529.26,118.6,276.81,56.22,66250
1521,1 to 2 bed,Meath,923.17,16890,220826,1184.0090322580645,0.0546577856719952,334.13,529.26,118.6,276.81,56.22,66250
1522,One bed,Meath,921.12,16890,220826,1057.0936904761904,0.0545364120781527,334.13,529.26,118.6,276.81,56.22,66250
1523,One bed,Meath,886.22,16890,220826,1057.0936904761904,0.0524701006512729,334.13,529.26,118.6,276.81,56.22,66250
1524,One bed,Meath,823.12,16890,220826,1057.0936904761904,0.0487341622261693,334.13,529.26,118.6,276.81,56.22,66250
1525,One bed,Meath,742.23,16890,220826,1057.0936904761904,0.0439449378330373,334.13,529.26,118.6,276.81,56.22,66250
1526,Four plus bed,Monaghan,1051.53,10500,65288,1680.8637333333334,0.1001457142857142,94.91,110.98,24.57,57.49,13.13,51642
1527,Four plus bed,Monaghan,1000.95,10500,65288,1680.8637333333334,0.0953285714285714,94.91,110.98,24.57,57.49,13.13,51642
1528,Four plus bed,Monaghan,899.61,10500,65288,1680.8637333333334,0.0856771428571428,94.91,110.98,24.57,57.49,13.13,51642
1529,One bed,Monaghan,892.62,10500,65288,1057.0936904761904,0.0850114285714285,94.91,110.98,24.57,57.49,13.13,51642
1530,All bedrooms,Monaghan,892.03,10500,65288,1298.127292225201,0.0849552380952381,94.91,110.98,24.57,57.49,13.13,51642
1531,Three bed,Monaghan,848.93,10500,65288,1385.131496350365,0.0808504761904761,94.91,110.98,24.57,57.49,13.13,51642
1532,Three bed,Monaghan,826.61,10500,65288,1385.131496350365,0.0787247619047619,94.91,110.98,24.57,57.49,13.13,51642
1533,1 to 3 bed,Monaghan,826.23,10500,65288,1230.7152459016395,0.0786885714285714,94.91,110.98,24.57,57.49,13.13,51642
1534,Two bed,Monaghan,809.21,10500,65288,1274.9833802816902,0.077067619047619,94.91,110.98,24.57,57.49,13.13,51642
1535,All bedrooms,Monaghan,796.32,10500,65288,1298.127292225201,0.07584,94.91,110.98,24.57,57.49,13.13,51642
1536,1 to 2 bed,Monaghan,795.71,10500,65288,1184.0090322580645,0.0757819047619047,94.91,110.98,24.57,57.49,13.13,51642
1537,1 to 3 bed,Monaghan,786.3,10500,65288,1230.7152459016395,0.0748857142857142,94.91,110.98,24.57,57.49,13.13,51642
1538,Three bed,Monaghan,773.42,10500,65288,1385.131496350365,0.0736590476190476,94.91,110.98,24.57,57.49,13.13,51642
1539,Three bed,Monaghan,767.06,10500,65288,1385.131496350365,0.0730533333333333,94.91,110.98,24.57,57.49,13.13,51642
1540,All bedrooms,Monaghan,762.22,10500,65288,1298.127292225201,0.0725923809523809,94.91,110.98,24.57,57.49,13.13,51642
1541,All bedrooms,Monaghan,759.44,10500,65288,1298.127292225201,0.072327619047619,94.91,110.98,24.57,57.49,13.13,51642
1542,1 to 2 bed,Monaghan,754.27,10500,65288,1184.0090322580645,0.071835238095238,94.91,110.98,24.57,57.49,13.13,51642
1543,Two bed,Monaghan,729.69,10500,65288,1274.9833802816902,0.0694942857142857,94.91,110.98,24.57,57.49,13.13,51642
1544,1 to 3 bed,Monaghan,729.44,10500,65288,1230.7152459016395,0.0694704761904762,94.91,110.98,24.57,57.49,13.13,51642
1545,1 to 3 bed,Monaghan,725.54,10500,65288,1230.7152459016395,0.0690990476190476,94.91,110.98,24.57,57.49,13.13,51642
1546,Two bed,Monaghan,703.76,10500,65288,1274.9833802816902,0.0670247619047619,94.91,110.98,24.57,57.49,13.13,51642
1547,Three bed,Monaghan,699.95,10500,65288,1385.131496350365,0.0666619047619047,94.91,110.98,24.57,57.49,13.13,51642
1548,1 to 2 bed,Monaghan,698.09,10500,65288,1184.0090322580645,0.0664847619047619,94.91,110.98,24.57,57.49,13.13,51642
1549,1 to 2 bed,Monaghan,695.12,10500,65288,1184.0090322580645,0.0662019047619047,94.91,110.98,24.57,57.49,13.13,51642
1550,Two bed,Monaghan,691.39,10500,65288,1274.9833802816902,0.0658466666666666,94.91,110.98,24.57,57.49,13.13,51642
1551,One bed,Monaghan,673.6,10500,65288,1057.0936904761904,0.0641523809523809,94.91,110.98,24.57,57.49,13.13,51642
1552,All bedrooms,Monaghan,659.55,10500,65288,1298.127292225201,0.0628142857142857,94.91,110.98,24.57,57.49,13.13,51642
1553,1 to 3 bed,Monaghan,650.1,10500,65288,1230.7152459016395,0.0619142857142857,94.91,110.98,24.57,57.49,13.13,51642
1554,One bed,Monaghan,634.44,10500,65288,1057.0936904761904,0.0604228571428571,94.91,110.98,24.57,57.49,13.13,51642
1555,Four plus bed,Offaly,1163.9,12042,83150,1680.8637333333334,0.0966533798372363,85.55,315.39,29.86,52.38,7.27,56021
1556,Four plus bed,Offaly,1107.95,12042,83150,1680.8637333333334,0.0920071416708188,85.55,315.39,29.86,52.38,7.27,56021
1557,Three bed,Offaly,1075.98,12042,83150,1385.131496350365,0.0893522670652715,85.55,315.39,29.86,52.38,7.27,56021
1558,Three bed,Offaly,1050.08,12042,83150,1385.131496350365,0.0872014615512373,85.55,315.39,29.86,52.38,7.27,56021
1559,All bedrooms,Offaly,1027.33,12042,83150,1298.127292225201,0.0853122404916126,85.55,315.39,29.86,52.38,7.27,56021
1560,1 to 3 bed,Offaly,995.43,12042,83150,1230.7152459016395,0.0826631788739412,85.55,315.39,29.86,52.38,7.27,56021
1561,Two bed,Offaly,992.89,12042,83150,1274.9833802816902,0.0824522504567347,85.55,315.39,29.86,52.38,7.27,56021
1562,Three bed,Offaly,981.76,12042,83150,1385.131496350365,0.0815279853844876,85.55,315.39,29.86,52.38,7.27,56021
1563,All bedrooms,Offaly,955.48,12042,83150,1298.127292225201,0.0793456236505563,85.55,315.39,29.86,52.38,7.27,56021
1564,Three bed,Offaly,945.54,12042,83150,1385.131496350365,0.0785201793721973,85.55,315.39,29.86,52.38,7.27,56021
1565,All bedrooms,Offaly,924.07,12042,83150,1298.127292225201,0.0767372529480152,85.55,315.39,29.86,52.38,7.27,56021
1566,1 to 3 bed,Offaly,923.77,12042,83150,1230.7152459016395,0.0767123401428334,85.55,315.39,29.86,52.38,7.27,56021
1567,1 to 2 bed,Offaly,914.57,12042,83150,1184.0090322580645,0.0759483474505896,85.55,315.39,29.86,52.38,7.27,56021
1568,All bedrooms,Offaly,902.76,12042,83150,1298.127292225201,0.0749676133532635,85.55,315.39,29.86,52.38,7.27,56021
1569,1 to 3 bed,Offaly,891.23,12042,83150,1230.7152459016395,0.0740101312074406,85.55,315.39,29.86,52.38,7.27,56021
1570,1 to 3 bed,Offaly,877.98,12042,83150,1230.7152459016395,0.0729098156452416,85.55,315.39,29.86,52.38,7.27,56021
1571,Two bed,Offaly,858.23,12042,83150,1274.9833802816902,0.0712697226374356,85.55,315.39,29.86,52.38,7.27,56021
1572,Two bed,Offaly,827.8,12042,83150,1274.9833802816902,0.0687427337651552,85.55,315.39,29.86,52.38,7.27,56021
1573,1 to 2 bed,Offaly,806.53,12042,83150,1184.0090322580645,0.0669764158777611,85.55,315.39,29.86,52.38,7.27,56021
1574,1 to 2 bed,Offaly,804.69,12042,83150,1184.0090322580645,0.0668236173393124,85.55,315.39,29.86,52.38,7.27,56021
1575,Three bed,Offaly,802.75,12042,83150,1385.131496350365,0.0666625145324696,85.55,315.39,29.86,52.38,7.27,56021
1576,One bed,Offaly,765.21,12042,83150,1057.0936904761904,0.0635450921773791,85.55,315.39,29.86,52.38,7.27,56021
1577,All bedrooms,Offaly,736.26,12042,83150,1298.127292225201,0.0611410064773293,85.55,315.39,29.86,52.38,7.27,56021
1578,All bedrooms,Offaly,723.8,12042,83150,1298.127292225201,0.0601062946354426,85.55,315.39,29.86,52.38,7.27,56021
1579,1 to 3 bed,Offaly,720.52,12042,83150,1230.7152459016395,0.0598339146321209,85.55,315.39,29.86,52.38,7.27,56021
1580,Two bed,Offaly,710.89,12042,83150,1274.9833802816902,0.059034213585783,85.55,315.39,29.86,52.38,7.27,56021
1581,One bed,Offaly,699.8,12042,83150,1057.0936904761904,0.0581132702208935,85.55,315.39,29.86,52.38,7.27,56021
1582,1 to 3 bed,Offaly,678.98,12042,83150,1230.7152459016395,0.0563843215412722,85.55,315.39,29.86,52.38,7.27,56021
1583,1 to 2 bed,Offaly,677.02,12042,83150,1184.0090322580645,0.0562215578807507,85.55,315.39,29.86,52.38,7.27,56021
1584,1 to 2 bed,Offaly,647.09,12042,83150,1184.0090322580645,0.0537360903504401,85.55,315.39,29.86,52.38,7.27,56021
1585,One bed,Offaly,625.22,12042,83150,1057.0936904761904,0.0519199468526822,85.55,315.39,29.86,52.38,7.27,56021
1586,Four plus bed,Roscommon,1144.66,9000,70259,1680.8637333333334,0.1271844444444444,87.07,69.21,25.23,25.76,8.88,52500
1587,Three bed,Roscommon,1100.66,9000,70259,1385.131496350365,0.1222955555555555,87.07,69.21,25.23,25.76,8.88,52500
1588,All bedrooms,Roscommon,1086.1,9000,70259,1298.127292225201,0.1206777777777777,87.07,69.21,25.23,25.76,8.88,52500
1589,1 to 3 bed,Roscommon,1066.17,9000,70259,1230.7152459016395,0.1184633333333333,87.07,69.21,25.23,25.76,8.88,52500
1590,1 to 2 bed,Roscommon,1016.81,9000,70259,1184.0090322580645,0.1129788888888888,87.07,69.21,25.23,25.76,8.88,52500
1591,Two bed,Roscommon,1013.6,9000,70259,1274.9833802816902,0.1126222222222222,87.07,69.21,25.23,25.76,8.88,52500
1592,Four plus bed,Roscommon,964.3,9000,70259,1680.8637333333334,0.1071444444444444,87.07,69.21,25.23,25.76,8.88,52500
1593,Four plus bed,Roscommon,897.82,9000,70259,1680.8637333333334,0.0997577777777777,87.07,69.21,25.23,25.76,8.88,52500
1594,Three bed,Roscommon,882.63,9000,70259,1385.131496350365,0.09807,87.07,69.21,25.23,25.76,8.88,52500
1595,All bedrooms,Roscommon,832.03,9000,70259,1298.127292225201,0.0924477777777777,87.07,69.21,25.23,25.76,8.88,52500
1596,Three bed,Roscommon,830.26,9000,70259,1385.131496350365,0.0922511111111111,87.07,69.21,25.23,25.76,8.88,52500
1597,All bedrooms,Roscommon,800.55,9000,70259,1298.127292225201,0.08895,87.07,69.21,25.23,25.76,8.88,52500
1598,Four plus bed,Roscommon,799.26,9000,70259,1680.8637333333334,0.0888066666666666,87.07,69.21,25.23,25.76,8.88,52500
1599,Three bed,Roscommon,787.94,9000,70259,1385.131496350365,0.0875488888888889,87.07,69.21,25.23,25.76,8.88,52500
1600,1 to 3 bed,Roscommon,771.24,9000,70259,1230.7152459016395,0.0856933333333333,87.07,69.21,25.23,25.76,8.88,52500
1601,1 to 3 bed,Roscommon,764.29,9000,70259,1230.7152459016395,0.0849211111111111,87.07,69.21,25.23,25.76,8.88,52500
1602,Two bed,Roscommon,764.07,9000,70259,1274.9833802816902,0.0848966666666666,87.07,69.21,25.23,25.76,8.88,52500
1603,All bedrooms,Roscommon,736.63,9000,70259,1298.127292225201,0.0818477777777777,87.07,69.21,25.23,25.76,8.88,52500
1604,Two bed,Roscommon,727.01,9000,70259,1274.9833802816902,0.0807788888888888,87.07,69.21,25.23,25.76,8.88,52500
1605,Three bed,Roscommon,712.43,9000,70259,1385.131496350365,0.0791588888888888,87.07,69.21,25.23,25.76,8.88,52500
1606,1 to 3 bed,Roscommon,711.68,9000,70259,1230.7152459016395,0.0790755555555555,87.07,69.21,25.23,25.76,8.88,52500
1607,Three bed,Roscommon,705.11,9000,70259,1385.131496350365,0.0783455555555555,87.07,69.21,25.23,25.76,8.88,52500
1608,1 to 2 bed,Roscommon,701.84,9000,70259,1184.0090322580645,0.0779822222222222,87.07,69.21,25.23,25.76,8.88,52500
1609,1 to 2 bed,Roscommon,692.9,9000,70259,1184.0090322580645,0.0769888888888888,87.07,69.21,25.23,25.76,8.88,52500
1610,Four plus bed,Roscommon,692.5,9000,70259,1680.8637333333334,0.0769444444444444,87.07,69.21,25.23,25.76,8.88,52500
1611,Three bed,Roscommon,692.33,9000,70259,1385.131496350365,0.0769255555555555,87.07,69.21,25.23,25.76,8.88,52500
1612,All bedrooms,Roscommon,688.19,9000,70259,1298.127292225201,0.0764655555555555,87.07,69.21,25.23,25.76,8.88,52500
1613,1 to 3 bed,Roscommon,673.33,9000,70259,1230.7152459016395,0.0748144444444444,87.07,69.21,25.23,25.76,8.88,52500
1614,All bedrooms,Roscommon,661.87,9000,70259,1298.127292225201,0.0735411111111111,87.07,69.21,25.23,25.76,8.88,52500
1615,1 to 3 bed,Roscommon,652.67,9000,70259,1230.7152459016395,0.0725188888888888,87.07,69.21,25.23,25.76,8.88,52500
1616,Two bed,Roscommon,643.41,9000,70259,1274.9833802816902,0.07149,87.07,69.21,25.23,25.76,8.88,52500
1617,Two bed,Roscommon,635.35,9000,70259,1274.9833802816902,0.0705944444444444,87.07,69.21,25.23,25.76,8.88,52500
1618,All bedrooms,Roscommon,628.47,9000,70259,1298.127292225201,0.06983,87.07,69.21,25.23,25.76,8.88,52500
1619,1 to 3 bed,Roscommon,624.37,9000,70259,1230.7152459016395,0.0693744444444444,87.07,69.21,25.23,25.76,8.88,52500
1620,1 to 2 bed,Roscommon,621.3,9000,70259,1184.0090322580645,0.0690333333333333,87.07,69.21,25.23,25.76,8.88,52500
1621,1 to 2 bed,Roscommon,609.77,9000,70259,1184.0090322580645,0.0677522222222222,87.07,69.21,25.23,25.76,8.88,52500
1622,Two bed,Roscommon,579.68,9000,70259,1274.9833802816902,0.0644088888888888,87.07,69.21,25.23,25.76,8.88,52500
1623,One bed,Roscommon,579.6,9000,70259,1057.0936904761904,0.0644,87.07,69.21,25.23,25.76,8.88,52500
1624,One bed,Roscommon,578.91,9000,70259,1057.0936904761904,0.0643233333333333,87.07,69.21,25.23,25.76,8.88,52500
1625,1 to 2 bed,Roscommon,559.81,9000,70259,1184.0090322580645,0.0622011111111111,87.07,69.21,25.23,25.76,8.88,52500
1626,Four plus bed,Sligo,1346.22,9900,70198,1680.8637333333334,0.1359818181818181,156.99,159.56,33.12,38.89,9.71,52284
1627,All bedrooms,Sligo,1145.13,9900,70198,1298.127292225201,0.1156696969696969,156.99,159.56,33.12,38.89,9.71,52284
1628,Four plus bed,Sligo,1095.5,9900,70198,1680.8637333333334,0.1106565656565656,156.99,159.56,33.12,38.89,9.71,52284
1629,Four plus bed,Sligo,1067.36,9900,70198,1680.8637333333334,0.1078141414141414,156.99,159.56,33.12,38.89,9.71,52284
1630,Three bed,Sligo,1027.6,9900,70198,1385.131496350365,0.1037979797979797,156.99,159.56,33.12,38.89,9.71,52284
1631,1 to 3 bed,Sligo,1027.6,9900,70198,1230.7152459016395,0.1037979797979797,156.99,159.56,33.12,38.89,9.71,52284
1632,All bedrooms,Sligo,1006.18,9900,70198,1298.127292225201,0.1016343434343434,156.99,159.56,33.12,38.89,9.71,52284
1633,1 to 3 bed,Sligo,956.13,9900,70198,1230.7152459016395,0.0965787878787878,156.99,159.56,33.12,38.89,9.71,52284
1634,Four plus bed,Sligo,947.29,9900,70198,1680.8637333333334,0.0956858585858585,156.99,159.56,33.12,38.89,9.71,52284
1635,Three bed,Sligo,921.02,9900,70198,1385.131496350365,0.0930323232323232,156.99,159.56,33.12,38.89,9.71,52284
1636,Three bed,Sligo,909.52,9900,70198,1385.131496350365,0.091870707070707,156.99,159.56,33.12,38.89,9.71,52284
1637,All bedrooms,Sligo,897.9,9900,70198,1298.127292225201,0.0906969696969696,156.99,159.56,33.12,38.89,9.71,52284
1638,All bedrooms,Sligo,894.94,9900,70198,1298.127292225201,0.0903979797979798,156.99,159.56,33.12,38.89,9.71,52284
1639,Three bed,Sligo,886.78,9900,70198,1385.131496350365,0.0895737373737373,156.99,159.56,33.12,38.89,9.71,52284
1640,Two bed,Sligo,880.98,9900,70198,1274.9833802816902,0.0889878787878788,156.99,159.56,33.12,38.89,9.71,52284
1641,All bedrooms,Sligo,876.6,9900,70198,1298.127292225201,0.0885454545454545,156.99,159.56,33.12,38.89,9.71,52284
1642,All bedrooms,Sligo,866.58,9900,70198,1298.127292225201,0.0875333333333333,156.99,159.56,33.12,38.89,9.71,52284
1643,1 to 3 bed,Sligo,866.51,9900,70198,1230.7152459016395,0.0875262626262626,156.99,159.56,33.12,38.89,9.71,52284
1644,Three bed,Sligo,861.4,9900,70198,1385.131496350365,0.087010101010101,156.99,159.56,33.12,38.89,9.71,52284
1645,1 to 3 bed,Sligo,857.44,9900,70198,1230.7152459016395,0.086610101010101,156.99,159.56,33.12,38.89,9.71,52284
1646,1 to 3 bed,Sligo,855.59,9900,70198,1230.7152459016395,0.0864232323232323,156.99,159.56,33.12,38.89,9.71,52284
1647,Two bed,Sligo,850.78,9900,70198,1274.9833802816902,0.0859373737373737,156.99,159.56,33.12,38.89,9.71,52284
1648,1 to 2 bed,Sligo,844.33,9900,70198,1184.0090322580645,0.0852858585858585,156.99,159.56,33.12,38.89,9.71,52284
1649,All bedrooms,Sligo,830.54,9900,70198,1298.127292225201,0.0838929292929292,156.99,159.56,33.12,38.89,9.71,52284
1650,1 to 3 bed,Sligo,825.05,9900,70198,1230.7152459016395,0.0833383838383838,156.99,159.56,33.12,38.89,9.71,52284
1651,1 to 2 bed,Sligo,806.06,9900,70198,1184.0090322580645,0.081420202020202,156.99,159.56,33.12,38.89,9.71,52284
1652,Two bed,Sligo,803.51,9900,70198,1274.9833802816902,0.0811626262626262,156.99,159.56,33.12,38.89,9.71,52284
1653,1 to 3 bed,Sligo,790.08,9900,70198,1230.7152459016395,0.0798060606060606,156.99,159.56,33.12,38.89,9.71,52284
1654,1 to 2 bed,Sligo,788.81,9900,70198,1184.0090322580645,0.0796777777777777,156.99,159.56,33.12,38.89,9.71,52284
1655,Two bed,Sligo,788.73,9900,70198,1274.9833802816902,0.0796696969696969,156.99,159.56,33.12,38.89,9.71,52284
1656,1 to 2 bed,Sligo,762.0,9900,70198,1184.0090322580645,0.0769696969696969,156.99,159.56,33.12,38.89,9.71,52284
1657,All bedrooms,Sligo,699.15,9900,70198,1298.127292225201,0.0706212121212121,156.99,159.56,33.12,38.89,9.71,52284
1658,Three bed,Sligo,674.19,9900,70198,1385.131496350365,0.0681,156.99,159.56,33.12,38.89,9.71,52284
1659,One bed,Sligo,670.92,9900,70198,1057.0936904761904,0.0677696969696969,156.99,159.56,33.12,38.89,9.71,52284
1660,One bed,Sligo,652.59,9900,70198,1057.0936904761904,0.0659181818181818,156.99,159.56,33.12,38.89,9.71,52284
1661,1 to 3 bed,Sligo,642.23,9900,70198,1230.7152459016395,0.0648717171717171,156.99,159.56,33.12,38.89,9.71,52284
1662,1 to 2 bed,Sligo,629.03,9900,70198,1184.0090322580645,0.0635383838383838,156.99,159.56,33.12,38.89,9.71,52284
1663,Four plus bed,Tipperary,1118.68,17865,167895,1680.8637333333334,0.0626185278477469,239.31,239.31,87.64,78.01,29.65,54423
1664,Three bed,Tipperary,1035.13,17865,167895,1385.131496350365,0.0579417856143297,239.31,239.31,87.64,78.01,29.65,54423
1665,All bedrooms,Tipperary,1029.51,17865,167895,1298.127292225201,0.0576272040302267,239.31,239.31,87.64,78.01,29.65,54423
1666,Three bed,Tipperary,1020.62,17865,167895,1385.131496350365,0.0571295829834872,239.31,239.31,87.64,78.01,29.65,54423
1667,Four plus bed,Tipperary,1006.42,17865,167895,1680.8637333333334,0.0563347327176042,239.31,239.31,87.64,78.01,29.65,54423
1668,Four plus bed,Tipperary,1000.82,17865,167895,1680.8637333333334,0.056021270640918,239.31,239.31,87.64,78.01,29.65,54423
1669,Four plus bed,Tipperary,973.88,17865,167895,1680.8637333333334,0.0545132941505737,239.31,239.31,87.64,78.01,29.65,54423
1670,1 to 3 bed,Tipperary,958.02,17865,167895,1230.7152459016395,0.0536255247691015,239.31,239.31,87.64,78.01,29.65,54423
1671,All bedrooms,Tipperary,913.63,17865,167895,1298.127292225201,0.0511407780576546,239.31,239.31,87.64,78.01,29.65,54423
1672,Three bed,Tipperary,902.96,17865,167895,1385.131496350365,0.0505435208508256,239.31,239.31,87.64,78.01,29.65,54423
1673,Four plus bed,Tipperary,901.46,17865,167895,1680.8637333333334,0.0504595577945703,239.31,239.31,87.64,78.01,29.65,54423
1674,1 to 3 bed,Tipperary,879.72,17865,167895,1230.7152459016395,0.0492426532325776,239.31,239.31,87.64,78.01,29.65,54423
1675,Three bed,Tipperary,873.73,17865,167895,1385.131496350365,0.048907360761265,239.31,239.31,87.64,78.01,29.65,54423
1676,Three bed,Tipperary,872.98,17865,167895,1385.131496350365,0.0488653792331374,239.31,239.31,87.64,78.01,29.65,54423
1677,Three bed,Tipperary,853.91,17865,167895,1385.131496350365,0.047797928911279,239.31,239.31,87.64,78.01,29.65,54423
1678,Three bed,Tipperary,850.17,17865,167895,1385.131496350365,0.0475885810243492,239.31,239.31,87.64,78.01,29.65,54423
1679,Four plus bed,Tipperary,849.52,17865,167895,1680.8637333333334,0.0475521970333053,239.31,239.31,87.64,78.01,29.65,54423
1680,All bedrooms,Tipperary,838.06,17865,167895,1298.127292225201,0.0469107192835152,239.31,239.31,87.64,78.01,29.65,54423
1681,Three bed,Tipperary,827.35,17865,167895,1385.131496350365,0.0463112230618527,239.31,239.31,87.64,78.01,29.65,54423
1682,Three bed,Tipperary,825.35,17865,167895,1385.131496350365,0.0461992723201791,239.31,239.31,87.64,78.01,29.65,54423
1683,All bedrooms,Tipperary,819.04,17865,167895,1298.127292225201,0.0458460677301987,239.31,239.31,87.64,78.01,29.65,54423
1684,All bedrooms,Tipperary,818.36,17865,167895,1298.127292225201,0.0458080044780296,239.31,239.31,87.64,78.01,29.65,54423
1685,All bedrooms,Tipperary,814.53,17865,167895,1298.127292225201,0.0455936188077246,239.31,239.31,87.64,78.01,29.65,54423
1686,1 to 3 bed,Tipperary,810.25,17865,167895,1230.7152459016395,0.0453540442205429,239.31,239.31,87.64,78.01,29.65,54423
1687,All bedrooms,Tipperary,809.0,17865,167895,1298.127292225201,0.0452840750069969,239.31,239.31,87.64,78.01,29.65,54423
1688,One bed,Tipperary,802.28,17865,167895,1057.0936904761904,0.0449079205149734,239.31,239.31,87.64,78.01,29.65,54423
1689,Two bed,Tipperary,801.06,17865,167895,1274.9833802816902,0.0448396305625524,239.31,239.31,87.64,78.01,29.65,54423
1690,1 to 3 bed,Tipperary,795.83,17865,167895,1230.7152459016395,0.0445468793730758,239.31,239.31,87.64,78.01,29.65,54423
1691,1 to 3 bed,Tipperary,792.71,17865,167895,1230.7152459016395,0.0443722362160649,239.31,239.31,87.64,78.01,29.65,54423
1692,All bedrooms,Tipperary,789.77,17865,167895,1298.127292225201,0.0442076686258046,239.31,239.31,87.64,78.01,29.65,54423
1693,1 to 3 bed,Tipperary,787.43,17865,167895,1230.7152459016395,0.0440766862580464,239.31,239.31,87.64,78.01,29.65,54423
1694,1 to 3 bed,Tipperary,775.02,17865,167895,1230.7152459016395,0.0433820319059613,239.31,239.31,87.64,78.01,29.65,54423
1695,Two bed,Tipperary,771.45,17865,167895,1274.9833802816902,0.0431821998320738,239.31,239.31,87.64,78.01,29.65,54423
1696,Three bed,Tipperary,755.91,17865,167895,1385.131496350365,0.0423123425692695,239.31,239.31,87.64,78.01,29.65,54423
1697,1 to 3 bed,Tipperary,754.9,17865,167895,1230.7152459016395,0.0422558074447243,239.31,239.31,87.64,78.01,29.65,54423
1698,1 to 2 bed,Tipperary,754.07,17865,167895,1184.0090322580645,0.0422093478869297,239.31,239.31,87.64,78.01,29.65,54423
1699,Two bed,Tipperary,749.59,17865,167895,1274.9833802816902,0.0419585782255807,239.31,239.31,87.64,78.01,29.65,54423
1700,All bedrooms,Tipperary,741.85,17865,167895,1298.127292225201,0.0415253288553036,239.31,239.31,87.64,78.01,29.65,54423
1701,Two bed,Tipperary,740.34,17865,167895,1274.9833802816902,0.04144080604534,239.31,239.31,87.64,78.01,29.65,54423
1702,1 to 2 bed,Tipperary,739.87,17865,167895,1184.0090322580645,0.0414144976210467,239.31,239.31,87.64,78.01,29.65,54423
1703,Two bed,Tipperary,738.9,17865,167895,1274.9833802816902,0.041360201511335,239.31,239.31,87.64,78.01,29.65,54423
1704,All bedrooms,Tipperary,732.44,17865,167895,1298.127292225201,0.040998600615729,239.31,239.31,87.64,78.01,29.65,54423
1705,Two bed,Tipperary,728.79,17865,167895,1274.9833802816902,0.0407942905121746,239.31,239.31,87.64,78.01,29.65,54423
1706,1 to 2 bed,Tipperary,725.65,17865,167895,1184.0090322580645,0.0406185278477469,239.31,239.31,87.64,78.01,29.65,54423
1707,All bedrooms,Tipperary,720.66,17865,167895,1298.127292225201,0.0403392107472712,239.31,239.31,87.64,78.01,29.65,54423
1708,Two bed,Tipperary,715.23,17865,167895,1274.9833802816902,0.0400352644836272,239.31,239.31,87.64,78.01,29.65,54423
1709,1 to 2 bed,Tipperary,712.44,17865,167895,1184.0090322580645,0.0398790931989924,239.31,239.31,87.64,78.01,29.65,54423
1710,1 to 2 bed,Tipperary,710.23,17865,167895,1184.0090322580645,0.039755387629443,239.31,239.31,87.64,78.01,29.65,54423
1711,1 to 3 bed,Tipperary,706.88,17865,167895,1230.7152459016395,0.0395678701371396,239.31,239.31,87.64,78.01,29.65,54423
1712,1 to 3 bed,Tipperary,706.32,17865,167895,1230.7152459016395,0.039536523929471,239.31,239.31,87.64,78.01,29.65,54423
1713,1 to 2 bed,Tipperary,702.84,17865,167895,1184.0090322580645,0.0393417296389588,239.31,239.31,87.64,78.01,29.65,54423
1714,1 to 3 bed,Tipperary,698.47,17865,167895,1230.7152459016395,0.0390971172684019,239.31,239.31,87.64,78.01,29.65,54423
1715,Two bed,Tipperary,692.05,17865,167895,1274.9833802816902,0.0387377553876294,239.31,239.31,87.64,78.01,29.65,54423
1716,All bedrooms,Tipperary,689.02,17865,167895,1298.127292225201,0.0385681500139938,239.31,239.31,87.64,78.01,29.65,54423
1717,Two bed,Tipperary,683.14,17865,167895,1274.9833802816902,0.0382390148334732,239.31,239.31,87.64,78.01,29.65,54423
1718,1 to 3 bed,Tipperary,671.66,17865,167895,1230.7152459016395,0.0375964175762664,239.31,239.31,87.64,78.01,29.65,54423
1719,Two bed,Tipperary,667.38,17865,167895,1274.9833802816902,0.0373568429890848,239.31,239.31,87.64,78.01,29.65,54423
1720,1 to 2 bed,Tipperary,662.69,17865,167895,1184.0090322580645,0.03709431849986,239.31,239.31,87.64,78.01,29.65,54423
1721,One bed,Tipperary,649.97,17865,167895,1057.0936904761904,0.0363823117828155,239.31,239.31,87.64,78.01,29.65,54423
1722,1 to 2 bed,Tipperary,637.93,17865,167895,1184.0090322580645,0.0357083683179401,239.31,239.31,87.64,78.01,29.65,54423
1723,One bed,Tipperary,630.87,17865,167895,1057.0936904761904,0.035313182199832,239.31,239.31,87.64,78.01,29.65,54423
1724,One bed,Tipperary,625.73,17865,167895,1057.0936904761904,0.0350254687937307,239.31,239.31,87.64,78.01,29.65,54423
1725,1 to 2 bed,Tipperary,616.82,17865,167895,1184.0090322580645,0.0345267282395745,239.31,239.31,87.64,78.01,29.65,54423
1726,One bed,Tipperary,614.44,17865,167895,1057.0936904761904,0.0343935068569829,239.31,239.31,87.64,78.01,29.65,54423
1727,1 to 2 bed,Tipperary,609.68,17865,167895,1184.0090322580645,0.0341270640917996,239.31,239.31,87.64,78.01,29.65,54423
1728,One bed,Tipperary,569.27,17865,167895,1057.0936904761904,0.0318650993562832,239.31,239.31,87.64,78.01,29.65,54423
1729,One bed,Tipperary,496.05,17865,167895,1057.0936904761904,0.0277665827036104,239.31,239.31,87.64,78.01,29.65,54423
1730,Four plus bed,Waterford,2103.31,23000,127363,1680.8637333333334,0.0914482608695652,156.59,283.68,60.72,105.1,27.18,54057
1731,Four plus bed,Waterford,1628.68,23000,127363,1680.8637333333334,0.0708121739130434,156.59,283.68,60.72,105.1,27.18,54057
1732,All bedrooms,Waterford,1596.86,23000,127363,1298.127292225201,0.0694286956521739,156.59,283.68,60.72,105.1,27.18,54057
1733,Four plus bed,Waterford,1404.21,23000,127363,1680.8637333333334,0.0610526086956521,156.59,283.68,60.72,105.1,27.18,54057
1734,All bedrooms,Waterford,1318.68,23000,127363,1298.127292225201,0.0573339130434782,156.59,283.68,60.72,105.1,27.18,54057
1735,Three bed,Waterford,1216.19,23000,127363,1385.131496350365,0.0528778260869565,156.59,283.68,60.72,105.1,27.18,54057
1736,Three bed,Waterford,1210.91,23000,127363,1385.131496350365,0.0526482608695652,156.59,283.68,60.72,105.1,27.18,54057
1737,1 to 3 bed,Waterford,1209.2,23000,127363,1230.7152459016395,0.0525739130434782,156.59,283.68,60.72,105.1,27.18,54057
1738,All bedrooms,Waterford,1178.4,23000,127363,1298.127292225201,0.0512347826086956,156.59,283.68,60.72,105.1,27.18,54057
1739,1 to 3 bed,Waterford,1171.54,23000,127363,1230.7152459016395,0.0509365217391304,156.59,283.68,60.72,105.1,27.18,54057
1740,Four plus bed,Waterford,1145.86,23000,127363,1680.8637333333334,0.0498199999999999,156.59,283.68,60.72,105.1,27.18,54057
1741,All bedrooms,Waterford,1138.65,23000,127363,1298.127292225201,0.0495065217391304,156.59,283.68,60.72,105.1,27.18,54057
1742,Two bed,Waterford,1107.87,23000,127363,1274.9833802816902,0.0481682608695652,156.59,283.68,60.72,105.1,27.18,54057
1743,All bedrooms,Waterford,1099.33,23000,127363,1298.127292225201,0.0477969565217391,156.59,283.68,60.72,105.1,27.18,54057
1744,1 to 3 bed,Waterford,1099.33,23000,127363,1230.7152459016395,0.0477969565217391,156.59,283.68,60.72,105.1,27.18,54057
1745,1 to 3 bed,Waterford,1095.28,23000,127363,1230.7152459016395,0.0476208695652173,156.59,283.68,60.72,105.1,27.18,54057
1746,Three bed,Waterford,1076.13,23000,127363,1385.131496350365,0.0467882608695652,156.59,283.68,60.72,105.1,27.18,54057
1747,1 to 2 bed,Waterford,1068.1,23000,127363,1184.0090322580645,0.0464391304347826,156.59,283.68,60.72,105.1,27.18,54057
1748,All bedrooms,Waterford,1059.1,23000,127363,1298.127292225201,0.0460478260869565,156.59,283.68,60.72,105.1,27.18,54057
1749,Three bed,Waterford,1032.67,23000,127363,1385.131496350365,0.0448986956521739,156.59,283.68,60.72,105.1,27.18,54057
1750,Three bed,Waterford,1017.84,23000,127363,1385.131496350365,0.0442539130434782,156.59,283.68,60.72,105.1,27.18,54057
1751,All bedrooms,Waterford,992.57,23000,127363,1298.127292225201,0.0431552173913043,156.59,283.68,60.72,105.1,27.18,54057
1752,All bedrooms,Waterford,982.3,23000,127363,1298.127292225201,0.0427086956521739,156.59,283.68,60.72,105.1,27.18,54057
1753,1 to 3 bed,Waterford,962.84,23000,127363,1230.7152459016395,0.0418626086956521,156.59,283.68,60.72,105.1,27.18,54057
1754,1 to 3 bed,Waterford,958.5,23000,127363,1230.7152459016395,0.0416739130434782,156.59,283.68,60.72,105.1,27.18,54057
1755,All bedrooms,Waterford,955.84,23000,127363,1298.127292225201,0.0415582608695652,156.59,283.68,60.72,105.1,27.18,54057
1756,Three bed,Waterford,947.94,23000,127363,1385.131496350365,0.0412147826086956,156.59,283.68,60.72,105.1,27.18,54057
1757,All bedrooms,Waterford,940.74,23000,127363,1298.127292225201,0.0409017391304347,156.59,283.68,60.72,105.1,27.18,54057
1758,All bedrooms,Waterford,928.92,23000,127363,1298.127292225201,0.0403878260869565,156.59,283.68,60.72,105.1,27.18,54057
1759,Two bed,Waterford,927.17,23000,127363,1274.9833802816902,0.0403117391304347,156.59,283.68,60.72,105.1,27.18,54057
1760,Two bed,Waterford,923.06,23000,127363,1274.9833802816902,0.0401330434782608,156.59,283.68,60.72,105.1,27.18,54057
1761,1 to 3 bed,Waterford,922.48,23000,127363,1230.7152459016395,0.0401078260869565,156.59,283.68,60.72,105.1,27.18,54057
1762,1 to 3 bed,Waterford,918.97,23000,127363,1230.7152459016395,0.0399552173913043,156.59,283.68,60.72,105.1,27.18,54057
1763,All bedrooms,Waterford,910.14,23000,127363,1298.127292225201,0.039571304347826,156.59,283.68,60.72,105.1,27.18,54057
1764,1 to 2 bed,Waterford,910.14,23000,127363,1184.0090322580645,0.039571304347826,156.59,283.68,60.72,105.1,27.18,54057
1765,1 to 3 bed,Waterford,910.14,23000,127363,1230.7152459016395,0.039571304347826,156.59,283.68,60.72,105.1,27.18,54057
1766,Two bed,Waterford,897.43,23000,127363,1274.9833802816902,0.0390186956521739,156.59,283.68,60.72,105.1,27.18,54057
1767,Two bed,Waterford,894.28,23000,127363,1274.9833802816902,0.0388817391304347,156.59,283.68,60.72,105.1,27.18,54057
1768,All bedrooms,Waterford,892.63,23000,127363,1298.127292225201,0.03881,156.59,283.68,60.72,105.1,27.18,54057
1769,1 to 2 bed,Waterford,892.63,23000,127363,1184.0090322580645,0.03881,156.59,283.68,60.72,105.1,27.18,54057
1770,1 to 3 bed,Waterford,892.63,23000,127363,1230.7152459016395,0.03881,156.59,283.68,60.72,105.1,27.18,54057
1771,1 to 3 bed,Waterford,890.18,23000,127363,1230.7152459016395,0.0387034782608695,156.59,283.68,60.72,105.1,27.18,54057
1772,1 to 3 bed,Waterford,882.83,23000,127363,1230.7152459016395,0.0383839130434782,156.59,283.68,60.72,105.1,27.18,54057
1773,All bedrooms,Waterford,877.25,23000,127363,1298.127292225201,0.038141304347826,156.59,283.68,60.72,105.1,27.18,54057
1774,Two bed,Waterford,874.84,23000,127363,1274.9833802816902,0.0380365217391304,156.59,283.68,60.72,105.1,27.18,54057
1775,1 to 2 bed,Waterford,870.17,23000,127363,1184.0090322580645,0.0378334782608695,156.59,283.68,60.72,105.1,27.18,54057
1776,All bedrooms,Waterford,865.91,23000,127363,1298.127292225201,0.0376482608695652,156.59,283.68,60.72,105.1,27.18,54057
1777,1 to 3 bed,Waterford,862.8,23000,127363,1230.7152459016395,0.0375130434782608,156.59,283.68,60.72,105.1,27.18,54057
1778,Two bed,Waterford,857.42,23000,127363,1274.9833802816902,0.0372791304347826,156.59,283.68,60.72,105.1,27.18,54057
1779,1 to 2 bed,Waterford,841.88,23000,127363,1184.0090322580645,0.0366034782608695,156.59,283.68,60.72,105.1,27.18,54057
1780,1 to 2 bed,Waterford,839.83,23000,127363,1184.0090322580645,0.0365143478260869,156.59,283.68,60.72,105.1,27.18,54057
1781,1 to 3 bed,Waterford,832.58,23000,127363,1230.7152459016395,0.0361991304347826,156.59,283.68,60.72,105.1,27.18,54057
1782,1 to 2 bed,Waterford,820.37,23000,127363,1184.0090322580645,0.0356682608695652,156.59,283.68,60.72,105.1,27.18,54057
1783,1 to 2 bed,Waterford,807.71,23000,127363,1184.0090322580645,0.0351178260869565,156.59,283.68,60.72,105.1,27.18,54057
1784,One bed,Waterford,801.67,23000,127363,1057.0936904761904,0.0348552173913043,156.59,283.68,60.72,105.1,27.18,54057
1785,One bed,Waterford,795.73,23000,127363,1057.0936904761904,0.0345969565217391,156.59,283.68,60.72,105.1,27.18,54057
1786,All bedrooms,Waterford,758.25,23000,127363,1298.127292225201,0.0329673913043478,156.59,283.68,60.72,105.1,27.18,54057
1787,One bed,Waterford,744.71,23000,127363,1057.0936904761904,0.0323786956521739,156.59,283.68,60.72,105.1,27.18,54057
1788,One bed,Waterford,744.06,23000,127363,1057.0936904761904,0.0323504347826086,156.59,283.68,60.72,105.1,27.18,54057
1789,1 to 3 bed,Waterford,739.23,23000,127363,1230.7152459016395,0.0321404347826086,156.59,283.68,60.72,105.1,27.18,54057
1790,Four plus bed,Westmeath,1176.5,16371,96221,1680.8637333333334,0.071864883024861,120.29,1295.14,44.2,83.55,52.0,56911
1791,Four plus bed,Westmeath,1154.16,16371,96221,1680.8637333333334,0.0705002748763056,120.29,1295.14,44.2,83.55,52.0,56911
1792,Four plus bed,Westmeath,1149.78,16371,96221,1680.8637333333334,0.0702327286054608,120.29,1295.14,44.2,83.55,52.0,56911
1793,Three bed,Westmeath,1037.85,16371,96221,1385.131496350365,0.0633956386292834,120.29,1295.14,44.2,83.55,52.0,56911
1794,Three bed,Westmeath,1031.25,16371,96221,1385.131496350365,0.0629924867143118,120.29,1295.14,44.2,83.55,52.0,56911
1795,All bedrooms,Westmeath,1028.3,16371,96221,1298.127292225201,0.0628122900250442,120.29,1295.14,44.2,83.55,52.0,56911
1796,Two bed,Westmeath,1023.93,16371,96221,1274.9833802816902,0.0625453545904343,120.29,1295.14,44.2,83.55,52.0,56911
1797,All bedrooms,Westmeath,1004.14,16371,96221,1298.127292225201,0.0613365096817543,120.29,1295.14,44.2,83.55,52.0,56911
1798,1 to 3 bed,Westmeath,999.8,16371,96221,1230.7152459016395,0.0610714067558487,120.29,1295.14,44.2,83.55,52.0,56911
1799,Three bed,Westmeath,997.98,16371,96221,1385.131496350365,0.0609602345611141,120.29,1295.14,44.2,83.55,52.0,56911
1800,Three bed,Westmeath,995.78,16371,96221,1385.131496350365,0.0608258505894569,120.29,1295.14,44.2,83.55,52.0,56911
1801,1 to 2 bed,Westmeath,984.34,16371,96221,1184.0090322580645,0.0601270539368395,120.29,1295.14,44.2,83.55,52.0,56911
1802,All bedrooms,Westmeath,981.05,16371,96221,1298.127292225201,0.0599260888155885,120.29,1295.14,44.2,83.55,52.0,56911
1803,All bedrooms,Westmeath,967.79,16371,96221,1298.127292225201,0.0591161199682365,120.29,1295.14,44.2,83.55,52.0,56911
1804,Two bed,Westmeath,957.36,16371,96221,1274.9833802816902,0.0584790177753344,120.29,1295.14,44.2,83.55,52.0,56911
1805,1 to 3 bed,Westmeath,944.37,16371,96221,1230.7152459016395,0.0576855415063221,120.29,1295.14,44.2,83.55,52.0,56911
1806,1 to 3 bed,Westmeath,940.42,16371,96221,1230.7152459016395,0.057444261193574,120.29,1295.14,44.2,83.55,52.0,56911
1807,Two bed,Westmeath,932.31,16371,96221,1274.9833802816902,0.0569488730071467,120.29,1295.14,44.2,83.55,52.0,56911
1808,1 to 3 bed,Westmeath,927.7,16371,96221,1230.7152459016395,0.0566672775029014,120.29,1295.14,44.2,83.55,52.0,56911
1809,All bedrooms,Westmeath,918.13,16371,96221,1298.127292225201,0.0560827072261926,120.29,1295.14,44.2,83.55,52.0,56911
1810,1 to 2 bed,Westmeath,913.76,16371,96221,1184.0090322580645,0.0558157717915826,120.29,1295.14,44.2,83.55,52.0,56911
1811,1 to 2 bed,Westmeath,912.19,16371,96221,1184.0090322580645,0.0557198705027182,120.29,1295.14,44.2,83.55,52.0,56911
1812,1 to 3 bed,Westmeath,893.22,16371,96221,1230.7152459016395,0.0545611141652922,120.29,1295.14,44.2,83.55,52.0,56911
1813,All bedrooms,Westmeath,885.59,16371,96221,1298.127292225201,0.0540950461181357,120.29,1295.14,44.2,83.55,52.0,56911
1814,1 to 2 bed,Westmeath,877.65,16371,96221,1184.0090322580645,0.0536100421477002,120.29,1295.14,44.2,83.55,52.0,56911
1815,Two bed,Westmeath,877.02,16371,96221,1274.9833802816902,0.0535715594649074,120.29,1295.14,44.2,83.55,52.0,56911
1816,One bed,Westmeath,874.72,16371,96221,1057.0936904761904,0.0534310671309022,120.29,1295.14,44.2,83.55,52.0,56911
1817,1 to 3 bed,Westmeath,865.89,16371,96221,1230.7152459016395,0.0528916987355689,120.29,1295.14,44.2,83.55,52.0,56911
1818,Two bed,Westmeath,838.1,16371,96221,1274.9833802816902,0.0511941848390446,120.29,1295.14,44.2,83.55,52.0,56911
1819,1 to 2 bed,Westmeath,833.14,16371,96221,1184.0090322580645,0.0508912100665811,120.29,1295.14,44.2,83.55,52.0,56911
1820,1 to 2 bed,Westmeath,821.52,16371,96221,1184.0090322580645,0.0501814183617372,120.29,1295.14,44.2,83.55,52.0,56911
1821,All bedrooms,Westmeath,801.47,16371,96221,1298.127292225201,0.0489566917109522,120.29,1295.14,44.2,83.55,52.0,56911
1822,One bed,Westmeath,790.86,16371,96221,1057.0936904761904,0.0483085944658237,120.29,1295.14,44.2,83.55,52.0,56911
1823,1 to 3 bed,Westmeath,761.3,16371,96221,1230.7152459016395,0.0465029625557388,120.29,1295.14,44.2,83.55,52.0,56911
1824,One bed,Westmeath,722.1,16371,96221,1057.0936904761904,0.0441084845153014,120.29,1295.14,44.2,83.55,52.0,56911
1825,Four plus bed,Wexford,1176.8,16500,163919,1680.8637333333334,0.0713212121212121,203.03,258.55,72.16,135.27,19.89,52438
1826,Four plus bed,Wexford,1110.37,16500,163919,1680.8637333333334,0.0672951515151515,203.03,258.55,72.16,135.27,19.89,52438
1827,Three bed,Wexford,1071.81,16500,163919,1385.131496350365,0.0649581818181818,203.03,258.55,72.16,135.27,19.89,52438
1828,Four plus bed,Wexford,1020.71,16500,163919,1680.8637333333334,0.0618612121212121,203.03,258.55,72.16,135.27,19.89,52438
1829,Three bed,Wexford,1017.36,16500,163919,1385.131496350365,0.0616581818181818,203.03,258.55,72.16,135.27,19.89,52438
1830,All bedrooms,Wexford,1007.37,16500,163919,1298.127292225201,0.0610527272727272,203.03,258.55,72.16,135.27,19.89,52438
1831,All bedrooms,Wexford,1005.19,16500,163919,1298.127292225201,0.060920606060606,203.03,258.55,72.16,135.27,19.89,52438
1832,All bedrooms,Wexford,979.32,16500,163919,1298.127292225201,0.0593527272727272,203.03,258.55,72.16,135.27,19.89,52438
1833,Four plus bed,Wexford,977.33,16500,163919,1680.8637333333334,0.0592321212121212,203.03,258.55,72.16,135.27,19.89,52438
1834,1 to 3 bed,Wexford,975.58,16500,163919,1230.7152459016395,0.0591260606060606,203.03,258.55,72.16,135.27,19.89,52438
1835,1 to 3 bed,Wexford,970.31,16500,163919,1230.7152459016395,0.0588066666666666,203.03,258.55,72.16,135.27,19.89,52438
1836,Three bed,Wexford,962.93,16500,163919,1385.131496350365,0.0583593939393939,203.03,258.55,72.16,135.27,19.89,52438
1837,1 to 3 bed,Wexford,962.14,16500,163919,1230.7152459016395,0.0583115151515151,203.03,258.55,72.16,135.27,19.89,52438
1838,Three bed,Wexford,957.92,16500,163919,1385.131496350365,0.0580557575757575,203.03,258.55,72.16,135.27,19.89,52438
1839,1 to 3 bed,Wexford,956.6,16500,163919,1230.7152459016395,0.0579757575757575,203.03,258.55,72.16,135.27,19.89,52438
1840,All bedrooms,Wexford,950.02,16500,163919,1298.127292225201,0.0575769696969696,203.03,258.55,72.16,135.27,19.89,52438
1841,Two bed,Wexford,932.76,16500,163919,1274.9833802816902,0.056530909090909,203.03,258.55,72.16,135.27,19.89,52438
1842,Three bed,Wexford,928.36,16500,163919,1385.131496350365,0.0562642424242424,203.03,258.55,72.16,135.27,19.89,52438
1843,All bedrooms,Wexford,894.7,16500,163919,1298.127292225201,0.0542242424242424,203.03,258.55,72.16,135.27,19.89,52438
1844,Two bed,Wexford,889.34,16500,163919,1274.9833802816902,0.0538993939393939,203.03,258.55,72.16,135.27,19.89,52438
1845,1 to 2 bed,Wexford,889.34,16500,163919,1184.0090322580645,0.0538993939393939,203.03,258.55,72.16,135.27,19.89,52438
1846,1 to 2 bed,Wexford,882.61,16500,163919,1184.0090322580645,0.0534915151515151,203.03,258.55,72.16,135.27,19.89,52438
1847,1 to 3 bed,Wexford,863.24,16500,163919,1230.7152459016395,0.0523175757575757,203.03,258.55,72.16,135.27,19.89,52438
1848,Three bed,Wexford,854.71,16500,163919,1385.131496350365,0.051800606060606,203.03,258.55,72.16,135.27,19.89,52438
1849,Two bed,Wexford,835.31,16500,163919,1274.9833802816902,0.0506248484848484,203.03,258.55,72.16,135.27,19.89,52438
1850,All bedrooms,Wexford,832.09,16500,163919,1298.127292225201,0.0504296969696969,203.03,258.55,72.16,135.27,19.89,52438
1851,All bedrooms,Wexford,825.5,16500,163919,1298.127292225201,0.050030303030303,203.03,258.55,72.16,135.27,19.89,52438
1852,Two bed,Wexford,824.54,16500,163919,1274.9833802816902,0.0499721212121212,203.03,258.55,72.16,135.27,19.89,52438
1853,All bedrooms,Wexford,822.4,16500,163919,1298.127292225201,0.0498424242424242,203.03,258.55,72.16,135.27,19.89,52438
1854,1 to 3 bed,Wexford,812.3,16500,163919,1230.7152459016395,0.049230303030303,203.03,258.55,72.16,135.27,19.89,52438
1855,Three bed,Wexford,803.17,16500,163919,1385.131496350365,0.0486769696969697,203.03,258.55,72.16,135.27,19.89,52438
1856,All bedrooms,Wexford,802.76,16500,163919,1298.127292225201,0.0486521212121212,203.03,258.55,72.16,135.27,19.89,52438
1857,1 to 2 bed,Wexford,799.75,16500,163919,1184.0090322580645,0.0484696969696969,203.03,258.55,72.16,135.27,19.89,52438
1858,1 to 3 bed,Wexford,798.27,16500,163919,1230.7152459016395,0.04838,203.03,258.55,72.16,135.27,19.89,52438
1859,Two bed,Wexford,796.42,16500,163919,1274.9833802816902,0.0482678787878787,203.03,258.55,72.16,135.27,19.89,52438
1860,1 to 2 bed,Wexford,795.0,16500,163919,1184.0090322580645,0.0481818181818181,203.03,258.55,72.16,135.27,19.89,52438
1861,1 to 3 bed,Wexford,794.88,16500,163919,1230.7152459016395,0.0481745454545454,203.03,258.55,72.16,135.27,19.89,52438
1862,1 to 3 bed,Wexford,784.1,16500,163919,1230.7152459016395,0.0475212121212121,203.03,258.55,72.16,135.27,19.89,52438
1863,1 to 2 bed,Wexford,768.87,16500,163919,1184.0090322580645,0.0465981818181818,203.03,258.55,72.16,135.27,19.89,52438
1864,Two bed,Wexford,767.36,16500,163919,1274.9833802816902,0.0465066666666666,203.03,258.55,72.16,135.27,19.89,52438
1865,1 to 2 bed,Wexford,743.82,16500,163919,1184.0090322580645,0.04508,203.03,258.55,72.16,135.27,19.89,52438
1866,1 to 2 bed,Wexford,717.54,16500,163919,1184.0090322580645,0.0434872727272727,203.03,258.55,72.16,135.27,19.89,52438
1867,One bed,Wexford,717.53,16500,163919,1057.0936904761904,0.0434866666666666,203.03,258.55,72.16,135.27,19.89,52438
1868,One bed,Wexford,694.55,16500,163919,1057.0936904761904,0.0420939393939393,203.03,258.55,72.16,135.27,19.89,52438
1869,One bed,Wexford,676.37,16500,163919,1057.0936904761904,0.0409921212121212,203.03,258.55,72.16,135.27,19.89,52438
1870,One bed,Wexford,641.41,16500,163919,1057.0936904761904,0.0388733333333333,203.03,258.55,72.16,135.27,19.89,52438
1871,Four plus bed,Wicklow,2533.96,15500,155851,1680.8637333333334,0.1634812903225806,243.7,263.37,103.3,72.16,64.99,63733
1872,Three bed,Wicklow,2124.45,15500,155851,1385.131496350365,0.1370612903225806,243.7,263.37,103.3,72.16,64.99,63733
1873,Four plus bed,Wicklow,2026.63,15500,155851,1680.8637333333334,0.1307503225806451,243.7,263.37,103.3,72.16,64.99,63733
1874,All bedrooms,Wicklow,1974.76,15500,155851,1298.127292225201,0.1274038709677419,243.7,263.37,103.3,72.16,64.99,63733
1875,Three bed,Wicklow,1910.37,15500,155851,1385.131496350365,0.1232496774193548,243.7,263.37,103.3,72.16,64.99,63733
1876,1 to 3 bed,Wicklow,1904.25,15500,155851,1230.7152459016395,0.1228548387096774,243.7,263.37,103.3,72.16,64.99,63733
1877,Two bed,Wicklow,1854.94,15500,155851,1274.9833802816902,0.1196735483870967,243.7,263.37,103.3,72.16,64.99,63733
1878,Four plus bed,Wicklow,1847.9,15500,155851,1680.8637333333334,0.1192193548387096,243.7,263.37,103.3,72.16,64.99,63733
1879,1 to 2 bed,Wicklow,1829.98,15500,155851,1184.0090322580645,0.1180632258064516,243.7,263.37,103.3,72.16,64.99,63733
1880,Three bed,Wicklow,1747.91,15500,155851,1385.131496350365,0.1127683870967742,243.7,263.37,103.3,72.16,64.99,63733
1881,All bedrooms,Wicklow,1743.68,15500,155851,1298.127292225201,0.1124954838709677,243.7,263.37,103.3,72.16,64.99,63733
1882,Four plus bed,Wicklow,1655.82,15500,155851,1680.8637333333334,0.1068270967741935,243.7,263.37,103.3,72.16,64.99,63733
1883,1 to 3 bed,Wicklow,1610.75,15500,155851,1230.7152459016395,0.1039193548387096,243.7,263.37,103.3,72.16,64.99,63733
1884,Two bed,Wicklow,1567.73,15500,155851,1274.9833802816902,0.1011438709677419,243.7,263.37,103.3,72.16,64.99,63733
1885,Two bed,Wicklow,1495.8,15500,155851,1274.9833802816902,0.0965032258064516,243.7,263.37,103.3,72.16,64.99,63733
1886,Three bed,Wicklow,1485.98,15500,155851,1385.131496350365,0.0958696774193548,243.7,263.37,103.3,72.16,64.99,63733
1887,1 to 2 bed,Wicklow,1478.66,15500,155851,1184.0090322580645,0.0953974193548387,243.7,263.37,103.3,72.16,64.99,63733
1888,All bedrooms,Wicklow,1473.49,15500,155851,1298.127292225201,0.0950638709677419,243.7,263.37,103.3,72.16,64.99,63733
1889,Three bed,Wicklow,1436.91,15500,155851,1385.131496350365,0.0927038709677419,243.7,263.37,103.3,72.16,64.99,63733
1890,1 to 3 bed,Wicklow,1425.61,15500,155851,1230.7152459016395,0.0919748387096774,243.7,263.37,103.3,72.16,64.99,63733
1891,All bedrooms,Wicklow,1408.53,15500,155851,1298.127292225201,0.0908729032258064,243.7,263.37,103.3,72.16,64.99,63733
1892,Two bed,Wicklow,1406.11,15500,155851,1274.9833802816902,0.0907167741935483,243.7,263.37,103.3,72.16,64.99,63733
1893,All bedrooms,Wicklow,1405.28,15500,155851,1298.127292225201,0.0906632258064516,243.7,263.37,103.3,72.16,64.99,63733
1894,All bedrooms,Wicklow,1403.67,15500,155851,1298.127292225201,0.0905593548387096,243.7,263.37,103.3,72.16,64.99,63733
1895,1 to 3 bed,Wicklow,1363.98,15500,155851,1230.7152459016395,0.0879987096774193,243.7,263.37,103.3,72.16,64.99,63733
1896,Three bed,Wicklow,1356.34,15500,155851,1385.131496350365,0.0875058064516128,243.7,263.37,103.3,72.16,64.99,63733
1897,1 to 3 bed,Wicklow,1346.52,15500,155851,1230.7152459016395,0.0868722580645161,243.7,263.37,103.3,72.16,64.99,63733
1898,1 to 3 bed,Wicklow,1338.83,15500,155851,1230.7152459016395,0.086376129032258,243.7,263.37,103.3,72.16,64.99,63733
1899,Four plus bed,Wicklow,1325.13,15500,155851,1680.8637333333334,0.0854922580645161,243.7,263.37,103.3,72.16,64.99,63733
1900,All bedrooms,Wicklow,1298.75,15500,155851,1298.127292225201,0.0837903225806451,243.7,263.37,103.3,72.16,64.99,63733
1901,Two bed,Wicklow,1294.68,15500,155851,1274.9833802816902,0.0835277419354838,243.7,263.37,103.3,72.16,64.99,63733
1902,1 to 2 bed,Wicklow,1277.37,15500,155851,1184.0090322580645,0.0824109677419354,243.7,263.37,103.3,72.16,64.99,63733
1903,Two bed,Wicklow,1269.96,15500,155851,1274.9833802816902,0.0819329032258064,243.7,263.37,103.3,72.16,64.99,63733
1904,1 to 2 bed,Wicklow,1268.0,15500,155851,1184.0090322580645,0.0818064516129032,243.7,263.37,103.3,72.16,64.99,63733
1905,1 to 2 bed,Wicklow,1264.24,15500,155851,1184.0090322580645,0.0815638709677419,243.7,263.37,103.3,72.16,64.99,63733
1906,1 to 3 bed,Wicklow,1248.42,15500,155851,1230.7152459016395,0.0805432258064516,243.7,263.37,103.3,72.16,64.99,63733
1907,Three bed,Wicklow,1221.16,15500,155851,1385.131496350365,0.0787845161290322,243.7,263.37,103.3,72.16,64.99,63733
1908,1 to 2 bed,Wicklow,1158.77,15500,155851,1184.0090322580645,0.0747593548387096,243.7,263.37,103.3,72.16,64.99,63733
1909,All bedrooms,Wicklow,1120.32,15500,155851,1298.127292225201,0.0722787096774193,243.7,263.37,103.3,72.16,64.99,63733
1910,All bedrooms,Wicklow,1116.17,15500,155851,1298.127292225201,0.0720109677419355,243.7,263.37,103.3,72.16,64.99,63733
1911,1 to 3 bed,Wicklow,1087.12,15500,155851,1230.7152459016395,0.0701367741935483,243.7,263.37,103.3,72.16,64.99,63733
1912,1 to 3 bed,Wicklow,1083.2,15500,155851,1230.7152459016395,0.0698838709677419,243.7,263.37,103.3,72.16,64.99,63733
1913,Two bed,Wicklow,1045.9,15500,155851,1274.9833802816902,0.0674774193548387,243.7,263.37,103.3,72.16,64.99,63733
1914,One bed,Wicklow,1041.89,15500,155851,1057.0936904761904,0.0672187096774193,243.7,263.37,103.3,72.16,64.99,63733
1915,All bedrooms,Wicklow,1031.04,15500,155851,1298.127292225201,0.0665187096774193,243.7,263.37,103.3,72.16,64.99,63733
1916,Two bed,Wicklow,1029.91,15500,155851,1274.9833802816902,0.0664458064516129,243.7,263.37,103.3,72.16,64.99,63733
1917,1 to 2 bed,Wicklow,1027.49,15500,155851,1184.0090322580645,0.0662896774193548,243.7,263.37,103.3,72.16,64.99,63733
1918,One bed,Wicklow,1014.03,15500,155851,1057.0936904761904,0.0654212903225806,243.7,263.37,103.3,72.16,64.99,63733
1919,1 to 3 bed,Wicklow,997.07,15500,155851,1230.7152459016395,0.0643270967741935,243.7,263.37,103.3,72.16,64.99,63733
1920,Two bed,Wicklow,981.22,15500,155851,1274.9833802816902,0.0633045161290322,243.7,263.37,103.3,72.16,64.99,63733
1921,1 to 2 bed,Wicklow,960.5,15500,155851,1184.0090322580645,0.0619677419354838,243.7,263.37,103.3,72.16,64.99,63733
1922,1 to 2 bed,Wicklow,940.06,15500,155851,1184.0090322580645,0.0606490322580645,243.7,263.37,103.3,72.16,64.99,63733
1923,One bed,Wicklow,864.47,15500,155851,1057.0936904761904,0.0557722580645161,243.7,263.37,103.3,72.16,64.99,63733
1924,One bed,Wicklow,799.19,15500,155851,1057.0936904761904,0.0515606451612903,243.7,263.37,103.3,72.16,64.99,63733
