Year,Number of Bedrooms,Property Type,County,UNIT,Rent_Price,Land_Price,Population of County,Avg_Rent_By_Bedroom,Rent_Land_Ratio,vat_internal_€m,paye_income_tax_and_usc_€m,self_employed_income_tax_€m,corporation_tax_€m,capital_gains_tax_€m
2022,Four plus bed,All property types,Carlow,Euro,1397.92,17417,61968,1680.8637333333334,0.0802618131710398,86.53,147.83,25.62,33.55,7.19
2022,Four plus bed,All property types,Carlow,Euro,1323.98,17417,61968,1680.8637333333334,0.07601653556869725,86.53,147.83,25.62,33.55,7.19
2022,All bedrooms,All property types,Carlow,Euro,1060.03,17417,61968,1298.127292225201,0.06086180168800597,86.53,147.83,25.62,33.55,7.19
2022,Three bed,All property types,Carlow,Euro,1028.83,17417,61968,1385.131496350365,0.05907044841247057,86.53,147.83,25.62,33.55,7.19
2022,All bedrooms,All property types,Carlow,Euro,1017.06,17417,61968,1298.127292225201,0.05839467187230866,86.53,147.83,25.62,33.55,7.19
2022,All bedrooms,All property types,Carlow,Euro,1012.83,17417,61968,1298.127292225201,0.05815180570706781,86.53,147.83,25.62,33.55,7.19
2022,Three bed,All property types,Carlow,Euro,997.69,17417,61968,1385.131496350365,0.057282540047080444,86.53,147.83,25.62,33.55,7.19
2022,Three bed,All property types,Carlow,Euro,982.21,17417,61968,1385.131496350365,0.056393753229603265,86.53,147.83,25.62,33.55,7.19
2022,1 to 3 bed,All property types,Carlow,Euro,969.62,17417,61968,1230.7152459016395,0.055670896250789456,86.53,147.83,25.62,33.55,7.19
2022,1 to 3 bed,All property types,Carlow,Euro,945.86,17417,61968,1230.7152459016395,0.05430671183326635,86.53,147.83,25.62,33.55,7.19
2022,1 to 3 bed,All property types,Carlow,Euro,926.77,17417,61968,1230.7152459016395,0.05321065625538267,86.53,147.83,25.62,33.55,7.19
2022,Two bed,All property types,Carlow,Euro,907.25,17417,61968,1274.9833802816902,0.05208991215479129,86.53,147.83,25.62,33.55,7.19
2022,1 to 2 bed,All property types,Carlow,Euro,888.99,17417,61968,1184.0090322580645,0.051041511167250385,86.53,147.83,25.62,33.55,7.19
2022,Two bed,All property types,Carlow,Euro,877.48,17417,61968,1274.9833802816902,0.050380662571051275,86.53,147.83,25.62,33.55,7.19
2022,Two bed,All property types,Carlow,Euro,860.42,17417,61968,1274.9833802816902,0.04940115978641557,86.53,147.83,25.62,33.55,7.19
2022,1 to 2 bed,All property types,Carlow,Euro,858.69,17417,61968,1184.0090322580645,0.0493018315438939,86.53,147.83,25.62,33.55,7.19
2022,One bed,All property types,Carlow,Euro,849.14,17417,61968,1057.0936904761904,0.04875351667910662,86.53,147.83,25.62,33.55,7.19
2022,1 to 2 bed,All property types,Carlow,Euro,842.0,17417,61968,1184.0090322580645,0.04834357237182064,86.53,147.83,25.62,33.55,7.19
2022,One bed,All property types,Carlow,Euro,813.52,17417,61968,1057.0936904761904,0.04670838835620371,86.53,147.83,25.62,33.55,7.19
2022,Four plus bed,All property types,Cavan,Euro,1079.64,10000,81704,1680.8637333333334,0.107964,115.04,196.23,30.28,77.63,7.47
2022,Four plus bed,All property types,Cavan,Euro,1047.92,10000,81704,1680.8637333333334,0.10479200000000001,115.04,196.23,30.28,77.63,7.47
2022,Four plus bed,All property types,Cavan,Euro,973.88,10000,81704,1680.8637333333334,0.097388,115.04,196.23,30.28,77.63,7.47
2022,Four plus bed,All property types,Cavan,Euro,971.62,10000,81704,1680.8637333333334,0.097162,115.04,196.23,30.28,77.63,7.47
2022,Three bed,All property types,Cavan,Euro,956.26,10000,81704,1385.131496350365,0.095626,115.04,196.23,30.28,77.63,7.47
2022,Three bed,All property types,Cavan,Euro,898.99,10000,81704,1385.131496350365,0.089899,115.04,196.23,30.28,77.63,7.47
2022,All bedrooms,All property types,Cavan,Euro,889.31,10000,81704,1298.127292225201,0.088931,115.04,196.23,30.28,77.63,7.47
2022,All bedrooms,All property types,Cavan,Euro,865.28,10000,81704,1298.127292225201,0.086528,115.04,196.23,30.28,77.63,7.47
2022,All bedrooms,All property types,Cavan,Euro,844.51,10000,81704,1298.127292225201,0.084451,115.04,196.23,30.28,77.63,7.47
2022,1 to 3 bed,All property types,Cavan,Euro,837.07,10000,81704,1230.7152459016395,0.083707,115.04,196.23,30.28,77.63,7.47
2022,Two bed,All property types,Cavan,Euro,822.93,10000,81704,1274.9833802816902,0.08229299999999999,115.04,196.23,30.28,77.63,7.47
2022,1 to 3 bed,All property types,Cavan,Euro,816.1,10000,81704,1230.7152459016395,0.08161,115.04,196.23,30.28,77.63,7.47
2022,Three bed,All property types,Cavan,Euro,807.56,10000,81704,1385.131496350365,0.080756,115.04,196.23,30.28,77.63,7.47
2022,Three bed,All property types,Cavan,Euro,805.33,10000,81704,1385.131496350365,0.08053300000000001,115.04,196.23,30.28,77.63,7.47
2022,Three bed,All property types,Cavan,Euro,801.24,10000,81704,1385.131496350365,0.080124,115.04,196.23,30.28,77.63,7.47
2022,All bedrooms,All property types,Cavan,Euro,797.31,10000,81704,1298.127292225201,0.079731,115.04,196.23,30.28,77.63,7.47
2022,All bedrooms,All property types,Cavan,Euro,795.35,10000,81704,1298.127292225201,0.07953500000000001,115.04,196.23,30.28,77.63,7.47
2022,All bedrooms,All property types,Cavan,Euro,793.75,10000,81704,1298.127292225201,0.079375,115.04,196.23,30.28,77.63,7.47
2022,1 to 2 bed,All property types,Cavan,Euro,788.43,10000,81704,1184.0090322580645,0.078843,115.04,196.23,30.28,77.63,7.47
2022,1 to 3 bed,All property types,Cavan,Euro,761.29,10000,81704,1230.7152459016395,0.076129,115.04,196.23,30.28,77.63,7.47
2022,Two bed,All property types,Cavan,Euro,757.11,10000,81704,1274.9833802816902,0.075711,115.04,196.23,30.28,77.63,7.47
2022,1 to 3 bed,All property types,Cavan,Euro,746.61,10000,81704,1230.7152459016395,0.074661,115.04,196.23,30.28,77.63,7.47
2022,Two bed,All property types,Cavan,Euro,739.31,10000,81704,1274.9833802816902,0.073931,115.04,196.23,30.28,77.63,7.47
2022,All bedrooms,All property types,Cavan,Euro,728.95,10000,81704,1298.127292225201,0.072895,115.04,196.23,30.28,77.63,7.47
2022,1 to 2 bed,All property types,Cavan,Euro,728.51,10000,81704,1184.0090322580645,0.072851,115.04,196.23,30.28,77.63,7.47
2022,All bedrooms,All property types,Cavan,Euro,715.75,10000,81704,1298.127292225201,0.071575,115.04,196.23,30.28,77.63,7.47
2022,Three bed,All property types,Cavan,Euro,714.49,10000,81704,1385.131496350365,0.071449,115.04,196.23,30.28,77.63,7.47
2022,Three bed,All property types,Cavan,Euro,709.17,10000,81704,1385.131496350365,0.070917,115.04,196.23,30.28,77.63,7.47
2022,1 to 3 bed,All property types,Cavan,Euro,702.02,10000,81704,1230.7152459016395,0.070202,115.04,196.23,30.28,77.63,7.47
2022,One bed,All property types,Cavan,Euro,697.62,10000,81704,1057.0936904761904,0.069762,115.04,196.23,30.28,77.63,7.47
2022,1 to 2 bed,All property types,Cavan,Euro,696.33,10000,81704,1184.0090322580645,0.069633,115.04,196.23,30.28,77.63,7.47
2022,1 to 2 bed,All property types,Cavan,Euro,692.09,10000,81704,1184.0090322580645,0.069209,115.04,196.23,30.28,77.63,7.47
2022,1 to 3 bed,All property types,Cavan,Euro,690.07,10000,81704,1230.7152459016395,0.069007,115.04,196.23,30.28,77.63,7.47
2022,1 to 3 bed,All property types,Cavan,Euro,685.72,10000,81704,1230.7152459016395,0.06857200000000001,115.04,196.23,30.28,77.63,7.47
2022,1 to 3 bed,All property types,Cavan,Euro,677.96,10000,81704,1230.7152459016395,0.06779600000000001,115.04,196.23,30.28,77.63,7.47
2022,Two bed,All property types,Cavan,Euro,669.83,10000,81704,1274.9833802816902,0.066983,115.04,196.23,30.28,77.63,7.47
2022,One bed,All property types,Cavan,Euro,667.19,10000,81704,1057.0936904761904,0.066719,115.04,196.23,30.28,77.63,7.47
2022,Two bed,All property types,Cavan,Euro,665.96,10000,81704,1274.9833802816902,0.066596,115.04,196.23,30.28,77.63,7.47
2022,Three bed,All property types,Cavan,Euro,661.62,10000,81704,1385.131496350365,0.066162,115.04,196.23,30.28,77.63,7.47
2022,1 to 2 bed,All property types,Cavan,Euro,655.67,10000,81704,1184.0090322580645,0.065567,115.04,196.23,30.28,77.63,7.47
2022,1 to 2 bed,All property types,Cavan,Euro,615.98,10000,81704,1184.0090322580645,0.061598,115.04,196.23,30.28,77.63,7.47
2022,All bedrooms,All property types,Cavan,Euro,615.31,10000,81704,1298.127292225201,0.061530999999999995,115.04,196.23,30.28,77.63,7.47
2022,One bed,All property types,Cavan,Euro,607.75,10000,81704,1057.0936904761904,0.060775,115.04,196.23,30.28,77.63,7.47
2022,1 to 3 bed,All property types,Cavan,Euro,601.44,10000,81704,1230.7152459016395,0.060144,115.04,196.23,30.28,77.63,7.47
2022,1 to 2 bed,All property types,Cavan,Euro,587.11,10000,81704,1184.0090322580645,0.058711,115.04,196.23,30.28,77.63,7.47
2022,1 to 2 bed,All property types,Cavan,Euro,536.25,10000,81704,1184.0090322580645,0.053625,115.04,196.23,30.28,77.63,7.47
2022,Four plus bed,All property types,Clare,Euro,1157.5,9875,127938,1680.8637333333334,0.11721518987341772,168.66,380.6,50.19,136.84,15.83
2022,Four plus bed,All property types,Clare,Euro,1071.69,9875,127938,1680.8637333333334,0.10852556962025317,168.66,380.6,50.19,136.84,15.83
2022,Three bed,All property types,Clare,Euro,1038.72,9875,127938,1385.131496350365,0.10518683544303797,168.66,380.6,50.19,136.84,15.83
2022,Three bed,All property types,Clare,Euro,1024.16,9875,127938,1385.131496350365,0.10371240506329114,168.66,380.6,50.19,136.84,15.83
2022,Three bed,All property types,Clare,Euro,1003.83,9875,127938,1385.131496350365,0.10165367088607595,168.66,380.6,50.19,136.84,15.83
2022,Three bed,All property types,Clare,Euro,992.88,9875,127938,1385.131496350365,0.10054481012658228,168.66,380.6,50.19,136.84,15.83
2022,All bedrooms,All property types,Clare,Euro,983.09,9875,127938,1298.127292225201,0.09955341772151899,168.66,380.6,50.19,136.84,15.83
2022,1 to 3 bed,All property types,Clare,Euro,967.09,9875,127938,1230.7152459016395,0.09793316455696204,168.66,380.6,50.19,136.84,15.83
2022,Three bed,All property types,Clare,Euro,956.38,9875,127938,1385.131496350365,0.09684860759493671,168.66,380.6,50.19,136.84,15.83
2022,All bedrooms,All property types,Clare,Euro,955.1,9875,127938,1298.127292225201,0.09671898734177216,168.66,380.6,50.19,136.84,15.83
2022,1 to 3 bed,All property types,Clare,Euro,948.72,9875,127938,1230.7152459016395,0.09607291139240506,168.66,380.6,50.19,136.84,15.83
2022,All bedrooms,All property types,Clare,Euro,943.63,9875,127938,1298.127292225201,0.09555746835443038,168.66,380.6,50.19,136.84,15.83
2022,All bedrooms,All property types,Clare,Euro,941.41,9875,127938,1298.127292225201,0.0953326582278481,168.66,380.6,50.19,136.84,15.83
2022,1 to 3 bed,All property types,Clare,Euro,932.51,9875,127938,1230.7152459016395,0.09443139240506329,168.66,380.6,50.19,136.84,15.83
2022,Two bed,All property types,Clare,Euro,918.76,9875,127938,1274.9833802816902,0.09303898734177216,168.66,380.6,50.19,136.84,15.83
2022,1 to 3 bed,All property types,Clare,Euro,913.77,9875,127938,1230.7152459016395,0.09253367088607595,168.66,380.6,50.19,136.84,15.83
2022,Two bed,All property types,Clare,Euro,911.35,9875,127938,1274.9833802816902,0.0922886075949367,168.66,380.6,50.19,136.84,15.83
2022,All bedrooms,All property types,Clare,Euro,905.46,9875,127938,1298.127292225201,0.09169215189873418,168.66,380.6,50.19,136.84,15.83
2022,1 to 2 bed,All property types,Clare,Euro,899.76,9875,127938,1184.0090322580645,0.09111493670886076,168.66,380.6,50.19,136.84,15.83
2022,1 to 2 bed,All property types,Clare,Euro,895.26,9875,127938,1184.0090322580645,0.09065924050632912,168.66,380.6,50.19,136.84,15.83
2022,All bedrooms,All property types,Clare,Euro,892.09,9875,127938,1298.127292225201,0.09033822784810126,168.66,380.6,50.19,136.84,15.83
2022,1 to 3 bed,All property types,Clare,Euro,851.31,9875,127938,1230.7152459016395,0.0862086075949367,168.66,380.6,50.19,136.84,15.83
2022,1 to 3 bed,All property types,Clare,Euro,824.02,9875,127938,1230.7152459016395,0.08344506329113924,168.66,380.6,50.19,136.84,15.83
2022,Two bed,All property types,Clare,Euro,815.48,9875,127938,1274.9833802816902,0.08258025316455696,168.66,380.6,50.19,136.84,15.83
2022,Two bed,All property types,Clare,Euro,815.25,9875,127938,1274.9833802816902,0.08255696202531645,168.66,380.6,50.19,136.84,15.83
2022,1 to 2 bed,All property types,Clare,Euro,751.08,9875,127938,1184.0090322580645,0.07605873417721519,168.66,380.6,50.19,136.84,15.83
2022,1 to 2 bed,All property types,Clare,Euro,707.7,9875,127938,1184.0090322580645,0.07166582278481014,168.66,380.6,50.19,136.84,15.83
2022,Three bed,All property types,Clare,Euro,674.58,9875,127938,1385.131496350365,0.06831189873417721,168.66,380.6,50.19,136.84,15.83
2022,All bedrooms,All property types,Clare,Euro,645.19,9875,127938,1298.127292225201,0.06533569620253166,168.66,380.6,50.19,136.84,15.83
2022,1 to 3 bed,All property types,Clare,Euro,632.66,9875,127938,1230.7152459016395,0.06406683544303797,168.66,380.6,50.19,136.84,15.83
2022,Two bed,All property types,Clare,Euro,632.19,9875,127938,1274.9833802816902,0.06401924050632912,168.66,380.6,50.19,136.84,15.83
2022,1 to 2 bed,All property types,Clare,Euro,594.72,9875,127938,1184.0090322580645,0.06022481012658228,168.66,380.6,50.19,136.84,15.83
2022,One bed,All property types,Clare,Euro,569.77,9875,127938,1057.0936904761904,0.05769822784810126,168.66,380.6,50.19,136.84,15.83
2022,One bed,All property types,Clare,Euro,524.87,9875,127938,1057.0936904761904,0.053151392405063294,168.66,380.6,50.19,136.84,15.83
2022,Four plus bed,All property types,Cork,Euro,2031.86,17875,584156,1680.8637333333334,0.11367048951048951,1818.53,2259.48,341.84,8467.08,184.82
2022,Four plus bed,All property types,Cork,Euro,1874.94,17875,584156,1680.8637333333334,0.10489174825174825,1818.53,2259.48,341.84,8467.08,184.82
2022,Four plus bed,All property types,Cork,Euro,1780.89,17875,584156,1680.8637333333334,0.0996302097902098,1818.53,2259.48,341.84,8467.08,184.82
2022,Four plus bed,All property types,Cork,Euro,1683.22,17875,584156,1680.8637333333334,0.09416615384615384,1818.53,2259.48,341.84,8467.08,184.82
2022,Four plus bed,All property types,Cork,Euro,1666.3,17875,584156,1680.8637333333334,0.09321958041958042,1818.53,2259.48,341.84,8467.08,184.82
2022,All bedrooms,All property types,Cork,Euro,1645.5,17875,584156,1298.127292225201,0.09205594405594406,1818.53,2259.48,341.84,8467.08,184.82
2022,Four plus bed,All property types,Cork,Euro,1610.16,17875,584156,1680.8637333333334,0.09007888111888113,1818.53,2259.48,341.84,8467.08,184.82
2022,Four plus bed,All property types,Cork,Euro,1606.71,17875,584156,1680.8637333333334,0.08988587412587412,1818.53,2259.48,341.84,8467.08,184.82
2022,Four plus bed,All property types,Cork,Euro,1570.15,17875,584156,1680.8637333333334,0.08784055944055945,1818.53,2259.48,341.84,8467.08,184.82
2022,Three bed,All property types,Cork,Euro,1566.06,17875,584156,1385.131496350365,0.08761174825174825,1818.53,2259.48,341.84,8467.08,184.82
2022,Three bed,All property types,Cork,Euro,1545.77,17875,584156,1385.131496350365,0.08647664335664336,1818.53,2259.48,341.84,8467.08,184.82
2022,Three bed,All property types,Cork,Euro,1508.51,17875,584156,1385.131496350365,0.08439216783216782,1818.53,2259.48,341.84,8467.08,184.82
2022,Three bed,All property types,Cork,Euro,1452.07,17875,584156,1385.131496350365,0.0812346853146853,1818.53,2259.48,341.84,8467.08,184.82
2022,All bedrooms,All property types,Cork,Euro,1432.18,17875,584156,1298.127292225201,0.08012195804195804,1818.53,2259.48,341.84,8467.08,184.82
2022,All bedrooms,All property types,Cork,Euro,1430.42,17875,584156,1298.127292225201,0.08002349650349651,1818.53,2259.48,341.84,8467.08,184.82
2022,All bedrooms,All property types,Cork,Euro,1429.62,17875,584156,1298.127292225201,0.07997874125874126,1818.53,2259.48,341.84,8467.08,184.82
2022,Two bed,All property types,Cork,Euro,1419.22,17875,584156,1274.9833802816902,0.07939692307692307,1818.53,2259.48,341.84,8467.08,184.82
2022,Two bed,All property types,Cork,Euro,1403.69,17875,584156,1274.9833802816902,0.07852811188811189,1818.53,2259.48,341.84,8467.08,184.82
2022,1 to 3 bed,All property types,Cork,Euro,1398.53,17875,584156,1230.7152459016395,0.07823944055944056,1818.53,2259.48,341.84,8467.08,184.82
2022,1 to 3 bed,All property types,Cork,Euro,1393.14,17875,584156,1230.7152459016395,0.0779379020979021,1818.53,2259.48,341.84,8467.08,184.82
2022,Four plus bed,All property types,Cork,Euro,1388.75,17875,584156,1680.8637333333334,0.07769230769230769,1818.53,2259.48,341.84,8467.08,184.82
2022,1 to 3 bed,All property types,Cork,Euro,1386.77,17875,584156,1230.7152459016395,0.07758153846153847,1818.53,2259.48,341.84,8467.08,184.82
2022,All bedrooms,All property types,Cork,Euro,1384.28,17875,584156,1298.127292225201,0.07744223776223776,1818.53,2259.48,341.84,8467.08,184.82
2022,Three bed,All property types,Cork,Euro,1380.96,17875,584156,1385.131496350365,0.0772565034965035,1818.53,2259.48,341.84,8467.08,184.82
2022,All bedrooms,All property types,Cork,Euro,1378.86,17875,584156,1298.127292225201,0.07713902097902098,1818.53,2259.48,341.84,8467.08,184.82
2022,1 to 3 bed,All property types,Cork,Euro,1362.41,17875,584156,1230.7152459016395,0.07621874125874126,1818.53,2259.48,341.84,8467.08,184.82
2022,All bedrooms,All property types,Cork,Euro,1361.46,17875,584156,1298.127292225201,0.07616559440559441,1818.53,2259.48,341.84,8467.08,184.82
2022,Three bed,All property types,Cork,Euro,1359.65,17875,584156,1385.131496350365,0.07606433566433567,1818.53,2259.48,341.84,8467.08,184.82
2022,Three bed,All property types,Cork,Euro,1344.39,17875,584156,1385.131496350365,0.07521062937062938,1818.53,2259.48,341.84,8467.08,184.82
2022,Two bed,All property types,Cork,Euro,1338.48,17875,584156,1274.9833802816902,0.07488,1818.53,2259.48,341.84,8467.08,184.82
2022,Two bed,All property types,Cork,Euro,1334.21,17875,584156,1274.9833802816902,0.07464111888111888,1818.53,2259.48,341.84,8467.08,184.82
2022,1 to 3 bed,All property types,Cork,Euro,1330.94,17875,584156,1230.7152459016395,0.07445818181818183,1818.53,2259.48,341.84,8467.08,184.82
2022,All bedrooms,All property types,Cork,Euro,1329.78,17875,584156,1298.127292225201,0.07439328671328671,1818.53,2259.48,341.84,8467.08,184.82
2022,Two bed,All property types,Cork,Euro,1317.06,17875,584156,1274.9833802816902,0.07368167832167832,1818.53,2259.48,341.84,8467.08,184.82
2022,Three bed,All property types,Cork,Euro,1308.67,17875,584156,1385.131496350365,0.0732123076923077,1818.53,2259.48,341.84,8467.08,184.82
2022,Three bed,All property types,Cork,Euro,1306.94,17875,584156,1385.131496350365,0.07311552447552448,1818.53,2259.48,341.84,8467.08,184.82
2022,1 to 3 bed,All property types,Cork,Euro,1305.53,17875,584156,1230.7152459016395,0.07303664335664335,1818.53,2259.48,341.84,8467.08,184.82
2022,1 to 3 bed,All property types,Cork,Euro,1300.26,17875,584156,1230.7152459016395,0.07274181818181819,1818.53,2259.48,341.84,8467.08,184.82
2022,All bedrooms,All property types,Cork,Euro,1295.61,17875,584156,1298.127292225201,0.07248167832167832,1818.53,2259.48,341.84,8467.08,184.82
2022,1 to 2 bed,All property types,Cork,Euro,1293.65,17875,584156,1184.0090322580645,0.07237202797202798,1818.53,2259.48,341.84,8467.08,184.82
2022,1 to 2 bed,All property types,Cork,Euro,1292.65,17875,584156,1184.0090322580645,0.07231608391608392,1818.53,2259.48,341.84,8467.08,184.82
2022,All bedrooms,All property types,Cork,Euro,1289.43,17875,584156,1298.127292225201,0.07213594405594406,1818.53,2259.48,341.84,8467.08,184.82
2022,Three bed,All property types,Cork,Euro,1270.26,17875,584156,1385.131496350365,0.0710634965034965,1818.53,2259.48,341.84,8467.08,184.82
2022,Four plus bed,All property types,Cork,Euro,1270.03,17875,584156,1680.8637333333334,0.07105062937062936,1818.53,2259.48,341.84,8467.08,184.82
2022,Three bed,All property types,Cork,Euro,1267.64,17875,584156,1385.131496350365,0.07091692307692309,1818.53,2259.48,341.84,8467.08,184.82
2022,Two bed,All property types,Cork,Euro,1262.84,17875,584156,1274.9833802816902,0.0706483916083916,1818.53,2259.48,341.84,8467.08,184.82
2022,1 to 3 bed,All property types,Cork,Euro,1262.24,17875,584156,1230.7152459016395,0.07061482517482517,1818.53,2259.48,341.84,8467.08,184.82
2022,1 to 2 bed,All property types,Cork,Euro,1260.86,17875,584156,1184.0090322580645,0.07053762237762237,1818.53,2259.48,341.84,8467.08,184.82
2022,Three bed,All property types,Cork,Euro,1259.78,17875,584156,1385.131496350365,0.07047720279720279,1818.53,2259.48,341.84,8467.08,184.82
2022,Two bed,All property types,Cork,Euro,1251.47,17875,584156,1274.9833802816902,0.0700123076923077,1818.53,2259.48,341.84,8467.08,184.82
2022,All bedrooms,All property types,Cork,Euro,1245.05,17875,584156,1298.127292225201,0.06965314685314684,1818.53,2259.48,341.84,8467.08,184.82
2022,1 to 3 bed,All property types,Cork,Euro,1242.94,17875,584156,1230.7152459016395,0.0695351048951049,1818.53,2259.48,341.84,8467.08,184.82
2022,All bedrooms,All property types,Cork,Euro,1239.0,17875,584156,1298.127292225201,0.06931468531468532,1818.53,2259.48,341.84,8467.08,184.82
2022,1 to 2 bed,All property types,Cork,Euro,1235.82,17875,584156,1184.0090322580645,0.06913678321678321,1818.53,2259.48,341.84,8467.08,184.82
2022,1 to 2 bed,All property types,Cork,Euro,1229.04,17875,584156,1184.0090322580645,0.06875748251748251,1818.53,2259.48,341.84,8467.08,184.82
2022,1 to 3 bed,All property types,Cork,Euro,1220.57,17875,584156,1230.7152459016395,0.06828363636363637,1818.53,2259.48,341.84,8467.08,184.82
2022,All bedrooms,All property types,Cork,Euro,1208.46,17875,584156,1298.127292225201,0.06760615384615384,1818.53,2259.48,341.84,8467.08,184.82
2022,1 to 2 bed,All property types,Cork,Euro,1204.5,17875,584156,1184.0090322580645,0.06738461538461539,1818.53,2259.48,341.84,8467.08,184.82
2022,All bedrooms,All property types,Cork,Euro,1201.76,17875,584156,1298.127292225201,0.06723132867132867,1818.53,2259.48,341.84,8467.08,184.82
2022,1 to 3 bed,All property types,Cork,Euro,1201.01,17875,584156,1230.7152459016395,0.06718937062937062,1818.53,2259.48,341.84,8467.08,184.82
2022,Two bed,All property types,Cork,Euro,1198.62,17875,584156,1274.9833802816902,0.06705566433566433,1818.53,2259.48,341.84,8467.08,184.82
2022,All bedrooms,All property types,Cork,Euro,1187.49,17875,584156,1298.127292225201,0.066433006993007,1818.53,2259.48,341.84,8467.08,184.82
2022,1 to 3 bed,All property types,Cork,Euro,1180.93,17875,584156,1230.7152459016395,0.06606601398601399,1818.53,2259.48,341.84,8467.08,184.82
2022,Two bed,All property types,Cork,Euro,1179.4,17875,584156,1274.9833802816902,0.06598041958041959,1818.53,2259.48,341.84,8467.08,184.82
2022,1 to 3 bed,All property types,Cork,Euro,1175.45,17875,584156,1230.7152459016395,0.06575944055944057,1818.53,2259.48,341.84,8467.08,184.82
2022,1 to 2 bed,All property types,Cork,Euro,1166.18,17875,584156,1184.0090322580645,0.06524083916083917,1818.53,2259.48,341.84,8467.08,184.82
2022,1 to 3 bed,All property types,Cork,Euro,1165.55,17875,584156,1230.7152459016395,0.0652055944055944,1818.53,2259.48,341.84,8467.08,184.82
2022,Two bed,All property types,Cork,Euro,1164.66,17875,584156,1274.9833802816902,0.0651558041958042,1818.53,2259.48,341.84,8467.08,184.82
2022,1 to 3 bed,All property types,Cork,Euro,1159.4,17875,584156,1230.7152459016395,0.06486153846153847,1818.53,2259.48,341.84,8467.08,184.82
2022,All bedrooms,All property types,Cork,Euro,1148.56,17875,584156,1298.127292225201,0.06425510489510489,1818.53,2259.48,341.84,8467.08,184.82
2022,Three bed,All property types,Cork,Euro,1148.41,17875,584156,1385.131496350365,0.06424671328671329,1818.53,2259.48,341.84,8467.08,184.82
2022,1 to 2 bed,All property types,Cork,Euro,1147.75,17875,584156,1184.0090322580645,0.06420979020979022,1818.53,2259.48,341.84,8467.08,184.82
2022,Four plus bed,All property types,Cork,Euro,1136.51,17875,584156,1680.8637333333334,0.06358097902097902,1818.53,2259.48,341.84,8467.08,184.82
2022,All bedrooms,All property types,Cork,Euro,1131.16,17875,584156,1298.127292225201,0.06328167832167833,1818.53,2259.48,341.84,8467.08,184.82
2022,1 to 3 bed,All property types,Cork,Euro,1130.28,17875,584156,1230.7152459016395,0.06323244755244756,1818.53,2259.48,341.84,8467.08,184.82
2022,Three bed,All property types,Cork,Euro,1126.23,17875,584156,1385.131496350365,0.06300587412587412,1818.53,2259.48,341.84,8467.08,184.82
2022,1 to 2 bed,All property types,Cork,Euro,1117.68,17875,584156,1184.0090322580645,0.06252755244755245,1818.53,2259.48,341.84,8467.08,184.82
2022,1 to 2 bed,All property types,Cork,Euro,1100.82,17875,584156,1184.0090322580645,0.06158433566433566,1818.53,2259.48,341.84,8467.08,184.82
2022,Two bed,All property types,Cork,Euro,1099.78,17875,584156,1274.9833802816902,0.06152615384615384,1818.53,2259.48,341.84,8467.08,184.82
2022,Three bed,All property types,Cork,Euro,1094.51,17875,584156,1385.131496350365,0.06123132867132867,1818.53,2259.48,341.84,8467.08,184.82
2022,1 to 3 bed,All property types,Cork,Euro,1092.36,17875,584156,1230.7152459016395,0.06111104895104894,1818.53,2259.48,341.84,8467.08,184.82
2022,Two bed,All property types,Cork,Euro,1083.15,17875,584156,1274.9833802816902,0.0605958041958042,1818.53,2259.48,341.84,8467.08,184.82
2022,Three bed,All property types,Cork,Euro,1078.19,17875,584156,1385.131496350365,0.060318321678321685,1818.53,2259.48,341.84,8467.08,184.82
2022,Two bed,All property types,Cork,Euro,1071.1,17875,584156,1274.9833802816902,0.059921678321678315,1818.53,2259.48,341.84,8467.08,184.82
2022,Four plus bed,All property types,Cork,Euro,1070.71,17875,584156,1680.8637333333334,0.059899860139860144,1818.53,2259.48,341.84,8467.08,184.82
2022,Two bed,All property types,Cork,Euro,1064.16,17875,584156,1274.9833802816902,0.05953342657342658,1818.53,2259.48,341.84,8467.08,184.82
2022,One bed,All property types,Cork,Euro,1063.55,17875,584156,1057.0936904761904,0.0594993006993007,1818.53,2259.48,341.84,8467.08,184.82
2022,1 to 2 bed,All property types,Cork,Euro,1055.82,17875,584156,1184.0090322580645,0.05906685314685314,1818.53,2259.48,341.84,8467.08,184.82
2022,1 to 2 bed,All property types,Cork,Euro,1055.73,17875,584156,1184.0090322580645,0.05906181818181818,1818.53,2259.48,341.84,8467.08,184.82
2022,All bedrooms,All property types,Cork,Euro,1054.97,17875,584156,1298.127292225201,0.0590193006993007,1818.53,2259.48,341.84,8467.08,184.82
2022,1 to 2 bed,All property types,Cork,Euro,1041.69,17875,584156,1184.0090322580645,0.05827636363636364,1818.53,2259.48,341.84,8467.08,184.82
2022,Three bed,All property types,Cork,Euro,1037.96,17875,584156,1385.131496350365,0.058067692307692306,1818.53,2259.48,341.84,8467.08,184.82
2022,One bed,All property types,Cork,Euro,1032.23,17875,584156,1057.0936904761904,0.057747132867132865,1818.53,2259.48,341.84,8467.08,184.82
2022,1 to 3 bed,All property types,Cork,Euro,1031.03,17875,584156,1230.7152459016395,0.057679999999999995,1818.53,2259.48,341.84,8467.08,184.82
2022,1 to 2 bed,All property types,Cork,Euro,1017.06,17875,584156,1184.0090322580645,0.05689846153846154,1818.53,2259.48,341.84,8467.08,184.82
2022,Three bed,All property types,Cork,Euro,1013.62,17875,584156,1385.131496350365,0.056706013986013985,1818.53,2259.48,341.84,8467.08,184.82
2022,All bedrooms,All property types,Cork,Euro,1012.01,17875,584156,1298.127292225201,0.056615944055944056,1818.53,2259.48,341.84,8467.08,184.82
2022,Three bed,All property types,Cork,Euro,1010.65,17875,584156,1385.131496350365,0.05653986013986014,1818.53,2259.48,341.84,8467.08,184.82
2022,All bedrooms,All property types,Cork,Euro,1002.12,17875,584156,1298.127292225201,0.05606265734265734,1818.53,2259.48,341.84,8467.08,184.82
2022,1 to 3 bed,All property types,Cork,Euro,999.73,17875,584156,1230.7152459016395,0.05592895104895105,1818.53,2259.48,341.84,8467.08,184.82
2022,Two bed,All property types,Cork,Euro,996.74,17875,584156,1274.9833802816902,0.055761678321678325,1818.53,2259.48,341.84,8467.08,184.82
2022,One bed,All property types,Cork,Euro,995.58,17875,584156,1057.0936904761904,0.055696783216783216,1818.53,2259.48,341.84,8467.08,184.82
2022,One bed,All property types,Cork,Euro,995.41,17875,584156,1057.0936904761904,0.055687272727272724,1818.53,2259.48,341.84,8467.08,184.82
2022,All bedrooms,All property types,Cork,Euro,994.88,17875,584156,1298.127292225201,0.055657622377622375,1818.53,2259.48,341.84,8467.08,184.82
2022,All bedrooms,All property types,Cork,Euro,994.32,17875,584156,1298.127292225201,0.05562629370629371,1818.53,2259.48,341.84,8467.08,184.82
2022,1 to 3 bed,All property types,Cork,Euro,994.32,17875,584156,1230.7152459016395,0.05562629370629371,1818.53,2259.48,341.84,8467.08,184.82
2022,1 to 3 bed,All property types,Cork,Euro,993.55,17875,584156,1230.7152459016395,0.05558321678321678,1818.53,2259.48,341.84,8467.08,184.82
2022,All bedrooms,All property types,Cork,Euro,993.37,17875,584156,1298.127292225201,0.055573146853146856,1818.53,2259.48,341.84,8467.08,184.82
2022,Two bed,All property types,Cork,Euro,992.19,17875,584156,1274.9833802816902,0.05550713286713287,1818.53,2259.48,341.84,8467.08,184.82
2022,All bedrooms,All property types,Cork,Euro,988.2,17875,584156,1298.127292225201,0.055283916083916085,1818.53,2259.48,341.84,8467.08,184.82
2022,One bed,All property types,Cork,Euro,987.68,17875,584156,1057.0936904761904,0.05525482517482517,1818.53,2259.48,341.84,8467.08,184.82
2022,1 to 3 bed,All property types,Cork,Euro,974.68,17875,584156,1230.7152459016395,0.054527552447552446,1818.53,2259.48,341.84,8467.08,184.82
2022,Three bed,All property types,Cork,Euro,973.97,17875,584156,1385.131496350365,0.05448783216783217,1818.53,2259.48,341.84,8467.08,184.82
2022,1 to 3 bed,All property types,Cork,Euro,973.77,17875,584156,1230.7152459016395,0.05447664335664336,1818.53,2259.48,341.84,8467.08,184.82
2022,All bedrooms,All property types,Cork,Euro,970.34,17875,584156,1298.127292225201,0.05428475524475525,1818.53,2259.48,341.84,8467.08,184.82
2022,Three bed,All property types,Cork,Euro,960.81,17875,584156,1385.131496350365,0.05375160839160839,1818.53,2259.48,341.84,8467.08,184.82
2022,Three bed,All property types,Cork,Euro,959.83,17875,584156,1385.131496350365,0.05369678321678322,1818.53,2259.48,341.84,8467.08,184.82
2022,1 to 3 bed,All property types,Cork,Euro,953.08,17875,584156,1230.7152459016395,0.05331916083916084,1818.53,2259.48,341.84,8467.08,184.82
2022,One bed,All property types,Cork,Euro,952.96,17875,584156,1057.0936904761904,0.05331244755244755,1818.53,2259.48,341.84,8467.08,184.82
2022,All bedrooms,All property types,Cork,Euro,949.5,17875,584156,1298.127292225201,0.05311888111888112,1818.53,2259.48,341.84,8467.08,184.82
2022,Two bed,All property types,Cork,Euro,948.25,17875,584156,1274.9833802816902,0.05304895104895105,1818.53,2259.48,341.84,8467.08,184.82
2022,Three bed,All property types,Cork,Euro,945.33,17875,584156,1385.131496350365,0.052885594405594406,1818.53,2259.48,341.84,8467.08,184.82
2022,1 to 3 bed,All property types,Cork,Euro,938.29,17875,584156,1230.7152459016395,0.05249174825174825,1818.53,2259.48,341.84,8467.08,184.82
2022,All bedrooms,All property types,Cork,Euro,938.08,17875,584156,1298.127292225201,0.05248,1818.53,2259.48,341.84,8467.08,184.82
2022,Two bed,All property types,Cork,Euro,935.98,17875,584156,1274.9833802816902,0.05236251748251748,1818.53,2259.48,341.84,8467.08,184.82
2022,1 to 2 bed,All property types,Cork,Euro,930.22,17875,584156,1184.0090322580645,0.05204027972027972,1818.53,2259.48,341.84,8467.08,184.82
2022,Four plus bed,All property types,Cork,Euro,922.4,17875,584156,1680.8637333333334,0.0516027972027972,1818.53,2259.48,341.84,8467.08,184.82
2022,1 to 2 bed,All property types,Cork,Euro,915.74,17875,584156,1184.0090322580645,0.05123020979020979,1818.53,2259.48,341.84,8467.08,184.82
2022,1 to 3 bed,All property types,Cork,Euro,904.93,17875,584156,1230.7152459016395,0.05062545454545454,1818.53,2259.48,341.84,8467.08,184.82
2022,All bedrooms,All property types,Cork,Euro,901.31,17875,584156,1298.127292225201,0.05042293706293706,1818.53,2259.48,341.84,8467.08,184.82
2022,Two bed,All property types,Cork,Euro,896.25,17875,584156,1274.9833802816902,0.05013986013986014,1818.53,2259.48,341.84,8467.08,184.82
2022,1 to 3 bed,All property types,Cork,Euro,894.98,17875,584156,1230.7152459016395,0.05006881118881119,1818.53,2259.48,341.84,8467.08,184.82
2022,1 to 2 bed,All property types,Cork,Euro,890.57,17875,584156,1184.0090322580645,0.049822097902097906,1818.53,2259.48,341.84,8467.08,184.82
2022,Three bed,All property types,Cork,Euro,890.4,17875,584156,1385.131496350365,0.049812587412587414,1818.53,2259.48,341.84,8467.08,184.82
2022,1 to 3 bed,All property types,Cork,Euro,882.82,17875,584156,1230.7152459016395,0.04938853146853147,1818.53,2259.48,341.84,8467.08,184.82
2022,All bedrooms,All property types,Cork,Euro,874.99,17875,584156,1298.127292225201,0.04895048951048951,1818.53,2259.48,341.84,8467.08,184.82
2022,All bedrooms,All property types,Cork,Euro,860.44,17875,584156,1298.127292225201,0.0481365034965035,1818.53,2259.48,341.84,8467.08,184.82
2022,All bedrooms,All property types,Cork,Euro,857.89,17875,584156,1298.127292225201,0.04799384615384615,1818.53,2259.48,341.84,8467.08,184.82
2022,Two bed,All property types,Cork,Euro,857.22,17875,584156,1274.9833802816902,0.04795636363636364,1818.53,2259.48,341.84,8467.08,184.82
2022,Three bed,All property types,Cork,Euro,857.14,17875,584156,1385.131496350365,0.04795188811188811,1818.53,2259.48,341.84,8467.08,184.82
2022,One bed,All property types,Cork,Euro,852.75,17875,584156,1057.0936904761904,0.04770629370629371,1818.53,2259.48,341.84,8467.08,184.82
2022,1 to 2 bed,All property types,Cork,Euro,850.89,17875,584156,1184.0090322580645,0.047602237762237765,1818.53,2259.48,341.84,8467.08,184.82
2022,1 to 3 bed,All property types,Cork,Euro,850.2,17875,584156,1230.7152459016395,0.047563636363636363,1818.53,2259.48,341.84,8467.08,184.82
2022,All bedrooms,All property types,Cork,Euro,848.42,17875,584156,1298.127292225201,0.04746405594405594,1818.53,2259.48,341.84,8467.08,184.82
2022,Three bed,All property types,Cork,Euro,844.49,17875,584156,1385.131496350365,0.0472441958041958,1818.53,2259.48,341.84,8467.08,184.82
2022,1 to 2 bed,All property types,Cork,Euro,840.21,17875,584156,1184.0090322580645,0.047004755244755246,1818.53,2259.48,341.84,8467.08,184.82
2022,1 to 3 bed,All property types,Cork,Euro,835.07,17875,584156,1230.7152459016395,0.0467172027972028,1818.53,2259.48,341.84,8467.08,184.82
2022,1 to 2 bed,All property types,Cork,Euro,832.23,17875,584156,1184.0090322580645,0.046558321678321676,1818.53,2259.48,341.84,8467.08,184.82
2022,1 to 3 bed,All property types,Cork,Euro,831.75,17875,584156,1230.7152459016395,0.04653146853146853,1818.53,2259.48,341.84,8467.08,184.82
2022,1 to 3 bed,All property types,Cork,Euro,828.58,17875,584156,1230.7152459016395,0.04635412587412588,1818.53,2259.48,341.84,8467.08,184.82
2022,1 to 2 bed,All property types,Cork,Euro,825.15,17875,584156,1184.0090322580645,0.04616223776223776,1818.53,2259.48,341.84,8467.08,184.82
2022,All bedrooms,All property types,Cork,Euro,819.53,17875,584156,1298.127292225201,0.04584783216783216,1818.53,2259.48,341.84,8467.08,184.82
2022,1 to 2 bed,All property types,Cork,Euro,817.85,17875,584156,1184.0090322580645,0.04575384615384615,1818.53,2259.48,341.84,8467.08,184.82
2022,Two bed,All property types,Cork,Euro,810.61,17875,584156,1274.9833802816902,0.04534881118881119,1818.53,2259.48,341.84,8467.08,184.82
2022,One bed,All property types,Cork,Euro,796.33,17875,584156,1057.0936904761904,0.04454993006993007,1818.53,2259.48,341.84,8467.08,184.82
2022,Two bed,All property types,Cork,Euro,793.82,17875,584156,1274.9833802816902,0.044409510489510494,1818.53,2259.48,341.84,8467.08,184.82
2022,Two bed,All property types,Cork,Euro,791.07,17875,584156,1274.9833802816902,0.04425566433566434,1818.53,2259.48,341.84,8467.08,184.82
2022,1 to 3 bed,All property types,Cork,Euro,790.64,17875,584156,1230.7152459016395,0.04423160839160839,1818.53,2259.48,341.84,8467.08,184.82
2022,All bedrooms,All property types,Cork,Euro,787.65,17875,584156,1298.127292225201,0.044064335664335666,1818.53,2259.48,341.84,8467.08,184.82
2022,Two bed,All property types,Cork,Euro,787.08,17875,584156,1274.9833802816902,0.044032447552447555,1818.53,2259.48,341.84,8467.08,184.82
2022,1 to 2 bed,All property types,Cork,Euro,767.14,17875,584156,1184.0090322580645,0.042916923076923075,1818.53,2259.48,341.84,8467.08,184.82
2022,1 to 3 bed,All property types,Cork,Euro,755.95,17875,584156,1230.7152459016395,0.042290909090909094,1818.53,2259.48,341.84,8467.08,184.82
2022,1 to 2 bed,All property types,Cork,Euro,755.02,17875,584156,1184.0090322580645,0.04223888111888112,1818.53,2259.48,341.84,8467.08,184.82
2022,1 to 2 bed,All property types,Cork,Euro,736.17,17875,584156,1184.0090322580645,0.041184335664335665,1818.53,2259.48,341.84,8467.08,184.82
2022,One bed,All property types,Cork,Euro,719.28,17875,584156,1057.0936904761904,0.04023944055944056,1818.53,2259.48,341.84,8467.08,184.82
2022,1 to 2 bed,All property types,Cork,Euro,714.35,17875,584156,1184.0090322580645,0.03996363636363637,1818.53,2259.48,341.84,8467.08,184.82
2022,Two bed,All property types,Cork,Euro,714.31,17875,584156,1274.9833802816902,0.0399613986013986,1818.53,2259.48,341.84,8467.08,184.82
2022,1 to 2 bed,All property types,Cork,Euro,686.53,17875,584156,1184.0090322580645,0.03840727272727273,1818.53,2259.48,341.84,8467.08,184.82
2022,One bed,All property types,Cork,Euro,680.72,17875,584156,1057.0936904761904,0.038082237762237764,1818.53,2259.48,341.84,8467.08,184.82
2022,One bed,All property types,Cork,Euro,615.42,17875,584156,1057.0936904761904,0.03442909090909091,1818.53,2259.48,341.84,8467.08,184.82
2022,Four plus bed,All property types,Donegal,Euro,933.9,13280,167084,1680.8637333333334,0.07032379518072289,151.96,202.12,48.96,78.69,13.88
2022,Four plus bed,All property types,Donegal,Euro,817.69,13280,167084,1680.8637333333334,0.0615730421686747,151.96,202.12,48.96,78.69,13.88
2022,Three bed,All property types,Donegal,Euro,812.29,13280,167084,1385.131496350365,0.0611664156626506,151.96,202.12,48.96,78.69,13.88
2022,Four plus bed,All property types,Donegal,Euro,812.09,13280,167084,1680.8637333333334,0.06115135542168675,151.96,202.12,48.96,78.69,13.88
2022,All bedrooms,All property types,Donegal,Euro,787.89,13280,167084,1298.127292225201,0.05932906626506024,151.96,202.12,48.96,78.69,13.88
2022,Four plus bed,All property types,Donegal,Euro,746.67,13280,167084,1680.8637333333334,0.05622515060240964,151.96,202.12,48.96,78.69,13.88
2022,1 to 3 bed,All property types,Donegal,Euro,745.93,13280,167084,1230.7152459016395,0.05616942771084337,151.96,202.12,48.96,78.69,13.88
2022,Three bed,All property types,Donegal,Euro,726.56,13280,167084,1385.131496350365,0.054710843373493974,151.96,202.12,48.96,78.69,13.88
2022,Three bed,All property types,Donegal,Euro,724.51,13280,167084,1385.131496350365,0.054556475903614454,151.96,202.12,48.96,78.69,13.88
2022,Two bed,All property types,Donegal,Euro,712.2,13280,167084,1274.9833802816902,0.05362951807228916,151.96,202.12,48.96,78.69,13.88
2022,All bedrooms,All property types,Donegal,Euro,703.3,13280,167084,1298.127292225201,0.05295933734939759,151.96,202.12,48.96,78.69,13.88
2022,1 to 2 bed,All property types,Donegal,Euro,677.77,13280,167084,1184.0090322580645,0.051036897590361445,151.96,202.12,48.96,78.69,13.88
2022,All bedrooms,All property types,Donegal,Euro,667.09,13280,167084,1298.127292225201,0.05023268072289157,151.96,202.12,48.96,78.69,13.88
2022,1 to 3 bed,All property types,Donegal,Euro,666.05,13280,167084,1230.7152459016395,0.050154367469879516,151.96,202.12,48.96,78.69,13.88
2022,Three bed,All property types,Donegal,Euro,663.47,13280,167084,1385.131496350365,0.04996009036144579,151.96,202.12,48.96,78.69,13.88
2022,All bedrooms,All property types,Donegal,Euro,655.23,13280,167084,1298.127292225201,0.049339608433734944,151.96,202.12,48.96,78.69,13.88
2022,Three bed,All property types,Donegal,Euro,648.74,13280,167084,1385.131496350365,0.04885090361445783,151.96,202.12,48.96,78.69,13.88
2022,All bedrooms,All property types,Donegal,Euro,648.24,13280,167084,1298.127292225201,0.0488132530120482,151.96,202.12,48.96,78.69,13.88
2022,All bedrooms,All property types,Donegal,Euro,646.62,13280,167084,1298.127292225201,0.04869126506024096,151.96,202.12,48.96,78.69,13.88
2022,1 to 3 bed,All property types,Donegal,Euro,639.04,13280,167084,1230.7152459016395,0.04812048192771084,151.96,202.12,48.96,78.69,13.88
2022,Two bed,All property types,Donegal,Euro,630.45,13280,167084,1274.9833802816902,0.047473644578313254,151.96,202.12,48.96,78.69,13.88
2022,1 to 3 bed,All property types,Donegal,Euro,625.5,13280,167084,1230.7152459016395,0.04710090361445783,151.96,202.12,48.96,78.69,13.88
2022,All bedrooms,All property types,Donegal,Euro,622.06,13280,167084,1298.127292225201,0.04684186746987951,151.96,202.12,48.96,78.69,13.88
2022,Two bed,All property types,Donegal,Euro,619.15,13280,167084,1274.9833802816902,0.04662274096385542,151.96,202.12,48.96,78.69,13.88
2022,Two bed,All property types,Donegal,Euro,612.2,13280,167084,1274.9833802816902,0.04609939759036145,151.96,202.12,48.96,78.69,13.88
2022,All bedrooms,All property types,Donegal,Euro,610.79,13280,167084,1298.127292225201,0.045993222891566266,151.96,202.12,48.96,78.69,13.88
2022,1 to 2 bed,All property types,Donegal,Euro,605.77,13280,167084,1184.0090322580645,0.04561521084337349,151.96,202.12,48.96,78.69,13.88
2022,1 to 2 bed,All property types,Donegal,Euro,605.63,13280,167084,1184.0090322580645,0.0456046686746988,151.96,202.12,48.96,78.69,13.88
2022,All bedrooms,All property types,Donegal,Euro,603.84,13280,167084,1298.127292225201,0.04546987951807229,151.96,202.12,48.96,78.69,13.88
2022,1 to 3 bed,All property types,Donegal,Euro,602.37,13280,167084,1230.7152459016395,0.04535918674698795,151.96,202.12,48.96,78.69,13.88
2022,1 to 3 bed,All property types,Donegal,Euro,596.55,13280,167084,1230.7152459016395,0.04492093373493976,151.96,202.12,48.96,78.69,13.88
2022,One bed,All property types,Donegal,Euro,596.54,13280,167084,1057.0936904761904,0.04492018072289156,151.96,202.12,48.96,78.69,13.88
2022,1 to 3 bed,All property types,Donegal,Euro,592.12,13280,167084,1230.7152459016395,0.04458734939759036,151.96,202.12,48.96,78.69,13.88
2022,1 to 2 bed,All property types,Donegal,Euro,581.81,13280,167084,1184.0090322580645,0.04381099397590361,151.96,202.12,48.96,78.69,13.88
2022,1 to 3 bed,All property types,Donegal,Euro,579.01,13280,167084,1230.7152459016395,0.04360015060240964,151.96,202.12,48.96,78.69,13.88
2022,1 to 2 bed,All property types,Donegal,Euro,573.46,13280,167084,1184.0090322580645,0.04318222891566265,151.96,202.12,48.96,78.69,13.88
2022,1 to 3 bed,All property types,Donegal,Euro,565.41,13280,167084,1230.7152459016395,0.04257605421686747,151.96,202.12,48.96,78.69,13.88
2022,Three bed,All property types,Donegal,Euro,553.04,13280,167084,1385.131496350365,0.04164457831325301,151.96,202.12,48.96,78.69,13.88
2022,1 to 2 bed,All property types,Donegal,Euro,552.19,13280,167084,1184.0090322580645,0.04158057228915663,151.96,202.12,48.96,78.69,13.88
2022,Two bed,All property types,Donegal,Euro,551.28,13280,167084,1274.9833802816902,0.04151204819277108,151.96,202.12,48.96,78.69,13.88
2022,One bed,All property types,Donegal,Euro,538.09,13280,167084,1057.0936904761904,0.04051882530120482,151.96,202.12,48.96,78.69,13.88
2022,1 to 2 bed,All property types,Donegal,Euro,507.66,13280,167084,1184.0090322580645,0.03822740963855422,151.96,202.12,48.96,78.69,13.88
2022,Four plus bed,All property types,Dublin,Euro,4324.51,18395,1458154,1680.8637333333334,0.2350916009785268,9895.73,13623.77,1383.09,11525.39,792.11
2022,Four plus bed,All property types,Dublin,Euro,4213.17,18395,1458154,1680.8637333333334,0.22903886925795053,9895.73,13623.77,1383.09,11525.39,792.11
2022,Four plus bed,All property types,Dublin,Euro,4188.71,18395,1458154,1680.8637333333334,0.2277091600978527,9895.73,13623.77,1383.09,11525.39,792.11
2022,Four plus bed,All property types,Dublin,Euro,3941.27,18395,1458154,1680.8637333333334,0.21425767871704268,9895.73,13623.77,1383.09,11525.39,792.11
2022,Four plus bed,All property types,Dublin,Euro,3676.63,18395,1458154,1680.8637333333334,0.19987116064147867,9895.73,13623.77,1383.09,11525.39,792.11
2022,Four plus bed,All property types,Dublin,Euro,3585.99,18395,1458154,1680.8637333333334,0.19494373471051915,9895.73,13623.77,1383.09,11525.39,792.11
2022,Four plus bed,All property types,Dublin,Euro,3364.25,18395,1458154,1680.8637333333334,0.18288937211198694,9895.73,13623.77,1383.09,11525.39,792.11
2022,Three bed,All property types,Dublin,Euro,3298.2,18395,1458154,1385.131496350365,0.1792987224789345,9895.73,13623.77,1383.09,11525.39,792.11
2022,Four plus bed,All property types,Dublin,Euro,3293.0,18395,1458154,1680.8637333333334,0.179016036966567,9895.73,13623.77,1383.09,11525.39,792.11
2022,Four plus bed,All property types,Dublin,Euro,3281.75,18395,1458154,1680.8637333333334,0.17840445773307964,9895.73,13623.77,1383.09,11525.39,792.11
2022,Four plus bed,All property types,Dublin,Euro,3270.48,18395,1458154,1680.8637333333334,0.17779179124762165,9895.73,13623.77,1383.09,11525.39,792.11
2022,Four plus bed,All property types,Dublin,Euro,3216.02,18395,1458154,1680.8637333333334,0.17483120413155748,9895.73,13623.77,1383.09,11525.39,792.11
2022,Four plus bed,All property types,Dublin,Euro,3115.88,18395,1458154,1680.8637333333334,0.169387333514542,9895.73,13623.77,1383.09,11525.39,792.11
2022,Four plus bed,All property types,Dublin,Euro,3086.44,18395,1458154,1680.8637333333334,0.16778689861375373,9895.73,13623.77,1383.09,11525.39,792.11
2022,Four plus bed,All property types,Dublin,Euro,3062.55,18395,1458154,1680.8637333333334,0.16648817613481925,9895.73,13623.77,1383.09,11525.39,792.11
2022,Four plus bed,All property types,Dublin,Euro,3013.47,18395,1458154,1680.8637333333334,0.1638200597988584,9895.73,13623.77,1383.09,11525.39,792.11
2022,Four plus bed,All property types,Dublin,Euro,3006.57,18395,1458154,1680.8637333333334,0.16344495786898613,9895.73,13623.77,1383.09,11525.39,792.11
2022,Four plus bed,All property types,Dublin,Euro,2938.04,18395,1458154,1680.8637333333334,0.1597194889915738,9895.73,13623.77,1383.09,11525.39,792.11
2022,All bedrooms,All property types,Dublin,Euro,2933.85,18395,1458154,1298.127292225201,0.15949170970372384,9895.73,13623.77,1383.09,11525.39,792.11
2022,Four plus bed,All property types,Dublin,Euro,2933.23,18395,1458154,1680.8637333333334,0.15945800489263387,9895.73,13623.77,1383.09,11525.39,792.11
2022,Four plus bed,All property types,Dublin,Euro,2912.37,18395,1458154,1680.8637333333334,0.15832400108725198,9895.73,13623.77,1383.09,11525.39,792.11
2022,Four plus bed,All property types,Dublin,Euro,2907.53,18395,1458154,1680.8637333333334,0.1580608861103561,9895.73,13623.77,1383.09,11525.39,792.11
2022,Three bed,All property types,Dublin,Euro,2898.88,18395,1458154,1385.131496350365,0.15759064963305247,9895.73,13623.77,1383.09,11525.39,792.11
2022,All bedrooms,All property types,Dublin,Euro,2865.28,18395,1458154,1298.127292225201,0.15576406632237022,9895.73,13623.77,1383.09,11525.39,792.11
2022,Three bed,All property types,Dublin,Euro,2813.48,18395,1458154,1385.131496350365,0.15294808371840174,9895.73,13623.77,1383.09,11525.39,792.11
2022,Three bed,All property types,Dublin,Euro,2788.09,18395,1458154,1385.131496350365,0.15156781734166894,9895.73,13623.77,1383.09,11525.39,792.11
2022,Four plus bed,All property types,Dublin,Euro,2772.37,18395,1458154,1680.8637333333334,0.15071323729274258,9895.73,13623.77,1383.09,11525.39,792.11
2022,Three bed,All property types,Dublin,Euro,2734.45,18395,1458154,1385.131496350365,0.1486518075564012,9895.73,13623.77,1383.09,11525.39,792.11
2022,Three bed,All property types,Dublin,Euro,2727.07,18395,1458154,1385.131496350365,0.1482506115792335,9895.73,13623.77,1383.09,11525.39,792.11
2022,Three bed,All property types,Dublin,Euro,2726.23,18395,1458154,1385.131496350365,0.14820494699646644,9895.73,13623.77,1383.09,11525.39,792.11
2022,Four plus bed,All property types,Dublin,Euro,2715.31,18395,1458154,1680.8637333333334,0.1476113074204947,9895.73,13623.77,1383.09,11525.39,792.11
2022,All bedrooms,All property types,Dublin,Euro,2709.97,18395,1458154,1298.127292225201,0.1473210111443327,9895.73,13623.77,1383.09,11525.39,792.11
2022,Four plus bed,All property types,Dublin,Euro,2655.67,18395,1458154,1680.8637333333334,0.1443691220440337,9895.73,13623.77,1383.09,11525.39,792.11
2022,Four plus bed,All property types,Dublin,Euro,2613.35,18395,1458154,1680.8637333333334,0.14206849687415057,9895.73,13623.77,1383.09,11525.39,792.11
2022,Three bed,All property types,Dublin,Euro,2611.36,18395,1458154,1385.131496350365,0.1419603153030715,9895.73,13623.77,1383.09,11525.39,792.11
2022,Three bed,All property types,Dublin,Euro,2586.88,18395,1458154,1385.131496350365,0.140629518891003,9895.73,13623.77,1383.09,11525.39,792.11
2022,Three bed,All property types,Dublin,Euro,2563.85,18395,1458154,1385.131496350365,0.1393775482468062,9895.73,13623.77,1383.09,11525.39,792.11
2022,Three bed,All property types,Dublin,Euro,2548.56,18395,1458154,1385.131496350365,0.13854634411524872,9895.73,13623.77,1383.09,11525.39,792.11
2022,Four plus bed,All property types,Dublin,Euro,2543.96,18395,1458154,1680.8637333333334,0.13829627616200055,9895.73,13623.77,1383.09,11525.39,792.11
2022,Three bed,All property types,Dublin,Euro,2493.3,18395,1458154,1385.131496350365,0.1355422669203588,9895.73,13623.77,1383.09,11525.39,792.11
2022,Three bed,All property types,Dublin,Euro,2485.67,18395,1458154,1385.131496350365,0.13512748029355803,9895.73,13623.77,1383.09,11525.39,792.11
2022,Three bed,All property types,Dublin,Euro,2473.57,18395,1458154,1385.131496350365,0.1344696928513183,9895.73,13623.77,1383.09,11525.39,792.11
2022,Four plus bed,All property types,Dublin,Euro,2466.18,18395,1458154,1680.8637333333334,0.13406795324816526,9895.73,13623.77,1383.09,11525.39,792.11
2022,Two bed,All property types,Dublin,Euro,2465.49,18395,1458154,1274.9833802816902,0.13403044305517803,9895.73,13623.77,1383.09,11525.39,792.11
2022,All bedrooms,All property types,Dublin,Euro,2462.86,18395,1458154,1298.127292225201,0.13388746942103832,9895.73,13623.77,1383.09,11525.39,792.11
2022,Three bed,All property types,Dublin,Euro,2455.86,18395,1458154,1385.131496350365,0.13350693123131285,9895.73,13623.77,1383.09,11525.39,792.11
2022,Three bed,All property types,Dublin,Euro,2453.93,18395,1458154,1385.131496350365,0.1334020114161457,9895.73,13623.77,1383.09,11525.39,792.11
2022,All bedrooms,All property types,Dublin,Euro,2443.32,18395,1458154,1298.127292225201,0.13282522424571896,9895.73,13623.77,1383.09,11525.39,792.11
2022,Three bed,All property types,Dublin,Euro,2437.27,18395,1458154,1385.131496350365,0.13249633052459908,9895.73,13623.77,1383.09,11525.39,792.11
2022,Four plus bed,All property types,Dublin,Euro,2435.79,18395,1458154,1680.8637333333334,0.1324158738787714,9895.73,13623.77,1383.09,11525.39,792.11
2022,Three bed,All property types,Dublin,Euro,2430.66,18395,1458154,1385.131496350365,0.13213699374830115,9895.73,13623.77,1383.09,11525.39,792.11
2022,All bedrooms,All property types,Dublin,Euro,2421.71,18395,1458154,1298.127292225201,0.1316504484914379,9895.73,13623.77,1383.09,11525.39,792.11
2022,Three bed,All property types,Dublin,Euro,2404.69,18395,1458154,1385.131496350365,0.13072519706441968,9895.73,13623.77,1383.09,11525.39,792.11
2022,Three bed,All property types,Dublin,Euro,2401.7,18395,1458154,1385.131496350365,0.13056265289480837,9895.73,13623.77,1383.09,11525.39,792.11
2022,Four plus bed,All property types,Dublin,Euro,2400.68,18395,1458154,1680.8637333333334,0.13050720304430552,9895.73,13623.77,1383.09,11525.39,792.11
2022,All bedrooms,All property types,Dublin,Euro,2396.3,18395,1458154,1298.127292225201,0.13026909486273444,9895.73,13623.77,1383.09,11525.39,792.11
2022,All bedrooms,All property types,Dublin,Euro,2391.13,18395,1458154,1298.127292225201,0.12998804022832292,9895.73,13623.77,1383.09,11525.39,792.11
2022,1 to 3 bed,All property types,Dublin,Euro,2391.13,18395,1458154,1230.7152459016395,0.12998804022832292,9895.73,13623.77,1383.09,11525.39,792.11
2022,All bedrooms,All property types,Dublin,Euro,2378.75,18395,1458154,1298.127292225201,0.12931503125849417,9895.73,13623.77,1383.09,11525.39,792.11
2022,All bedrooms,All property types,Dublin,Euro,2369.66,18395,1458154,1298.127292225201,0.12882087523783636,9895.73,13623.77,1383.09,11525.39,792.11
2022,Three bed,All property types,Dublin,Euro,2369.4,18395,1458154,1385.131496350365,0.128806740962218,9895.73,13623.77,1383.09,11525.39,792.11
2022,Three bed,All property types,Dublin,Euro,2357.69,18395,1458154,1385.131496350365,0.12817015493340583,9895.73,13623.77,1383.09,11525.39,792.11
2022,1 to 2 bed,All property types,Dublin,Euro,2355.29,18395,1458154,1184.0090322580645,0.1280396846969285,9895.73,13623.77,1383.09,11525.39,792.11
2022,Three bed,All property types,Dublin,Euro,2350.69,18395,1458154,1385.131496350365,0.12778961674368036,9895.73,13623.77,1383.09,11525.39,792.11
2022,1 to 3 bed,All property types,Dublin,Euro,2328.36,18395,1458154,1230.7152459016395,0.1265756999184561,9895.73,13623.77,1383.09,11525.39,792.11
2022,All bedrooms,All property types,Dublin,Euro,2325.22,18395,1458154,1298.127292225201,0.12640500135906496,9895.73,13623.77,1383.09,11525.39,792.11
2022,Four plus bed,All property types,Dublin,Euro,2324.97,18395,1458154,1680.8637333333334,0.1263914107094319,9895.73,13623.77,1383.09,11525.39,792.11
2022,All bedrooms,All property types,Dublin,Euro,2319.38,18395,1458154,1298.127292225201,0.12608752378363686,9895.73,13623.77,1383.09,11525.39,792.11
2022,Two bed,All property types,Dublin,Euro,2319.38,18395,1458154,1274.9833802816902,0.12608752378363686,9895.73,13623.77,1383.09,11525.39,792.11
2022,Two bed,All property types,Dublin,Euro,2311.47,18395,1458154,1274.9833802816902,0.12565751562924707,9895.73,13623.77,1383.09,11525.39,792.11
2022,Three bed,All property types,Dublin,Euro,2305.5,18395,1458154,1385.131496350365,0.12533297091600978,9895.73,13623.77,1383.09,11525.39,792.11
2022,1 to 3 bed,All property types,Dublin,Euro,2300.76,18395,1458154,1230.7152459016395,0.12507529219896713,9895.73,13623.77,1383.09,11525.39,792.11
2022,Three bed,All property types,Dublin,Euro,2296.52,18395,1458154,1385.131496350365,0.12484479478119054,9895.73,13623.77,1383.09,11525.39,792.11
2022,Three bed,All property types,Dublin,Euro,2290.1,18395,1458154,1385.131496350365,0.12449578689861375,9895.73,13623.77,1383.09,11525.39,792.11
2022,1 to 3 bed,All property types,Dublin,Euro,2272.65,18395,1458154,1230.7152459016395,0.1235471595542267,9895.73,13623.77,1383.09,11525.39,792.11
2022,Three bed,All property types,Dublin,Euro,2269.31,18395,1458154,1385.131496350365,0.12336558847512911,9895.73,13623.77,1383.09,11525.39,792.11
2022,Three bed,All property types,Dublin,Euro,2269.3,18395,1458154,1385.131496350365,0.1233650448491438,9895.73,13623.77,1383.09,11525.39,792.11
2022,All bedrooms,All property types,Dublin,Euro,2260.94,18395,1458154,1298.127292225201,0.12291057352541451,9895.73,13623.77,1383.09,11525.39,792.11
2022,All bedrooms,All property types,Dublin,Euro,2257.36,18395,1458154,1298.127292225201,0.1227159554226692,9895.73,13623.77,1383.09,11525.39,792.11
2022,1 to 3 bed,All property types,Dublin,Euro,2257.36,18395,1458154,1230.7152459016395,0.1227159554226692,9895.73,13623.77,1383.09,11525.39,792.11
2022,All bedrooms,All property types,Dublin,Euro,2248.3,18395,1458154,1298.127292225201,0.12222343027996739,9895.73,13623.77,1383.09,11525.39,792.11
2022,Three bed,All property types,Dublin,Euro,2247.94,18395,1458154,1385.131496350365,0.1222038597444958,9895.73,13623.77,1383.09,11525.39,792.11
2022,Four plus bed,All property types,Dublin,Euro,2241.21,18395,1458154,1680.8637333333334,0.12183799945637401,9895.73,13623.77,1383.09,11525.39,792.11
2022,1 to 2 bed,All property types,Dublin,Euro,2231.09,18395,1458154,1184.0090322580645,0.12128784995922806,9895.73,13623.77,1383.09,11525.39,792.11
2022,Two bed,All property types,Dublin,Euro,2229.49,18395,1458154,1274.9833802816902,0.1212008698015765,9895.73,13623.77,1383.09,11525.39,792.11
2022,1 to 3 bed,All property types,Dublin,Euro,2221.44,18395,1458154,1230.7152459016395,0.12076325088339222,9895.73,13623.77,1383.09,11525.39,792.11
2022,All bedrooms,All property types,Dublin,Euro,2205.82,18395,1458154,1298.127292225201,0.11991410709431911,9895.73,13623.77,1383.09,11525.39,792.11
2022,Three bed,All property types,Dublin,Euro,2201.3,18395,1458154,1385.131496350365,0.11966838814895353,9895.73,13623.77,1383.09,11525.39,792.11
2022,All bedrooms,All property types,Dublin,Euro,2201.26,18395,1458154,1298.127292225201,0.11966621364501225,9895.73,13623.77,1383.09,11525.39,792.11
2022,Three bed,All property types,Dublin,Euro,2201.15,18395,1458154,1385.131496350365,0.11966023375917369,9895.73,13623.77,1383.09,11525.39,792.11
2022,Four plus bed,All property types,Dublin,Euro,2195.19,18395,1458154,1680.8637333333334,0.11933623267192173,9895.73,13623.77,1383.09,11525.39,792.11
2022,Two bed,All property types,Dublin,Euro,2183.87,18395,1458154,1274.9833802816902,0.1187208480565371,9895.73,13623.77,1383.09,11525.39,792.11
2022,1 to 2 bed,All property types,Dublin,Euro,2182.6,18395,1458154,1184.0090322580645,0.11865180755640119,9895.73,13623.77,1383.09,11525.39,792.11
2022,Three bed,All property types,Dublin,Euro,2177.36,18395,1458154,1385.131496350365,0.11836694754009243,9895.73,13623.77,1383.09,11525.39,792.11
2022,1 to 3 bed,All property types,Dublin,Euro,2174.78,18395,1458154,1230.7152459016395,0.11822669203587932,9895.73,13623.77,1383.09,11525.39,792.11
2022,Three bed,All property types,Dublin,Euro,2172.8,18395,1458154,1385.131496350365,0.11811905409078555,9895.73,13623.77,1383.09,11525.39,792.11
2022,Three bed,All property types,Dublin,Euro,2161.16,18395,1458154,1385.131496350365,0.11748627344387061,9895.73,13623.77,1383.09,11525.39,792.11
2022,All bedrooms,All property types,Dublin,Euro,2152.15,18395,1458154,1298.127292225201,0.11699646643109542,9895.73,13623.77,1383.09,11525.39,792.11
2022,Three bed,All property types,Dublin,Euro,2150.46,18395,1458154,1385.131496350365,0.11690459363957598,9895.73,13623.77,1383.09,11525.39,792.11
2022,1 to 3 bed,All property types,Dublin,Euro,2141.15,18395,1458154,1230.7152459016395,0.1163984778472411,9895.73,13623.77,1383.09,11525.39,792.11
2022,Three bed,All property types,Dublin,Euro,2140.0,18395,1458154,1385.131496350365,0.11633596085892906,9895.73,13623.77,1383.09,11525.39,792.11
2022,1 to 3 bed,All property types,Dublin,Euro,2139.52,18395,1458154,1230.7152459016395,0.11630986681163359,9895.73,13623.77,1383.09,11525.39,792.11
2022,Three bed,All property types,Dublin,Euro,2137.59,18395,1458154,1385.131496350365,0.11620494699646644,9895.73,13623.77,1383.09,11525.39,792.11
2022,Three bed,All property types,Dublin,Euro,2129.01,18395,1458154,1385.131496350365,0.11573851590106009,9895.73,13623.77,1383.09,11525.39,792.11
2022,Two bed,All property types,Dublin,Euro,2128.04,18395,1458154,1274.9833802816902,0.11568578418048382,9895.73,13623.77,1383.09,11525.39,792.11
2022,Two bed,All property types,Dublin,Euro,2126.73,18395,1458154,1274.9833802816902,0.11561456917640664,9895.73,13623.77,1383.09,11525.39,792.11
2022,All bedrooms,All property types,Dublin,Euro,2123.84,18395,1458154,1298.127292225201,0.11545746126664855,9895.73,13623.77,1383.09,11525.39,792.11
2022,1 to 3 bed,All property types,Dublin,Euro,2123.84,18395,1458154,1230.7152459016395,0.11545746126664855,9895.73,13623.77,1383.09,11525.39,792.11
2022,Three bed,All property types,Dublin,Euro,2117.31,18395,1458154,1385.131496350365,0.11510247349823322,9895.73,13623.77,1383.09,11525.39,792.11
2022,Three bed,All property types,Dublin,Euro,2116.21,18395,1458154,1385.131496350365,0.11504267463984778,9895.73,13623.77,1383.09,11525.39,792.11
2022,Two bed,All property types,Dublin,Euro,2113.83,18395,1458154,1274.9833802816902,0.11491329165534112,9895.73,13623.77,1383.09,11525.39,792.11
2022,Three bed,All property types,Dublin,Euro,2112.73,18395,1458154,1385.131496350365,0.1148534927969557,9895.73,13623.77,1383.09,11525.39,792.11
2022,Two bed,All property types,Dublin,Euro,2111.6,18395,1458154,1274.9833802816902,0.11479206306061429,9895.73,13623.77,1383.09,11525.39,792.11
2022,All bedrooms,All property types,Dublin,Euro,2109.05,18395,1458154,1298.127292225201,0.11465343843435717,9895.73,13623.77,1383.09,11525.39,792.11
2022,Two bed,All property types,Dublin,Euro,2108.91,18395,1458154,1274.9833802816902,0.11464582767056264,9895.73,13623.77,1383.09,11525.39,792.11
2022,1 to 2 bed,All property types,Dublin,Euro,2108.76,18395,1458154,1184.0090322580645,0.11463767328078284,9895.73,13623.77,1383.09,11525.39,792.11
2022,All bedrooms,All property types,Dublin,Euro,2103.97,18395,1458154,1298.127292225201,0.11437727643381353,9895.73,13623.77,1383.09,11525.39,792.11
2022,Three bed,All property types,Dublin,Euro,2101.04,18395,1458154,1385.131496350365,0.11421799402011416,9895.73,13623.77,1383.09,11525.39,792.11
2022,All bedrooms,All property types,Dublin,Euro,2099.82,18395,1458154,1298.127292225201,0.11415167164990488,9895.73,13623.77,1383.09,11525.39,792.11
2022,All bedrooms,All property types,Dublin,Euro,2098.39,18395,1458154,1298.127292225201,0.1140739331340038,9895.73,13623.77,1383.09,11525.39,792.11
2022,All bedrooms,All property types,Dublin,Euro,2098.07,18395,1458154,1298.127292225201,0.1140565371024735,9895.73,13623.77,1383.09,11525.39,792.11
2022,Two bed,All property types,Dublin,Euro,2086.19,18395,1458154,1274.9833802816902,0.11341070943191085,9895.73,13623.77,1383.09,11525.39,792.11
2022,All bedrooms,All property types,Dublin,Euro,2076.69,18395,1458154,1298.127292225201,0.11289426474585486,9895.73,13623.77,1383.09,11525.39,792.11
2022,Four plus bed,All property types,Dublin,Euro,2070.6,18395,1458154,1680.8637333333334,0.11256319652079369,9895.73,13623.77,1383.09,11525.39,792.11
2022,All bedrooms,All property types,Dublin,Euro,2069.45,18395,1458154,1298.127292225201,0.11250067953248165,9895.73,13623.77,1383.09,11525.39,792.11
2022,Two bed,All property types,Dublin,Euro,2064.34,18395,1458154,1274.9833802816902,0.11222288665398207,9895.73,13623.77,1383.09,11525.39,792.11
2022,All bedrooms,All property types,Dublin,Euro,2062.96,18395,1458154,1298.127292225201,0.11214786626800761,9895.73,13623.77,1383.09,11525.39,792.11
2022,All bedrooms,All property types,Dublin,Euro,2059.67,18395,1458154,1298.127292225201,0.11196901331883664,9895.73,13623.77,1383.09,11525.39,792.11
2022,1 to 3 bed,All property types,Dublin,Euro,2059.45,18395,1458154,1230.7152459016395,0.11195705354715954,9895.73,13623.77,1383.09,11525.39,792.11
2022,1 to 3 bed,All property types,Dublin,Euro,2058.88,18395,1458154,1230.7152459016395,0.1119260668659962,9895.73,13623.77,1383.09,11525.39,792.11
2022,1 to 3 bed,All property types,Dublin,Euro,2057.83,18395,1458154,1230.7152459016395,0.11186898613753737,9895.73,13623.77,1383.09,11525.39,792.11
2022,All bedrooms,All property types,Dublin,Euro,2056.75,18395,1458154,1298.127292225201,0.11181027453112259,9895.73,13623.77,1383.09,11525.39,792.11
2022,1 to 2 bed,All property types,Dublin,Euro,2056.68,18395,1458154,1184.0090322580645,0.11180646914922532,9895.73,13623.77,1383.09,11525.39,792.11
2022,Two bed,All property types,Dublin,Euro,2054.65,18395,1458154,1274.9833802816902,0.11169611307420495,9895.73,13623.77,1383.09,11525.39,792.11
2022,Two bed,All property types,Dublin,Euro,2049.28,18395,1458154,1274.9833802816902,0.111404185920087,9895.73,13623.77,1383.09,11525.39,792.11
2022,1 to 3 bed,All property types,Dublin,Euro,2046.42,18395,1458154,1230.7152459016395,0.11124870888828486,9895.73,13623.77,1383.09,11525.39,792.11
2022,1 to 3 bed,All property types,Dublin,Euro,2045.99,18395,1458154,1230.7152459016395,0.11122533297091601,9895.73,13623.77,1383.09,11525.39,792.11
2022,1 to 3 bed,All property types,Dublin,Euro,2042.83,18395,1458154,1230.7152459016395,0.11105354715955422,9895.73,13623.77,1383.09,11525.39,792.11
2022,Two bed,All property types,Dublin,Euro,2041.1,18395,1458154,1274.9833802816902,0.1109594998640935,9895.73,13623.77,1383.09,11525.39,792.11
2022,Two bed,All property types,Dublin,Euro,2040.41,18395,1458154,1274.9833802816902,0.11092198967110628,9895.73,13623.77,1383.09,11525.39,792.11
2022,1 to 3 bed,All property types,Dublin,Euro,2039.58,18395,1458154,1230.7152459016395,0.11087686871432455,9895.73,13623.77,1383.09,11525.39,792.11
2022,Two bed,All property types,Dublin,Euro,2034.61,18395,1458154,1274.9833802816902,0.11060668659961946,9895.73,13623.77,1383.09,11525.39,792.11
2022,Three bed,All property types,Dublin,Euro,2034.3,18395,1458154,1385.131496350365,0.11058983419407448,9895.73,13623.77,1383.09,11525.39,792.11
2022,1 to 3 bed,All property types,Dublin,Euro,2032.66,18395,1458154,1230.7152459016395,0.11050067953248166,9895.73,13623.77,1383.09,11525.39,792.11
2022,Two bed,All property types,Dublin,Euro,2024.86,18395,1458154,1274.9833802816902,0.11007665126393042,9895.73,13623.77,1383.09,11525.39,792.11
2022,1 to 3 bed,All property types,Dublin,Euro,2022.27,18395,1458154,1230.7152459016395,0.109935852133732,9895.73,13623.77,1383.09,11525.39,792.11
2022,1 to 2 bed,All property types,Dublin,Euro,2020.77,18395,1458154,1184.0090322580645,0.10985430823593367,9895.73,13623.77,1383.09,11525.39,792.11
2022,1 to 3 bed,All property types,Dublin,Euro,2018.57,18395,1458154,1230.7152459016395,0.10973471051916281,9895.73,13623.77,1383.09,11525.39,792.11
2022,All bedrooms,All property types,Dublin,Euro,2017.85,18395,1458154,1298.127292225201,0.10969556944821962,9895.73,13623.77,1383.09,11525.39,792.11
2022,Three bed,All property types,Dublin,Euro,2017.76,18395,1458154,1385.131496350365,0.10969067681435173,9895.73,13623.77,1383.09,11525.39,792.11
2022,1 to 3 bed,All property types,Dublin,Euro,2017.55,18395,1458154,1230.7152459016395,0.10967926066865996,9895.73,13623.77,1383.09,11525.39,792.11
2022,Three bed,All property types,Dublin,Euro,2012.66,18395,1458154,1385.131496350365,0.10941342756183746,9895.73,13623.77,1383.09,11525.39,792.11
2022,Three bed,All property types,Dublin,Euro,2012.05,18395,1458154,1385.131496350365,0.1093802663767328,9895.73,13623.77,1383.09,11525.39,792.11
2022,1 to 2 bed,All property types,Dublin,Euro,2011.29,18395,1458154,1184.0090322580645,0.10933895080184833,9895.73,13623.77,1383.09,11525.39,792.11
2022,Two bed,All property types,Dublin,Euro,2007.82,18395,1458154,1274.9833802816902,0.10915031258494155,9895.73,13623.77,1383.09,11525.39,792.11
2022,Three bed,All property types,Dublin,Euro,2005.68,18395,1458154,1385.131496350365,0.10903397662408264,9895.73,13623.77,1383.09,11525.39,792.11
2022,1 to 3 bed,All property types,Dublin,Euro,2004.38,18395,1458154,1230.7152459016395,0.10896330524599077,9895.73,13623.77,1383.09,11525.39,792.11
2022,Two bed,All property types,Dublin,Euro,2004.02,18395,1458154,1274.9833802816902,0.10894373471051916,9895.73,13623.77,1383.09,11525.39,792.11
2022,All bedrooms,All property types,Dublin,Euro,2002.39,18395,1458154,1298.127292225201,0.10885512367491167,9895.73,13623.77,1383.09,11525.39,792.11
2022,Two bed,All property types,Dublin,Euro,2001.16,18395,1458154,1274.9833802816902,0.10878825767871704,9895.73,13623.77,1383.09,11525.39,792.11
2022,Three bed,All property types,Dublin,Euro,1999.33,18395,1458154,1385.131496350365,0.1086887741234031,9895.73,13623.77,1383.09,11525.39,792.11
2022,All bedrooms,All property types,Dublin,Euro,1998.72,18395,1458154,1298.127292225201,0.10865561293829845,9895.73,13623.77,1383.09,11525.39,792.11
2022,1 to 3 bed,All property types,Dublin,Euro,1990.69,18395,1458154,1230.7152459016395,0.10821908127208481,9895.73,13623.77,1383.09,11525.39,792.11
2022,1 to 2 bed,All property types,Dublin,Euro,1990.2,18395,1458154,1184.0090322580645,0.10819244359880402,9895.73,13623.77,1383.09,11525.39,792.11
2022,Three bed,All property types,Dublin,Euro,1990.17,18395,1458154,1385.131496350365,0.10819081272084806,9895.73,13623.77,1383.09,11525.39,792.11
2022,All bedrooms,All property types,Dublin,Euro,1988.71,18395,1458154,1298.127292225201,0.10811144332699103,9895.73,13623.77,1383.09,11525.39,792.11
2022,Three bed,All property types,Dublin,Euro,1988.13,18395,1458154,1385.131496350365,0.10807991301984235,9895.73,13623.77,1383.09,11525.39,792.11
2022,All bedrooms,All property types,Dublin,Euro,1988.02,18395,1458154,1298.127292225201,0.1080739331340038,9895.73,13623.77,1383.09,11525.39,792.11
2022,1 to 2 bed,All property types,Dublin,Euro,1986.57,18395,1458154,1184.0090322580645,0.1079951073661321,9895.73,13623.77,1383.09,11525.39,792.11
2022,1 to 2 bed,All property types,Dublin,Euro,1986.39,18395,1458154,1184.0090322580645,0.10798532209839631,9895.73,13623.77,1383.09,11525.39,792.11
2022,Two bed,All property types,Dublin,Euro,1981.3,18395,1458154,1274.9833802816902,0.10770861647186736,9895.73,13623.77,1383.09,11525.39,792.11
2022,Two bed,All property types,Dublin,Euro,1979.26,18395,1458154,1274.9833802816902,0.10759771677086165,9895.73,13623.77,1383.09,11525.39,792.11
2022,Two bed,All property types,Dublin,Euro,1977.76,18395,1458154,1274.9833802816902,0.10751617287306334,9895.73,13623.77,1383.09,11525.39,792.11
2022,Three bed,All property types,Dublin,Euro,1976.94,18395,1458154,1385.131496350365,0.10747159554226693,9895.73,13623.77,1383.09,11525.39,792.11
2022,All bedrooms,All property types,Dublin,Euro,1973.08,18395,1458154,1298.127292225201,0.10726175591193259,9895.73,13623.77,1383.09,11525.39,792.11
2022,All bedrooms,All property types,Dublin,Euro,1969.86,18395,1458154,1298.127292225201,0.10708670834465887,9895.73,13623.77,1383.09,11525.39,792.11
2022,1 to 2 bed,All property types,Dublin,Euro,1969.71,18395,1458154,1184.0090322580645,0.10707855395487904,9895.73,13623.77,1383.09,11525.39,792.11
2022,All bedrooms,All property types,Dublin,Euro,1968.8,18395,1458154,1298.127292225201,0.10702908399021473,9895.73,13623.77,1383.09,11525.39,792.11
2022,1 to 3 bed,All property types,Dublin,Euro,1966.55,18395,1458154,1230.7152459016395,0.10690676814351725,9895.73,13623.77,1383.09,11525.39,792.11
2022,Three bed,All property types,Dublin,Euro,1966.21,18395,1458154,1385.131496350365,0.10688828486001631,9895.73,13623.77,1383.09,11525.39,792.11
2022,Two bed,All property types,Dublin,Euro,1965.41,18395,1458154,1274.9833802816902,0.10684479478119055,9895.73,13623.77,1383.09,11525.39,792.11
2022,Three bed,All property types,Dublin,Euro,1963.61,18395,1458154,1385.131496350365,0.10674694210383255,9895.73,13623.77,1383.09,11525.39,792.11
2022,Three bed,All property types,Dublin,Euro,1963.58,18395,1458154,1385.131496350365,0.10674531122587659,9895.73,13623.77,1383.09,11525.39,792.11
2022,Two bed,All property types,Dublin,Euro,1960.69,18395,1458154,1274.9833802816902,0.10658820331611851,9895.73,13623.77,1383.09,11525.39,792.11
2022,1 to 3 bed,All property types,Dublin,Euro,1959.25,18395,1458154,1230.7152459016395,0.10650992117423212,9895.73,13623.77,1383.09,11525.39,792.11
2022,1 to 3 bed,All property types,Dublin,Euro,1958.51,18395,1458154,1230.7152459016395,0.1064696928513183,9895.73,13623.77,1383.09,11525.39,792.11
2022,Two bed,All property types,Dublin,Euro,1956.58,18395,1458154,1274.9833802816902,0.10636477303615112,9895.73,13623.77,1383.09,11525.39,792.11
2022,1 to 2 bed,All property types,Dublin,Euro,1952.02,18395,1458154,1184.0090322580645,0.10611687958684425,9895.73,13623.77,1383.09,11525.39,792.11
2022,Two bed,All property types,Dublin,Euro,1951.61,18395,1458154,1274.9833802816902,0.10609459092144603,9895.73,13623.77,1383.09,11525.39,792.11
2022,Two bed,All property types,Dublin,Euro,1947.7,18395,1458154,1274.9833802816902,0.10588203316118511,9895.73,13623.77,1383.09,11525.39,792.11
2022,All bedrooms,All property types,Dublin,Euro,1947.18,18395,1458154,1298.127292225201,0.10585376460994836,9895.73,13623.77,1383.09,11525.39,792.11
2022,1 to 2 bed,All property types,Dublin,Euro,1946.33,18395,1458154,1184.0090322580645,0.10580755640119598,9895.73,13623.77,1383.09,11525.39,792.11
2022,Three bed,All property types,Dublin,Euro,1944.38,18395,1458154,1385.131496350365,0.10570154933405818,9895.73,13623.77,1383.09,11525.39,792.11
2022,Two bed,All property types,Dublin,Euro,1938.82,18395,1458154,1274.9833802816902,0.10539929328621908,9895.73,13623.77,1383.09,11525.39,792.11
2022,1 to 3 bed,All property types,Dublin,Euro,1937.04,18395,1458154,1230.7152459016395,0.10530252786083175,9895.73,13623.77,1383.09,11525.39,792.11
2022,All bedrooms,All property types,Dublin,Euro,1935.66,18395,1458154,1298.127292225201,0.1052275074748573,9895.73,13623.77,1383.09,11525.39,792.11
2022,Two bed,All property types,Dublin,Euro,1934.87,18395,1458154,1274.9833802816902,0.10518456102201684,9895.73,13623.77,1383.09,11525.39,792.11
2022,1 to 2 bed,All property types,Dublin,Euro,1933.92,18395,1458154,1184.0090322580645,0.10513291655341125,9895.73,13623.77,1383.09,11525.39,792.11
2022,All bedrooms,All property types,Dublin,Euro,1933.12,18395,1458154,1298.127292225201,0.10508942647458548,9895.73,13623.77,1383.09,11525.39,792.11
2022,Four plus bed,All property types,Dublin,Euro,1927.06,18395,1458154,1680.8637333333334,0.10475998912748029,9895.73,13623.77,1383.09,11525.39,792.11
2022,1 to 2 bed,All property types,Dublin,Euro,1924.86,18395,1458154,1184.0090322580645,0.10464039141070942,9895.73,13623.77,1383.09,11525.39,792.11
2022,Three bed,All property types,Dublin,Euro,1922.84,18395,1458154,1385.131496350365,0.10453057896167436,9895.73,13623.77,1383.09,11525.39,792.11
2022,1 to 3 bed,All property types,Dublin,Euro,1921.87,18395,1458154,1230.7152459016395,0.10447784724109811,9895.73,13623.77,1383.09,11525.39,792.11
2022,Three bed,All property types,Dublin,Euro,1921.83,18395,1458154,1385.131496350365,0.10447567273715683,9895.73,13623.77,1383.09,11525.39,792.11
2022,1 to 2 bed,All property types,Dublin,Euro,1920.19,18395,1458154,1184.0090322580645,0.10438651807556401,9895.73,13623.77,1383.09,11525.39,792.11
2022,Three bed,All property types,Dublin,Euro,1919.11,18395,1458154,1385.131496350365,0.10432780646914921,9895.73,13623.77,1383.09,11525.39,792.11
2022,Two bed,All property types,Dublin,Euro,1919.05,18395,1458154,1274.9833802816902,0.1043245447132373,9895.73,13623.77,1383.09,11525.39,792.11
2022,1 to 2 bed,All property types,Dublin,Euro,1918.92,18395,1458154,1184.0090322580645,0.10431747757542811,9895.73,13623.77,1383.09,11525.39,792.11
2022,Three bed,All property types,Dublin,Euro,1915.99,18395,1458154,1385.131496350365,0.10415819516172874,9895.73,13623.77,1383.09,11525.39,792.11
2022,All bedrooms,All property types,Dublin,Euro,1904.4,18395,1458154,1298.127292225201,0.10352813264474042,9895.73,13623.77,1383.09,11525.39,792.11
2022,All bedrooms,All property types,Dublin,Euro,1904.32,18395,1458154,1298.127292225201,0.10352378363685784,9895.73,13623.77,1383.09,11525.39,792.11
2022,1 to 3 bed,All property types,Dublin,Euro,1904.32,18395,1458154,1230.7152459016395,0.10352378363685784,9895.73,13623.77,1383.09,11525.39,792.11
2022,1 to 2 bed,All property types,Dublin,Euro,1903.22,18395,1458154,1184.0090322580645,0.1034639847784724,9895.73,13623.77,1383.09,11525.39,792.11
2022,Three bed,All property types,Dublin,Euro,1902.1,18395,1458154,1385.131496350365,0.10340309866811632,9895.73,13623.77,1383.09,11525.39,792.11
2022,All bedrooms,All property types,Dublin,Euro,1901.34,18395,1458154,1298.127292225201,0.10336178309323185,9895.73,13623.77,1383.09,11525.39,792.11
2022,All bedrooms,All property types,Dublin,Euro,1899.9,18395,1458154,1298.127292225201,0.10328350095134547,9895.73,13623.77,1383.09,11525.39,792.11
2022,Four plus bed,All property types,Dublin,Euro,1898.88,18395,1458154,1680.8637333333334,0.10322805110084263,9895.73,13623.77,1383.09,11525.39,792.11
2022,All bedrooms,All property types,Dublin,Euro,1895.99,18395,1458154,1298.127292225201,0.10307094319108454,9895.73,13623.77,1383.09,11525.39,792.11
2022,All bedrooms,All property types,Dublin,Euro,1895.99,18395,1458154,1298.127292225201,0.10307094319108454,9895.73,13623.77,1383.09,11525.39,792.11
2022,All bedrooms,All property types,Dublin,Euro,1894.74,18395,1458154,1298.127292225201,0.10300298994291927,9895.73,13623.77,1383.09,11525.39,792.11
2022,Two bed,All property types,Dublin,Euro,1892.57,18395,1458154,1274.9833802816902,0.10288502310410437,9895.73,13623.77,1383.09,11525.39,792.11
2022,1 to 3 bed,All property types,Dublin,Euro,1892.08,18395,1458154,1230.7152459016395,0.1028583854308236,9895.73,13623.77,1383.09,11525.39,792.11
2022,All bedrooms,All property types,Dublin,Euro,1889.85,18395,1458154,1298.127292225201,0.10273715683609676,9895.73,13623.77,1383.09,11525.39,792.11
2022,Two bed,All property types,Dublin,Euro,1889.33,18395,1458154,1274.9833802816902,0.10270888828486001,9895.73,13623.77,1383.09,11525.39,792.11
2022,Three bed,All property types,Dublin,Euro,1889.0,18395,1458154,1385.131496350365,0.10269094862734439,9895.73,13623.77,1383.09,11525.39,792.11
2022,1 to 3 bed,All property types,Dublin,Euro,1887.57,18395,1458154,1230.7152459016395,0.10261321011144332,9895.73,13623.77,1383.09,11525.39,792.11
2022,1 to 2 bed,All property types,Dublin,Euro,1887.54,18395,1458154,1184.0090322580645,0.10261157923348736,9895.73,13623.77,1383.09,11525.39,792.11
2022,1 to 3 bed,All property types,Dublin,Euro,1885.27,18395,1458154,1230.7152459016395,0.10248817613481924,9895.73,13623.77,1383.09,11525.39,792.11
2022,Two bed,All property types,Dublin,Euro,1884.51,18395,1458154,1274.9833802816902,0.10244686055993477,9895.73,13623.77,1383.09,11525.39,792.11
2022,Four plus bed,All property types,Dublin,Euro,1884.46,18395,1458154,1680.8637333333334,0.10244414243000816,9895.73,13623.77,1383.09,11525.39,792.11
2022,All bedrooms,All property types,Dublin,Euro,1883.36,18395,1458154,1298.127292225201,0.10238434357162272,9895.73,13623.77,1383.09,11525.39,792.11
2022,1 to 2 bed,All property types,Dublin,Euro,1878.53,18395,1458154,1184.0090322580645,0.10212177222071214,9895.73,13623.77,1383.09,11525.39,792.11
2022,Three bed,All property types,Dublin,Euro,1877.47,18395,1458154,1385.131496350365,0.10206414786626801,9895.73,13623.77,1383.09,11525.39,792.11
2022,All bedrooms,All property types,Dublin,Euro,1873.97,18395,1458154,1298.127292225201,0.10187387877140527,9895.73,13623.77,1383.09,11525.39,792.11
2022,1 to 3 bed,All property types,Dublin,Euro,1873.72,18395,1458154,1230.7152459016395,0.10186028812177222,9895.73,13623.77,1383.09,11525.39,792.11
2022,All bedrooms,All property types,Dublin,Euro,1873.69,18395,1458154,1298.127292225201,0.10185865724381626,9895.73,13623.77,1383.09,11525.39,792.11
2022,All bedrooms,All property types,Dublin,Euro,1872.38,18395,1458154,1298.127292225201,0.10178744223973907,9895.73,13623.77,1383.09,11525.39,792.11
2022,1 to 3 bed,All property types,Dublin,Euro,1872.38,18395,1458154,1230.7152459016395,0.10178744223973907,9895.73,13623.77,1383.09,11525.39,792.11
2022,1 to 3 bed,All property types,Dublin,Euro,1871.82,18395,1458154,1230.7152459016395,0.10175699918456102,9895.73,13623.77,1383.09,11525.39,792.11
2022,Two bed,All property types,Dublin,Euro,1870.83,18395,1458154,1274.9833802816902,0.10170318021201413,9895.73,13623.77,1383.09,11525.39,792.11
2022,One bed,All property types,Dublin,Euro,1870.73,18395,1458154,1057.0936904761904,0.10169774395216091,9895.73,13623.77,1383.09,11525.39,792.11
2022,1 to 2 bed,All property types,Dublin,Euro,1868.67,18395,1458154,1184.0090322580645,0.10158575699918457,9895.73,13623.77,1383.09,11525.39,792.11
2022,1 to 3 bed,All property types,Dublin,Euro,1868.18,18395,1458154,1230.7152459016395,0.10155911932590378,9895.73,13623.77,1383.09,11525.39,792.11
2022,All bedrooms,All property types,Dublin,Euro,1868.14,18395,1458154,1298.127292225201,0.1015569448219625,9895.73,13623.77,1383.09,11525.39,792.11
2022,1 to 2 bed,All property types,Dublin,Euro,1866.64,18395,1458154,1184.0090322580645,0.10147540092416418,9895.73,13623.77,1383.09,11525.39,792.11
2022,Two bed,All property types,Dublin,Euro,1865.93,18395,1458154,1274.9833802816902,0.1014368034792063,9895.73,13623.77,1383.09,11525.39,792.11
2022,Two bed,All property types,Dublin,Euro,1865.5,18395,1458154,1274.9833802816902,0.10141342756183745,9895.73,13623.77,1383.09,11525.39,792.11
2022,1 to 2 bed,All property types,Dublin,Euro,1865.11,18395,1458154,1184.0090322580645,0.10139222614840988,9895.73,13623.77,1383.09,11525.39,792.11
2022,1 to 3 bed,All property types,Dublin,Euro,1864.7,18395,1458154,1230.7152459016395,0.1013699374830117,9895.73,13623.77,1383.09,11525.39,792.11
2022,1 to 3 bed,All property types,Dublin,Euro,1863.88,18395,1458154,1230.7152459016395,0.10132536015221529,9895.73,13623.77,1383.09,11525.39,792.11
2022,All bedrooms,All property types,Dublin,Euro,1863.55,18395,1458154,1298.127292225201,0.10130742049469964,9895.73,13623.77,1383.09,11525.39,792.11
2022,Three bed,All property types,Dublin,Euro,1862.82,18395,1458154,1385.131496350365,0.10126773579777112,9895.73,13623.77,1383.09,11525.39,792.11
2022,1 to 3 bed,All property types,Dublin,Euro,1861.21,18395,1458154,1230.7152459016395,0.10118021201413428,9895.73,13623.77,1383.09,11525.39,792.11
2022,All bedrooms,All property types,Dublin,Euro,1860.69,18395,1458154,1298.127292225201,0.10115194346289753,9895.73,13623.77,1383.09,11525.39,792.11
2022,Two bed,All property types,Dublin,Euro,1859.43,18395,1458154,1274.9833802816902,0.10108344658874695,9895.73,13623.77,1383.09,11525.39,792.11
2022,1 to 3 bed,All property types,Dublin,Euro,1856.72,18395,1458154,1230.7152459016395,0.10093612394672466,9895.73,13623.77,1383.09,11525.39,792.11
2022,1 to 3 bed,All property types,Dublin,Euro,1855.0,18395,1458154,1230.7152459016395,0.10084262027724926,9895.73,13623.77,1383.09,11525.39,792.11
2022,Three bed,All property types,Dublin,Euro,1854.52,18395,1458154,1385.131496350365,0.1008165262299538,9895.73,13623.77,1383.09,11525.39,792.11
2022,Two bed,All property types,Dublin,Euro,1853.2,18395,1458154,1274.9833802816902,0.10074476759989127,9895.73,13623.77,1383.09,11525.39,792.11
2022,1 to 2 bed,All property types,Dublin,Euro,1853.0,18395,1458154,1184.0090322580645,0.10073389508018483,9895.73,13623.77,1383.09,11525.39,792.11
2022,1 to 3 bed,All property types,Dublin,Euro,1852.65,18395,1458154,1230.7152459016395,0.10071486817069857,9895.73,13623.77,1383.09,11525.39,792.11
2022,1 to 2 bed,All property types,Dublin,Euro,1852.64,18395,1458154,1184.0090322580645,0.10071432454471324,9895.73,13623.77,1383.09,11525.39,792.11
2022,Three bed,All property types,Dublin,Euro,1851.46,18395,1458154,1385.131496350365,0.10065017667844524,9895.73,13623.77,1383.09,11525.39,792.11
2022,Two bed,All property types,Dublin,Euro,1847.97,18395,1458154,1274.9833802816902,0.10046045120956781,9895.73,13623.77,1383.09,11525.39,792.11
2022,Two bed,All property types,Dublin,Euro,1847.32,18395,1458154,1274.9833802816902,0.10042511552052187,9895.73,13623.77,1383.09,11525.39,792.11
2022,1 to 3 bed,All property types,Dublin,Euro,1844.39,18395,1458154,1230.7152459016395,0.10026583310682251,9895.73,13623.77,1383.09,11525.39,792.11
2022,1 to 2 bed,All property types,Dublin,Euro,1842.89,18395,1458154,1184.0090322580645,0.1001842892090242,9895.73,13623.77,1383.09,11525.39,792.11
2022,1 to 2 bed,All property types,Dublin,Euro,1839.74,18395,1458154,1184.0090322580645,0.10001304702364773,9895.73,13623.77,1383.09,11525.39,792.11
2022,Two bed,All property types,Dublin,Euro,1838.01,18395,1458154,1274.9833802816902,0.099918999728187,9895.73,13623.77,1383.09,11525.39,792.11
2022,Two bed,All property types,Dublin,Euro,1835.92,18395,1458154,1274.9833802816902,0.0998053818972547,9895.73,13623.77,1383.09,11525.39,792.11
2022,1 to 3 bed,All property types,Dublin,Euro,1835.29,18395,1458154,1230.7152459016395,0.09977113346017939,9895.73,13623.77,1383.09,11525.39,792.11
2022,Two bed,All property types,Dublin,Euro,1834.37,18395,1458154,1274.9833802816902,0.09972111986952975,9895.73,13623.77,1383.09,11525.39,792.11
2022,1 to 3 bed,All property types,Dublin,Euro,1834.13,18395,1458154,1230.7152459016395,0.09970807284588204,9895.73,13623.77,1383.09,11525.39,792.11
2022,Two bed,All property types,Dublin,Euro,1832.65,18395,1458154,1274.9833802816902,0.09962761620005436,9895.73,13623.77,1383.09,11525.39,792.11
2022,All bedrooms,All property types,Dublin,Euro,1831.72,18395,1458154,1298.127292225201,0.09957705898341941,9895.73,13623.77,1383.09,11525.39,792.11
2022,All bedrooms,All property types,Dublin,Euro,1827.35,18395,1458154,1298.127292225201,0.09933949442783364,9895.73,13623.77,1383.09,11525.39,792.11
2022,All bedrooms,All property types,Dublin,Euro,1826.55,18395,1458154,1298.127292225201,0.09929600434900789,9895.73,13623.77,1383.09,11525.39,792.11
2022,All bedrooms,All property types,Dublin,Euro,1825.52,18395,1458154,1298.127292225201,0.0992400108725197,9895.73,13623.77,1383.09,11525.39,792.11
2022,1 to 2 bed,All property types,Dublin,Euro,1824.68,18395,1458154,1184.0090322580645,0.09919434628975266,9895.73,13623.77,1383.09,11525.39,792.11
2022,All bedrooms,All property types,Dublin,Euro,1824.07,18395,1458154,1298.127292225201,0.099161185104648,9895.73,13623.77,1383.09,11525.39,792.11
2022,1 to 3 bed,All property types,Dublin,Euro,1821.98,18395,1458154,1230.7152459016395,0.09904756727371568,9895.73,13623.77,1383.09,11525.39,792.11
2022,All bedrooms,All property types,Dublin,Euro,1820.89,18395,1458154,1298.127292225201,0.09898831204131558,9895.73,13623.77,1383.09,11525.39,792.11
2022,1 to 3 bed,All property types,Dublin,Euro,1820.89,18395,1458154,1230.7152459016395,0.09898831204131558,9895.73,13623.77,1383.09,11525.39,792.11
2022,All bedrooms,All property types,Dublin,Euro,1819.57,18395,1458154,1298.127292225201,0.09891655341125305,9895.73,13623.77,1383.09,11525.39,792.11
2022,1 to 3 bed,All property types,Dublin,Euro,1819.57,18395,1458154,1230.7152459016395,0.09891655341125305,9895.73,13623.77,1383.09,11525.39,792.11
2022,All bedrooms,All property types,Dublin,Euro,1818.95,18395,1458154,1298.127292225201,0.0988828486001631,9895.73,13623.77,1383.09,11525.39,792.11
2022,1 to 3 bed,All property types,Dublin,Euro,1816.54,18395,1458154,1230.7152459016395,0.09875183473770047,9895.73,13623.77,1383.09,11525.39,792.11
2022,Three bed,All property types,Dublin,Euro,1814.88,18395,1458154,1385.131496350365,0.098661592824137,9895.73,13623.77,1383.09,11525.39,792.11
2022,1 to 2 bed,All property types,Dublin,Euro,1814.1,18395,1458154,1184.0090322580645,0.09861918999728186,9895.73,13623.77,1383.09,11525.39,792.11
2022,Two bed,All property types,Dublin,Euro,1813.4,18395,1458154,1274.9833802816902,0.09858113617830933,9895.73,13623.77,1383.09,11525.39,792.11
2022,All bedrooms,All property types,Dublin,Euro,1812.28,18395,1458154,1298.127292225201,0.09852025006795324,9895.73,13623.77,1383.09,11525.39,792.11
2022,1 to 3 bed,All property types,Dublin,Euro,1812.28,18395,1458154,1230.7152459016395,0.09852025006795324,9895.73,13623.77,1383.09,11525.39,792.11
2022,1 to 3 bed,All property types,Dublin,Euro,1811.37,18395,1458154,1230.7152459016395,0.09847078010328893,9895.73,13623.77,1383.09,11525.39,792.11
2022,All bedrooms,All property types,Dublin,Euro,1810.88,18395,1458154,1298.127292225201,0.09844414243000817,9895.73,13623.77,1383.09,11525.39,792.11
2022,Two bed,All property types,Dublin,Euro,1809.15,18395,1458154,1274.9833802816902,0.09835009513454744,9895.73,13623.77,1383.09,11525.39,792.11
2022,1 to 2 bed,All property types,Dublin,Euro,1808.47,18395,1458154,1184.0090322580645,0.09831312856754552,9895.73,13623.77,1383.09,11525.39,792.11
2022,Three bed,All property types,Dublin,Euro,1806.19,18395,1458154,1385.131496350365,0.09818918184289209,9895.73,13623.77,1383.09,11525.39,792.11
2022,1 to 2 bed,All property types,Dublin,Euro,1802.25,18395,1458154,1184.0090322580645,0.09797499320467519,9895.73,13623.77,1383.09,11525.39,792.11
2022,1 to 3 bed,All property types,Dublin,Euro,1800.72,18395,1458154,1230.7152459016395,0.0978918184289209,9895.73,13623.77,1383.09,11525.39,792.11
2022,Two bed,All property types,Dublin,Euro,1800.24,18395,1458154,1274.9833802816902,0.09786572438162544,9895.73,13623.77,1383.09,11525.39,792.11
2022,Three bed,All property types,Dublin,Euro,1799.87,18395,1458154,1385.131496350365,0.09784561022016852,9895.73,13623.77,1383.09,11525.39,792.11
2022,Two bed,All property types,Dublin,Euro,1799.73,18395,1458154,1274.9833802816902,0.09783799945637402,9895.73,13623.77,1383.09,11525.39,792.11
2022,1 to 3 bed,All property types,Dublin,Euro,1798.4,18395,1458154,1230.7152459016395,0.09776569720032618,9895.73,13623.77,1383.09,11525.39,792.11
2022,1 to 3 bed,All property types,Dublin,Euro,1797.95,18395,1458154,1230.7152459016395,0.09774123403098668,9895.73,13623.77,1383.09,11525.39,792.11
2022,All bedrooms,All property types,Dublin,Euro,1796.96,18395,1458154,1298.127292225201,0.0976874150584398,9895.73,13623.77,1383.09,11525.39,792.11
2022,1 to 2 bed,All property types,Dublin,Euro,1796.96,18395,1458154,1184.0090322580645,0.0976874150584398,9895.73,13623.77,1383.09,11525.39,792.11
2022,1 to 3 bed,All property types,Dublin,Euro,1796.96,18395,1458154,1230.7152459016395,0.0976874150584398,9895.73,13623.77,1383.09,11525.39,792.11
2022,1 to 2 bed,All property types,Dublin,Euro,1794.74,18395,1458154,1184.0090322580645,0.0975667300896983,9895.73,13623.77,1383.09,11525.39,792.11
2022,Two bed,All property types,Dublin,Euro,1793.4,18395,1458154,1274.9833802816902,0.09749388420766514,9895.73,13623.77,1383.09,11525.39,792.11
2022,All bedrooms,All property types,Dublin,Euro,1790.63,18395,1458154,1298.127292225201,0.09734329980973092,9895.73,13623.77,1383.09,11525.39,792.11
2022,All bedrooms,All property types,Dublin,Euro,1790.4,18395,1458154,1298.127292225201,0.0973307964120685,9895.73,13623.77,1383.09,11525.39,792.11
2022,1 to 2 bed,All property types,Dublin,Euro,1789.84,18395,1458154,1184.0090322580645,0.09730035335689045,9895.73,13623.77,1383.09,11525.39,792.11
2022,1 to 3 bed,All property types,Dublin,Euro,1788.01,18395,1458154,1230.7152459016395,0.09720086980157651,9895.73,13623.77,1383.09,11525.39,792.11
2022,Four plus bed,All property types,Dublin,Euro,1786.97,18395,1458154,1680.8637333333334,0.09714433269910303,9895.73,13623.77,1383.09,11525.39,792.11
2022,Two bed,All property types,Dublin,Euro,1784.01,18395,1458154,1274.9833802816902,0.09698341940744767,9895.73,13623.77,1383.09,11525.39,792.11
2022,Two bed,All property types,Dublin,Euro,1780.06,18395,1458154,1274.9833802816902,0.09676868714324545,9895.73,13623.77,1383.09,11525.39,792.11
2022,1 to 2 bed,All property types,Dublin,Euro,1779.18,18395,1458154,1184.0090322580645,0.0967208480565371,9895.73,13623.77,1383.09,11525.39,792.11
2022,1 to 3 bed,All property types,Dublin,Euro,1778.15,18395,1458154,1230.7152459016395,0.09666485458004893,9895.73,13623.77,1383.09,11525.39,792.11
2022,1 to 2 bed,All property types,Dublin,Euro,1776.76,18395,1458154,1184.0090322580645,0.09658929056808915,9895.73,13623.77,1383.09,11525.39,792.11
2022,Two bed,All property types,Dublin,Euro,1776.14,18395,1458154,1274.9833802816902,0.09655558575699918,9895.73,13623.77,1383.09,11525.39,792.11
2022,1 to 3 bed,All property types,Dublin,Euro,1774.15,18395,1458154,1230.7152459016395,0.09644740418592009,9895.73,13623.77,1383.09,11525.39,792.11
2022,Two bed,All property types,Dublin,Euro,1773.44,18395,1458154,1274.9833802816902,0.09640880674096222,9895.73,13623.77,1383.09,11525.39,792.11
2022,All bedrooms,All property types,Dublin,Euro,1773.09,18395,1458154,1298.127292225201,0.09638977983147594,9895.73,13623.77,1383.09,11525.39,792.11
2022,Two bed,All property types,Dublin,Euro,1770.42,18395,1458154,1274.9833802816902,0.09624463169339495,9895.73,13623.77,1383.09,11525.39,792.11
2022,1 to 2 bed,All property types,Dublin,Euro,1770.0,18395,1458154,1184.0090322580645,0.09622179940201142,9895.73,13623.77,1383.09,11525.39,792.11
2022,1 to 3 bed,All property types,Dublin,Euro,1768.85,18395,1458154,1230.7152459016395,0.09615928241369937,9895.73,13623.77,1383.09,11525.39,792.11
2022,Two bed,All property types,Dublin,Euro,1765.34,18395,1458154,1274.9833802816902,0.09596846969285132,9895.73,13623.77,1383.09,11525.39,792.11
2022,Three bed,All property types,Dublin,Euro,1761.68,18395,1458154,1385.131496350365,0.09576950258222343,9895.73,13623.77,1383.09,11525.39,792.11
2022,All bedrooms,All property types,Dublin,Euro,1760.92,18395,1458154,1298.127292225201,0.09572818700733896,9895.73,13623.77,1383.09,11525.39,792.11
2022,Two bed,All property types,Dublin,Euro,1760.84,18395,1458154,1274.9833802816902,0.09572383799945637,9895.73,13623.77,1383.09,11525.39,792.11
2022,All bedrooms,All property types,Dublin,Euro,1756.51,18395,1458154,1298.127292225201,0.0954884479478119,9895.73,13623.77,1383.09,11525.39,792.11
2022,1 to 2 bed,All property types,Dublin,Euro,1755.5,18395,1458154,1184.0090322580645,0.09543354172329438,9895.73,13623.77,1383.09,11525.39,792.11
2022,1 to 3 bed,All property types,Dublin,Euro,1754.98,18395,1458154,1230.7152459016395,0.09540527317205763,9895.73,13623.77,1383.09,11525.39,792.11
2022,All bedrooms,All property types,Dublin,Euro,1754.92,18395,1458154,1298.127292225201,0.0954020114161457,9895.73,13623.77,1383.09,11525.39,792.11
2022,All bedrooms,All property types,Dublin,Euro,1754.79,18395,1458154,1298.127292225201,0.0953949442783365,9895.73,13623.77,1383.09,11525.39,792.11
2022,All bedrooms,All property types,Dublin,Euro,1754.58,18395,1458154,1298.127292225201,0.09538352813264474,9895.73,13623.77,1383.09,11525.39,792.11
2022,1 to 2 bed,All property types,Dublin,Euro,1752.88,18395,1458154,1184.0090322580645,0.09529111171513999,9895.73,13623.77,1383.09,11525.39,792.11
2022,All bedrooms,All property types,Dublin,Euro,1751.53,18395,1458154,1298.127292225201,0.0952177222071215,9895.73,13623.77,1383.09,11525.39,792.11
2022,1 to 2 bed,All property types,Dublin,Euro,1751.18,18395,1458154,1184.0090322580645,0.09519869529763524,9895.73,13623.77,1383.09,11525.39,792.11
2022,1 to 3 bed,All property types,Dublin,Euro,1750.2,18395,1458154,1230.7152459016395,0.09514541995107366,9895.73,13623.77,1383.09,11525.39,792.11
2022,1 to 2 bed,All property types,Dublin,Euro,1747.43,18395,1458154,1184.0090322580645,0.09499483555313944,9895.73,13623.77,1383.09,11525.39,792.11
2022,1 to 3 bed,All property types,Dublin,Euro,1745.84,18395,1458154,1230.7152459016395,0.09490839902147322,9895.73,13623.77,1383.09,11525.39,792.11
2022,Two bed,All property types,Dublin,Euro,1745.8,18395,1458154,1274.9833802816902,0.09490622451753193,9895.73,13623.77,1383.09,11525.39,792.11
2022,Two bed,All property types,Dublin,Euro,1745.53,18395,1458154,1274.9833802816902,0.09489154661592825,9895.73,13623.77,1383.09,11525.39,792.11
2022,1 to 2 bed,All property types,Dublin,Euro,1744.77,18395,1458154,1184.0090322580645,0.09485023104104376,9895.73,13623.77,1383.09,11525.39,792.11
2022,1 to 2 bed,All property types,Dublin,Euro,1744.45,18395,1458154,1184.0090322580645,0.09483283500951346,9895.73,13623.77,1383.09,11525.39,792.11
2022,1 to 3 bed,All property types,Dublin,Euro,1744.01,18395,1458154,1230.7152459016395,0.09480891546615929,9895.73,13623.77,1383.09,11525.39,792.11
2022,Three bed,All property types,Dublin,Euro,1743.53,18395,1458154,1385.131496350365,0.09478282141886382,9895.73,13623.77,1383.09,11525.39,792.11
2022,One bed,All property types,Dublin,Euro,1742.56,18395,1458154,1057.0936904761904,0.09473008969828757,9895.73,13623.77,1383.09,11525.39,792.11
2022,Two bed,All property types,Dublin,Euro,1740.39,18395,1458154,1274.9833802816902,0.0946121228594727,9895.73,13623.77,1383.09,11525.39,792.11
2022,One bed,All property types,Dublin,Euro,1738.26,18395,1458154,1057.0936904761904,0.09449633052459908,9895.73,13623.77,1383.09,11525.39,792.11
2022,All bedrooms,All property types,Dublin,Euro,1737.05,18395,1458154,1298.127292225201,0.0944305517803751,9895.73,13623.77,1383.09,11525.39,792.11
2022,Two bed,All property types,Dublin,Euro,1736.09,18395,1458154,1274.9833802816902,0.09437836368578417,9895.73,13623.77,1383.09,11525.39,792.11
2022,1 to 2 bed,All property types,Dublin,Euro,1735.94,18395,1458154,1184.0090322580645,0.09437020929600436,9895.73,13623.77,1383.09,11525.39,792.11
2022,1 to 3 bed,All property types,Dublin,Euro,1733.98,18395,1458154,1230.7152459016395,0.09426365860288122,9895.73,13623.77,1383.09,11525.39,792.11
2022,Two bed,All property types,Dublin,Euro,1730.77,18395,1458154,1274.9833802816902,0.09408915466159282,9895.73,13623.77,1383.09,11525.39,792.11
2022,Three bed,All property types,Dublin,Euro,1728.48,18395,1458154,1385.131496350365,0.09396466431095407,9895.73,13623.77,1383.09,11525.39,792.11
2022,All bedrooms,All property types,Dublin,Euro,1725.5,18395,1458154,1298.127292225201,0.09380266376732808,9895.73,13623.77,1383.09,11525.39,792.11
2022,1 to 3 bed,All property types,Dublin,Euro,1724.99,18395,1458154,1230.7152459016395,0.09377493884207665,9895.73,13623.77,1383.09,11525.39,792.11
2022,Three bed,All property types,Dublin,Euro,1724.13,18395,1458154,1385.131496350365,0.09372818700733895,9895.73,13623.77,1383.09,11525.39,792.11
2022,Three bed,All property types,Dublin,Euro,1723.95,18395,1458154,1385.131496350365,0.09371840173960315,9895.73,13623.77,1383.09,11525.39,792.11
2022,All bedrooms,All property types,Dublin,Euro,1723.77,18395,1458154,1298.127292225201,0.09370861647186736,9895.73,13623.77,1383.09,11525.39,792.11
2022,Three bed,All property types,Dublin,Euro,1723.25,18395,1458154,1385.131496350365,0.09368034792063061,9895.73,13623.77,1383.09,11525.39,792.11
2022,All bedrooms,All property types,Dublin,Euro,1722.3,18395,1458154,1298.127292225201,0.09362870345202501,9895.73,13623.77,1383.09,11525.39,792.11
2022,1 to 3 bed,All property types,Dublin,Euro,1719.41,18395,1458154,1230.7152459016395,0.09347159554226693,9895.73,13623.77,1383.09,11525.39,792.11
2022,Two bed,All property types,Dublin,Euro,1716.78,18395,1458154,1274.9833802816902,0.09332862190812721,9895.73,13623.77,1383.09,11525.39,792.11
2022,All bedrooms,All property types,Dublin,Euro,1715.86,18395,1458154,1298.127292225201,0.09327860831747757,9895.73,13623.77,1383.09,11525.39,792.11
2022,Three bed,All property types,Dublin,Euro,1714.17,18395,1458154,1385.131496350365,0.09318673552595814,9895.73,13623.77,1383.09,11525.39,792.11
2022,1 to 2 bed,All property types,Dublin,Euro,1712.69,18395,1458154,1184.0090322580645,0.09310627888013047,9895.73,13623.77,1383.09,11525.39,792.11
2022,1 to 3 bed,All property types,Dublin,Euro,1712.07,18395,1458154,1230.7152459016395,0.0930725740690405,9895.73,13623.77,1383.09,11525.39,792.11
2022,1 to 2 bed,All property types,Dublin,Euro,1711.92,18395,1458154,1184.0090322580645,0.09306441967926067,9895.73,13623.77,1383.09,11525.39,792.11
2022,Two bed,All property types,Dublin,Euro,1710.03,18395,1458154,1274.9833802816902,0.09296167436803479,9895.73,13623.77,1383.09,11525.39,792.11
2022,One bed,All property types,Dublin,Euro,1708.63,18395,1458154,1057.0936904761904,0.0928855667300897,9895.73,13623.77,1383.09,11525.39,792.11
2022,1 to 2 bed,All property types,Dublin,Euro,1704.48,18395,1458154,1184.0090322580645,0.09265996194618104,9895.73,13623.77,1383.09,11525.39,792.11
2022,Two bed,All property types,Dublin,Euro,1704.1,18395,1458154,1274.9833802816902,0.09263930415873878,9895.73,13623.77,1383.09,11525.39,792.11
2022,1 to 2 bed,All property types,Dublin,Euro,1701.43,18395,1458154,1184.0090322580645,0.09249415602065779,9895.73,13623.77,1383.09,11525.39,792.11
2022,All bedrooms,All property types,Dublin,Euro,1700.45,18395,1458154,1298.127292225201,0.09244088067409623,9895.73,13623.77,1383.09,11525.39,792.11
2022,1 to 3 bed,All property types,Dublin,Euro,1700.45,18395,1458154,1230.7152459016395,0.09244088067409623,9895.73,13623.77,1383.09,11525.39,792.11
2022,All bedrooms,All property types,Dublin,Euro,1700.36,18395,1458154,1298.127292225201,0.09243598804022832,9895.73,13623.77,1383.09,11525.39,792.11
2022,All bedrooms,All property types,Dublin,Euro,1699.16,18395,1458154,1298.127292225201,0.09237075292198968,9895.73,13623.77,1383.09,11525.39,792.11
2022,One bed,All property types,Dublin,Euro,1698.82,18395,1458154,1057.0936904761904,0.09235226963848872,9895.73,13623.77,1383.09,11525.39,792.11
2022,Two bed,All property types,Dublin,Euro,1698.72,18395,1458154,1274.9833802816902,0.0923468333786355,9895.73,13623.77,1383.09,11525.39,792.11
2022,Two bed,All property types,Dublin,Euro,1698.42,18395,1458154,1274.9833802816902,0.09233052459907584,9895.73,13623.77,1383.09,11525.39,792.11
2022,Two bed,All property types,Dublin,Euro,1697.87,18395,1458154,1274.9833802816902,0.09230062516988312,9895.73,13623.77,1383.09,11525.39,792.11
2022,Three bed,All property types,Dublin,Euro,1696.18,18395,1458154,1385.131496350365,0.09220875237836369,9895.73,13623.77,1383.09,11525.39,792.11
2022,1 to 3 bed,All property types,Dublin,Euro,1696.16,18395,1458154,1230.7152459016395,0.09220766512639304,9895.73,13623.77,1383.09,11525.39,792.11
2022,All bedrooms,All property types,Dublin,Euro,1694.47,18395,1458154,1298.127292225201,0.0921157923348736,9895.73,13623.77,1383.09,11525.39,792.11
2022,1 to 3 bed,All property types,Dublin,Euro,1694.47,18395,1458154,1230.7152459016395,0.0921157923348736,9895.73,13623.77,1383.09,11525.39,792.11
2022,1 to 2 bed,All property types,Dublin,Euro,1692.59,18395,1458154,1184.0090322580645,0.09201359064963305,9895.73,13623.77,1383.09,11525.39,792.11
2022,Three bed,All property types,Dublin,Euro,1691.81,18395,1458154,1385.131496350365,0.09197118782277793,9895.73,13623.77,1383.09,11525.39,792.11
2022,One bed,All property types,Dublin,Euro,1691.68,18395,1458154,1057.0936904761904,0.09196412068496874,9895.73,13623.77,1383.09,11525.39,792.11
2022,All bedrooms,All property types,Dublin,Euro,1691.67,18395,1458154,1298.127292225201,0.09196357705898342,9895.73,13623.77,1383.09,11525.39,792.11
2022,1 to 3 bed,All property types,Dublin,Euro,1690.13,18395,1458154,1230.7152459016395,0.09187985865724382,9895.73,13623.77,1383.09,11525.39,792.11
2022,Two bed,All property types,Dublin,Euro,1689.22,18395,1458154,1274.9833802816902,0.0918303886925795,9895.73,13623.77,1383.09,11525.39,792.11
2022,1 to 3 bed,All property types,Dublin,Euro,1687.36,18395,1458154,1230.7152459016395,0.09172927425930959,9895.73,13623.77,1383.09,11525.39,792.11
2022,1 to 2 bed,All property types,Dublin,Euro,1682.81,18395,1458154,1184.0090322580645,0.09148192443598804,9895.73,13623.77,1383.09,11525.39,792.11
2022,All bedrooms,All property types,Dublin,Euro,1682.67,18395,1458154,1298.127292225201,0.09147431367219354,9895.73,13623.77,1383.09,11525.39,792.11
2022,1 to 3 bed,All property types,Dublin,Euro,1682.45,18395,1458154,1230.7152459016395,0.09146235390051645,9895.73,13623.77,1383.09,11525.39,792.11
2022,Three bed,All property types,Dublin,Euro,1678.0,18395,1458154,1385.131496350365,0.09122044033704811,9895.73,13623.77,1383.09,11525.39,792.11
2022,1 to 3 bed,All property types,Dublin,Euro,1677.99,18395,1458154,1230.7152459016395,0.09121989671106279,9895.73,13623.77,1383.09,11525.39,792.11
2022,Two bed,All property types,Dublin,Euro,1677.84,18395,1458154,1274.9833802816902,0.09121174232128296,9895.73,13623.77,1383.09,11525.39,792.11
2022,1 to 2 bed,All property types,Dublin,Euro,1677.03,18395,1458154,1184.0090322580645,0.09116770861647186,9895.73,13623.77,1383.09,11525.39,792.11
2022,All bedrooms,All property types,Dublin,Euro,1676.26,18395,1458154,1298.127292225201,0.09112584941560206,9895.73,13623.77,1383.09,11525.39,792.11
2022,1 to 3 bed,All property types,Dublin,Euro,1675.8,18395,1458154,1230.7152459016395,0.09110084262027725,9895.73,13623.77,1383.09,11525.39,792.11
2022,All bedrooms,All property types,Dublin,Euro,1673.74,18395,1458154,1298.127292225201,0.0909888556673009,9895.73,13623.77,1383.09,11525.39,792.11
2022,All bedrooms,All property types,Dublin,Euro,1673.08,18395,1458154,1298.127292225201,0.09095297635226963,9895.73,13623.77,1383.09,11525.39,792.11
2022,Two bed,All property types,Dublin,Euro,1671.74,18395,1458154,1274.9833802816902,0.09088013047023648,9895.73,13623.77,1383.09,11525.39,792.11
2022,1 to 2 bed,All property types,Dublin,Euro,1670.66,18395,1458154,1184.0090322580645,0.0908214188638217,9895.73,13623.77,1383.09,11525.39,792.11
2022,Two bed,All property types,Dublin,Euro,1669.76,18395,1458154,1274.9833802816902,0.0907724925251427,9895.73,13623.77,1383.09,11525.39,792.11
2022,All bedrooms,All property types,Dublin,Euro,1669.55,18395,1458154,1298.127292225201,0.09076107637945094,9895.73,13623.77,1383.09,11525.39,792.11
2022,Two bed,All property types,Dublin,Euro,1668.59,18395,1458154,1274.9833802816902,0.09070888828486001,9895.73,13623.77,1383.09,11525.39,792.11
2022,Two bed,All property types,Dublin,Euro,1668.37,18395,1458154,1274.9833802816902,0.09069692851318292,9895.73,13623.77,1383.09,11525.39,792.11
2022,Two bed,All property types,Dublin,Euro,1668.13,18395,1458154,1274.9833802816902,0.09068388148953521,9895.73,13623.77,1383.09,11525.39,792.11
2022,1 to 3 bed,All property types,Dublin,Euro,1662.78,18395,1458154,1230.7152459016395,0.09039304158738788,9895.73,13623.77,1383.09,11525.39,792.11
2022,1 to 2 bed,All property types,Dublin,Euro,1662.01,18395,1458154,1184.0090322580645,0.09035118238651807,9895.73,13623.77,1383.09,11525.39,792.11
2022,1 to 3 bed,All property types,Dublin,Euro,1661.59,18395,1458154,1230.7152459016395,0.09032835009513454,9895.73,13623.77,1383.09,11525.39,792.11
2022,1 to 2 bed,All property types,Dublin,Euro,1660.76,18395,1458154,1184.0090322580645,0.09028322913835281,9895.73,13623.77,1383.09,11525.39,792.11
2022,Three bed,All property types,Dublin,Euro,1660.68,18395,1458154,1385.131496350365,0.09027888013047024,9895.73,13623.77,1383.09,11525.39,792.11
2022,1 to 3 bed,All property types,Dublin,Euro,1659.5,18395,1458154,1230.7152459016395,0.09021473226420224,9895.73,13623.77,1383.09,11525.39,792.11
2022,All bedrooms,All property types,Dublin,Euro,1659.34,18395,1458154,1298.127292225201,0.09020603424843707,9895.73,13623.77,1383.09,11525.39,792.11
2022,Two bed,All property types,Dublin,Euro,1659.14,18395,1458154,1274.9833802816902,0.09019516172873064,9895.73,13623.77,1383.09,11525.39,792.11
2022,1 to 3 bed,All property types,Dublin,Euro,1659.1,18395,1458154,1230.7152459016395,0.09019298722478934,9895.73,13623.77,1383.09,11525.39,792.11
2022,Two bed,All property types,Dublin,Euro,1656.93,18395,1458154,1274.9833802816902,0.09007502038597445,9895.73,13623.77,1383.09,11525.39,792.11
2022,All bedrooms,All property types,Dublin,Euro,1655.96,18395,1458154,1298.127292225201,0.09002228866539821,9895.73,13623.77,1383.09,11525.39,792.11
2022,Three bed,All property types,Dublin,Euro,1655.74,18395,1458154,1385.131496350365,0.09001032889372113,9895.73,13623.77,1383.09,11525.39,792.11
2022,All bedrooms,All property types,Dublin,Euro,1653.4,18395,1458154,1298.127292225201,0.08988312041315576,9895.73,13623.77,1383.09,11525.39,792.11
2022,One bed,All property types,Dublin,Euro,1652.43,18395,1458154,1057.0936904761904,0.0898303886925795,9895.73,13623.77,1383.09,11525.39,792.11
2022,1 to 2 bed,All property types,Dublin,Euro,1651.95,18395,1458154,1184.0090322580645,0.08980429464528404,9895.73,13623.77,1383.09,11525.39,792.11
2022,1 to 2 bed,All property types,Dublin,Euro,1649.17,18395,1458154,1184.0090322580645,0.08965316662136451,9895.73,13623.77,1383.09,11525.39,792.11
2022,1 to 3 bed,All property types,Dublin,Euro,1648.82,18395,1458154,1230.7152459016395,0.08963413971187822,9895.73,13623.77,1383.09,11525.39,792.11
2022,All bedrooms,All property types,Dublin,Euro,1648.02,18395,1458154,1298.127292225201,0.08959064963305245,9895.73,13623.77,1383.09,11525.39,792.11
2022,1 to 2 bed,All property types,Dublin,Euro,1647.29,18395,1458154,1184.0090322580645,0.08955096493612394,9895.73,13623.77,1383.09,11525.39,792.11
2022,All bedrooms,All property types,Dublin,Euro,1646.82,18395,1458154,1298.127292225201,0.0895254145148138,9895.73,13623.77,1383.09,11525.39,792.11
2022,Two bed,All property types,Dublin,Euro,1644.21,18395,1458154,1274.9833802816902,0.08938352813264475,9895.73,13623.77,1383.09,11525.39,792.11
2022,All bedrooms,All property types,Dublin,Euro,1643.63,18395,1458154,1298.127292225201,0.08935199782549606,9895.73,13623.77,1383.09,11525.39,792.11
2022,1 to 2 bed,All property types,Dublin,Euro,1642.53,18395,1458154,1184.0090322580645,0.08929219896711063,9895.73,13623.77,1383.09,11525.39,792.11
2022,All bedrooms,All property types,Dublin,Euro,1640.5,18395,1458154,1298.127292225201,0.08918184289209025,9895.73,13623.77,1383.09,11525.39,792.11
2022,1 to 3 bed,All property types,Dublin,Euro,1639.71,18395,1458154,1230.7152459016395,0.0891388964392498,9895.73,13623.77,1383.09,11525.39,792.11
2022,Two bed,All property types,Dublin,Euro,1639.25,18395,1458154,1274.9833802816902,0.08911388964392498,9895.73,13623.77,1383.09,11525.39,792.11
2022,Two bed,All property types,Dublin,Euro,1637.96,18395,1458154,1274.9833802816902,0.08904376189181844,9895.73,13623.77,1383.09,11525.39,792.11
2022,One bed,All property types,Dublin,Euro,1637.63,18395,1458154,1057.0936904761904,0.0890258222343028,9895.73,13623.77,1383.09,11525.39,792.11
2022,Three bed,All property types,Dublin,Euro,1637.44,18395,1458154,1385.131496350365,0.08901549334058169,9895.73,13623.77,1383.09,11525.39,792.11
2022,All bedrooms,All property types,Dublin,Euro,1636.2,18395,1458154,1298.127292225201,0.08894808371840174,9895.73,13623.77,1383.09,11525.39,792.11
2022,Two bed,All property types,Dublin,Euro,1635.83,18395,1458154,1274.9833802816902,0.08892796955694482,9895.73,13623.77,1383.09,11525.39,792.11
2022,All bedrooms,All property types,Dublin,Euro,1635.72,18395,1458154,1298.127292225201,0.08892198967110627,9895.73,13623.77,1383.09,11525.39,792.11
2022,Two bed,All property types,Dublin,Euro,1634.81,18395,1458154,1274.9833802816902,0.08887251970644197,9895.73,13623.77,1383.09,11525.39,792.11
2022,1 to 3 bed,All property types,Dublin,Euro,1634.02,18395,1458154,1230.7152459016395,0.08882957325360152,9895.73,13623.77,1383.09,11525.39,792.11
2022,1 to 2 bed,All property types,Dublin,Euro,1632.7,18395,1458154,1184.0090322580645,0.088757814623539,9895.73,13623.77,1383.09,11525.39,792.11
2022,Two bed,All property types,Dublin,Euro,1631.89,18395,1458154,1274.9833802816902,0.08871378091872792,9895.73,13623.77,1383.09,11525.39,792.11
2022,Two bed,All property types,Dublin,Euro,1628.55,18395,1458154,1274.9833802816902,0.08853220983963034,9895.73,13623.77,1383.09,11525.39,792.11
2022,All bedrooms,All property types,Dublin,Euro,1628.52,18395,1458154,1298.127292225201,0.08853057896167436,9895.73,13623.77,1383.09,11525.39,792.11
2022,1 to 3 bed,All property types,Dublin,Euro,1628.14,18395,1458154,1230.7152459016395,0.08850992117423213,9895.73,13623.77,1383.09,11525.39,792.11
2022,1 to 3 bed,All property types,Dublin,Euro,1625.19,18395,1458154,1230.7152459016395,0.08834955150856211,9895.73,13623.77,1383.09,11525.39,792.11
2022,1 to 2 bed,All property types,Dublin,Euro,1623.82,18395,1458154,1184.0090322580645,0.08827507474857298,9895.73,13623.77,1383.09,11525.39,792.11
2022,All bedrooms,All property types,Dublin,Euro,1623.19,18395,1458154,1298.127292225201,0.0882408263114977,9895.73,13623.77,1383.09,11525.39,792.11
2022,Two bed,All property types,Dublin,Euro,1622.95,18395,1458154,1274.9833802816902,0.08822777928784996,9895.73,13623.77,1383.09,11525.39,792.11
2022,One bed,All property types,Dublin,Euro,1622.66,18395,1458154,1057.0936904761904,0.08821201413427562,9895.73,13623.77,1383.09,11525.39,792.11
2022,Two bed,All property types,Dublin,Euro,1622.56,18395,1458154,1274.9833802816902,0.08820657787442239,9895.73,13623.77,1383.09,11525.39,792.11
2022,1 to 2 bed,All property types,Dublin,Euro,1621.34,18395,1458154,1184.0090322580645,0.0881402555042131,9895.73,13623.77,1383.09,11525.39,792.11
2022,All bedrooms,All property types,Dublin,Euro,1620.09,18395,1458154,1298.127292225201,0.08807230225604784,9895.73,13623.77,1383.09,11525.39,792.11
2022,1 to 3 bed,All property types,Dublin,Euro,1618.86,18395,1458154,1230.7152459016395,0.08800543625985321,9895.73,13623.77,1383.09,11525.39,792.11
2022,1 to 2 bed,All property types,Dublin,Euro,1618.08,18395,1458154,1184.0090322580645,0.08796303343299809,9895.73,13623.77,1383.09,11525.39,792.11
2022,1 to 3 bed,All property types,Dublin,Euro,1617.65,18395,1458154,1230.7152459016395,0.08793965751562925,9895.73,13623.77,1383.09,11525.39,792.11
2022,1 to 3 bed,All property types,Dublin,Euro,1616.57,18395,1458154,1230.7152459016395,0.08788094590921446,9895.73,13623.77,1383.09,11525.39,792.11
2022,1 to 3 bed,All property types,Dublin,Euro,1616.48,18395,1458154,1230.7152459016395,0.08787605327534656,9895.73,13623.77,1383.09,11525.39,792.11
2022,1 to 2 bed,All property types,Dublin,Euro,1616.04,18395,1458154,1184.0090322580645,0.08785213373199238,9895.73,13623.77,1383.09,11525.39,792.11
2022,1 to 3 bed,All property types,Dublin,Euro,1615.48,18395,1458154,1230.7152459016395,0.08782169067681435,9895.73,13623.77,1383.09,11525.39,792.11
2022,1 to 2 bed,All property types,Dublin,Euro,1615.45,18395,1458154,1184.0090322580645,0.08782005979885839,9895.73,13623.77,1383.09,11525.39,792.11
2022,1 to 3 bed,All property types,Dublin,Euro,1615.33,18395,1458154,1230.7152459016395,0.08781353628703452,9895.73,13623.77,1383.09,11525.39,792.11
2022,1 to 3 bed,All property types,Dublin,Euro,1612.48,18395,1458154,1230.7152459016395,0.08765860288121773,9895.73,13623.77,1383.09,11525.39,792.11
2022,One bed,All property types,Dublin,Euro,1610.89,18395,1458154,1057.0936904761904,0.08757216634955152,9895.73,13623.77,1383.09,11525.39,792.11
2022,All bedrooms,All property types,Dublin,Euro,1610.47,18395,1458154,1298.127292225201,0.08754933405816798,9895.73,13623.77,1383.09,11525.39,792.11
2022,Two bed,All property types,Dublin,Euro,1609.76,18395,1458154,1274.9833802816902,0.08751073661321011,9895.73,13623.77,1383.09,11525.39,792.11
2022,One bed,All property types,Dublin,Euro,1608.34,18395,1458154,1057.0936904761904,0.08743354172329437,9895.73,13623.77,1383.09,11525.39,792.11
2022,Two bed,All property types,Dublin,Euro,1608.11,18395,1458154,1274.9833802816902,0.08742103832563196,9895.73,13623.77,1383.09,11525.39,792.11
2022,1 to 2 bed,All property types,Dublin,Euro,1608.1,18395,1458154,1184.0090322580645,0.08742049469964663,9895.73,13623.77,1383.09,11525.39,792.11
2022,1 to 3 bed,All property types,Dublin,Euro,1606.71,18395,1458154,1230.7152459016395,0.08734493068768687,9895.73,13623.77,1383.09,11525.39,792.11
2022,Three bed,All property types,Dublin,Euro,1606.17,18395,1458154,1385.131496350365,0.08731557488447948,9895.73,13623.77,1383.09,11525.39,792.11
2022,All bedrooms,All property types,Dublin,Euro,1604.78,18395,1458154,1298.127292225201,0.0872400108725197,9895.73,13623.77,1383.09,11525.39,792.11
2022,One bed,All property types,Dublin,Euro,1603.74,18395,1458154,1057.0936904761904,0.0871834737700462,9895.73,13623.77,1383.09,11525.39,792.11
2022,All bedrooms,All property types,Dublin,Euro,1602.26,18395,1458154,1298.127292225201,0.08710301712421854,9895.73,13623.77,1383.09,11525.39,792.11
2022,1 to 3 bed,All property types,Dublin,Euro,1598.72,18395,1458154,1230.7152459016395,0.08691057352541452,9895.73,13623.77,1383.09,11525.39,792.11
2022,Two bed,All property types,Dublin,Euro,1597.91,18395,1458154,1274.9833802816902,0.08686653982060343,9895.73,13623.77,1383.09,11525.39,792.11
2022,1 to 2 bed,All property types,Dublin,Euro,1593.58,18395,1458154,1184.0090322580645,0.08663114976895896,9895.73,13623.77,1383.09,11525.39,792.11
2022,1 to 2 bed,All property types,Dublin,Euro,1592.61,18395,1458154,1184.0090322580645,0.0865784180483827,9895.73,13623.77,1383.09,11525.39,792.11
2022,All bedrooms,All property types,Dublin,Euro,1592.01,18395,1458154,1298.127292225201,0.08654580048926339,9895.73,13623.77,1383.09,11525.39,792.11
2022,1 to 2 bed,All property types,Dublin,Euro,1590.16,18395,1458154,1184.0090322580645,0.0864452296819788,9895.73,13623.77,1383.09,11525.39,792.11
2022,1 to 3 bed,All property types,Dublin,Euro,1590.05,18395,1458154,1230.7152459016395,0.08643924979614025,9895.73,13623.77,1383.09,11525.39,792.11
2022,Two bed,All property types,Dublin,Euro,1589.13,18395,1458154,1274.9833802816902,0.08638923620549063,9895.73,13623.77,1383.09,11525.39,792.11
2022,1 to 2 bed,All property types,Dublin,Euro,1587.73,18395,1458154,1184.0090322580645,0.08631312856754553,9895.73,13623.77,1383.09,11525.39,792.11
2022,Two bed,All property types,Dublin,Euro,1587.32,18395,1458154,1274.9833802816902,0.08629083990214732,9895.73,13623.77,1383.09,11525.39,792.11
2022,Two bed,All property types,Dublin,Euro,1587.24,18395,1458154,1274.9833802816902,0.08628649089426475,9895.73,13623.77,1383.09,11525.39,792.11
2022,One bed,All property types,Dublin,Euro,1586.98,18395,1458154,1057.0936904761904,0.08627235661864638,9895.73,13623.77,1383.09,11525.39,792.11
2022,Two bed,All property types,Dublin,Euro,1586.86,18395,1458154,1274.9833802816902,0.0862658331068225,9895.73,13623.77,1383.09,11525.39,792.11
2022,1 to 2 bed,All property types,Dublin,Euro,1586.14,18395,1458154,1184.0090322580645,0.08622669203587932,9895.73,13623.77,1383.09,11525.39,792.11
2022,1 to 3 bed,All property types,Dublin,Euro,1585.73,18395,1458154,1230.7152459016395,0.08620440337048112,9895.73,13623.77,1383.09,11525.39,792.11
2022,Two bed,All property types,Dublin,Euro,1585.69,18395,1458154,1274.9833802816902,0.08620222886653982,9895.73,13623.77,1383.09,11525.39,792.11
2022,1 to 3 bed,All property types,Dublin,Euro,1585.46,18395,1458154,1230.7152459016395,0.08618972546887742,9895.73,13623.77,1383.09,11525.39,792.11
2022,1 to 2 bed,All property types,Dublin,Euro,1584.32,18395,1458154,1184.0090322580645,0.08612775210655069,9895.73,13623.77,1383.09,11525.39,792.11
2022,1 to 2 bed,All property types,Dublin,Euro,1584.27,18395,1458154,1184.0090322580645,0.08612503397662408,9895.73,13623.77,1383.09,11525.39,792.11
2022,One bed,All property types,Dublin,Euro,1584.08,18395,1458154,1057.0936904761904,0.08611470508290296,9895.73,13623.77,1383.09,11525.39,792.11
2022,All bedrooms,All property types,Dublin,Euro,1583.73,18395,1458154,1298.127292225201,0.08609567817341669,9895.73,13623.77,1383.09,11525.39,792.11
2022,All bedrooms,All property types,Dublin,Euro,1582.74,18395,1458154,1298.127292225201,0.0860418592008698,9895.73,13623.77,1383.09,11525.39,792.11
2022,1 to 2 bed,All property types,Dublin,Euro,1582.01,18395,1458154,1184.0090322580645,0.08600217450394129,9895.73,13623.77,1383.09,11525.39,792.11
2022,1 to 2 bed,All property types,Dublin,Euro,1581.06,18395,1458154,1184.0090322580645,0.08595053003533569,9895.73,13623.77,1383.09,11525.39,792.11
2022,1 to 3 bed,All property types,Dublin,Euro,1579.57,18395,1458154,1230.7152459016395,0.08586952976352269,9895.73,13623.77,1383.09,11525.39,792.11
2022,One bed,All property types,Dublin,Euro,1579.3,18395,1458154,1057.0936904761904,0.08585485186191899,9895.73,13623.77,1383.09,11525.39,792.11
2022,All bedrooms,All property types,Dublin,Euro,1579.07,18395,1458154,1298.127292225201,0.08584234846425659,9895.73,13623.77,1383.09,11525.39,792.11
2022,Two bed,All property types,Dublin,Euro,1573.98,18395,1458154,1274.9833802816902,0.08556564283772765,9895.73,13623.77,1383.09,11525.39,792.11
2022,All bedrooms,All property types,Dublin,Euro,1573.27,18395,1458154,1298.127292225201,0.08552704539276977,9895.73,13623.77,1383.09,11525.39,792.11
2022,All bedrooms,All property types,Dublin,Euro,1573.19,18395,1458154,1298.127292225201,0.0855226963848872,9895.73,13623.77,1383.09,11525.39,792.11
2022,All bedrooms,All property types,Dublin,Euro,1571.87,18395,1458154,1298.127292225201,0.08545093775482468,9895.73,13623.77,1383.09,11525.39,792.11
2022,1 to 2 bed,All property types,Dublin,Euro,1571.23,18395,1458154,1184.0090322580645,0.08541614569176406,9895.73,13623.77,1383.09,11525.39,792.11
2022,1 to 2 bed,All property types,Dublin,Euro,1570.75,18395,1458154,1184.0090322580645,0.08539005164446861,9895.73,13623.77,1383.09,11525.39,792.11
2022,1 to 3 bed,All property types,Dublin,Euro,1569.07,18395,1458154,1230.7152459016395,0.08529872247893448,9895.73,13623.77,1383.09,11525.39,792.11
2022,One bed,All property types,Dublin,Euro,1567.19,18395,1458154,1057.0936904761904,0.08519652079369394,9895.73,13623.77,1383.09,11525.39,792.11
2022,1 to 3 bed,All property types,Dublin,Euro,1565.39,18395,1458154,1230.7152459016395,0.08509866811633597,9895.73,13623.77,1383.09,11525.39,792.11
2022,1 to 3 bed,All property types,Dublin,Euro,1561.48,18395,1458154,1230.7152459016395,0.08488611035607502,9895.73,13623.77,1383.09,11525.39,792.11
2022,1 to 2 bed,All property types,Dublin,Euro,1561.2,18395,1458154,1184.0090322580645,0.08487088882848601,9895.73,13623.77,1383.09,11525.39,792.11
2022,One bed,All property types,Dublin,Euro,1560.67,18395,1458154,1057.0936904761904,0.08484207665126393,9895.73,13623.77,1383.09,11525.39,792.11
2022,Two bed,All property types,Dublin,Euro,1560.22,18395,1458154,1274.9833802816902,0.08481761348192443,9895.73,13623.77,1383.09,11525.39,792.11
2022,1 to 3 bed,All property types,Dublin,Euro,1559.4,18395,1458154,1230.7152459016395,0.08477303615112802,9895.73,13623.77,1383.09,11525.39,792.11
2022,1 to 3 bed,All property types,Dublin,Euro,1558.47,18395,1458154,1230.7152459016395,0.08472247893449307,9895.73,13623.77,1383.09,11525.39,792.11
2022,1 to 3 bed,All property types,Dublin,Euro,1557.55,18395,1458154,1230.7152459016395,0.08467246534384343,9895.73,13623.77,1383.09,11525.39,792.11
2022,All bedrooms,All property types,Dublin,Euro,1557.35,18395,1458154,1298.127292225201,0.08466159282413699,9895.73,13623.77,1383.09,11525.39,792.11
2022,One bed,All property types,Dublin,Euro,1553.59,18395,1458154,1057.0936904761904,0.08445718945365588,9895.73,13623.77,1383.09,11525.39,792.11
2022,Two bed,All property types,Dublin,Euro,1551.07,18395,1458154,1274.9833802816902,0.0843201957053547,9895.73,13623.77,1383.09,11525.39,792.11
2022,1 to 3 bed,All property types,Dublin,Euro,1549.43,18395,1458154,1230.7152459016395,0.08423104104376189,9895.73,13623.77,1383.09,11525.39,792.11
2022,1 to 2 bed,All property types,Dublin,Euro,1548.43,18395,1458154,1184.0090322580645,0.08417667844522969,9895.73,13623.77,1383.09,11525.39,792.11
2022,One bed,All property types,Dublin,Euro,1547.72,18395,1458154,1057.0936904761904,0.08413808100027181,9895.73,13623.77,1383.09,11525.39,792.11
2022,All bedrooms,All property types,Dublin,Euro,1545.12,18395,1458154,1298.127292225201,0.08399673824408806,9895.73,13623.77,1383.09,11525.39,792.11
2022,Two bed,All property types,Dublin,Euro,1543.41,18395,1458154,1274.9833802816902,0.083903778200598,9895.73,13623.77,1383.09,11525.39,792.11
2022,One bed,All property types,Dublin,Euro,1541.77,18395,1458154,1057.0936904761904,0.08381462353900516,9895.73,13623.77,1383.09,11525.39,792.11
2022,1 to 2 bed,All property types,Dublin,Euro,1538.98,18395,1458154,1184.0090322580645,0.0836629518891003,9895.73,13623.77,1383.09,11525.39,792.11
2022,1 to 2 bed,All property types,Dublin,Euro,1537.96,18395,1458154,1184.0090322580645,0.08360750203859744,9895.73,13623.77,1383.09,11525.39,792.11
2022,All bedrooms,All property types,Dublin,Euro,1536.77,18395,1458154,1298.127292225201,0.08354281054634412,9895.73,13623.77,1383.09,11525.39,792.11
2022,Two bed,All property types,Dublin,Euro,1532.78,18395,1458154,1274.9833802816902,0.0833259037782006,9895.73,13623.77,1383.09,11525.39,792.11
2022,1 to 2 bed,All property types,Dublin,Euro,1532.64,18395,1458154,1184.0090322580645,0.08331829301440609,9895.73,13623.77,1383.09,11525.39,792.11
2022,1 to 3 bed,All property types,Dublin,Euro,1528.5,18395,1458154,1230.7152459016395,0.08309323185648274,9895.73,13623.77,1383.09,11525.39,792.11
2022,All bedrooms,All property types,Dublin,Euro,1526.87,18395,1458154,1298.127292225201,0.08300462082087523,9895.73,13623.77,1383.09,11525.39,792.11
2022,1 to 2 bed,All property types,Dublin,Euro,1524.66,18395,1458154,1184.0090322580645,0.08288447947811906,9895.73,13623.77,1383.09,11525.39,792.11
2022,1 to 2 bed,All property types,Dublin,Euro,1523.65,18395,1458154,1184.0090322580645,0.08282957325360153,9895.73,13623.77,1383.09,11525.39,792.11
2022,1 to 3 bed,All property types,Dublin,Euro,1523.53,18395,1458154,1230.7152459016395,0.08282304974177765,9895.73,13623.77,1383.09,11525.39,792.11
2022,1 to 3 bed,All property types,Dublin,Euro,1523.32,18395,1458154,1230.7152459016395,0.08281163359608588,9895.73,13623.77,1383.09,11525.39,792.11
2022,1 to 2 bed,All property types,Dublin,Euro,1522.86,18395,1458154,1184.0090322580645,0.08278662680076107,9895.73,13623.77,1383.09,11525.39,792.11
2022,1 to 3 bed,All property types,Dublin,Euro,1522.41,18395,1458154,1230.7152459016395,0.08276216363142158,9895.73,13623.77,1383.09,11525.39,792.11
2022,1 to 2 bed,All property types,Dublin,Euro,1516.41,18395,1458154,1184.0090322580645,0.08243598804022832,9895.73,13623.77,1383.09,11525.39,792.11
2022,1 to 3 bed,All property types,Dublin,Euro,1514.76,18395,1458154,1230.7152459016395,0.08234628975265018,9895.73,13623.77,1383.09,11525.39,792.11
2022,All bedrooms,All property types,Dublin,Euro,1514.03,18395,1458154,1298.127292225201,0.08230660505572167,9895.73,13623.77,1383.09,11525.39,792.11
2022,One bed,All property types,Dublin,Euro,1512.23,18395,1458154,1057.0936904761904,0.08220875237836368,9895.73,13623.77,1383.09,11525.39,792.11
2022,1 to 3 bed,All property types,Dublin,Euro,1506.87,18395,1458154,1230.7152459016395,0.08191736885023103,9895.73,13623.77,1383.09,11525.39,792.11
2022,1 to 2 bed,All property types,Dublin,Euro,1502.32,18395,1458154,1184.0090322580645,0.08167001902690949,9895.73,13623.77,1383.09,11525.39,792.11
2022,1 to 3 bed,All property types,Dublin,Euro,1501.91,18395,1458154,1230.7152459016395,0.08164773036151128,9895.73,13623.77,1383.09,11525.39,792.11
2022,Two bed,All property types,Dublin,Euro,1501.7,18395,1458154,1274.9833802816902,0.08163631421581952,9895.73,13623.77,1383.09,11525.39,792.11
2022,1 to 3 bed,All property types,Dublin,Euro,1501.67,18395,1458154,1230.7152459016395,0.08163468333786356,9895.73,13623.77,1383.09,11525.39,792.11
2022,1 to 2 bed,All property types,Dublin,Euro,1499.82,18395,1458154,1184.0090322580645,0.08153411253057896,9895.73,13623.77,1383.09,11525.39,792.11
2022,1 to 2 bed,All property types,Dublin,Euro,1498.39,18395,1458154,1184.0090322580645,0.08145637401467791,9895.73,13623.77,1383.09,11525.39,792.11
2022,1 to 2 bed,All property types,Dublin,Euro,1495.73,18395,1458154,1184.0090322580645,0.08131176950258222,9895.73,13623.77,1383.09,11525.39,792.11
2022,One bed,All property types,Dublin,Euro,1494.33,18395,1458154,1057.0936904761904,0.08123566186463713,9895.73,13623.77,1383.09,11525.39,792.11
2022,1 to 2 bed,All property types,Dublin,Euro,1493.09,18395,1458154,1184.0090322580645,0.08116825224245719,9895.73,13623.77,1383.09,11525.39,792.11
2022,All bedrooms,All property types,Dublin,Euro,1493.02,18395,1458154,1298.127292225201,0.08116444686055993,9895.73,13623.77,1383.09,11525.39,792.11
2022,1 to 2 bed,All property types,Dublin,Euro,1492.37,18395,1458154,1184.0090322580645,0.08112911117151399,9895.73,13623.77,1383.09,11525.39,792.11
2022,1 to 3 bed,All property types,Dublin,Euro,1492.26,18395,1458154,1230.7152459016395,0.08112313128567546,9895.73,13623.77,1383.09,11525.39,792.11
2022,1 to 2 bed,All property types,Dublin,Euro,1492.18,18395,1458154,1184.0090322580645,0.08111878227779289,9895.73,13623.77,1383.09,11525.39,792.11
2022,One bed,All property types,Dublin,Euro,1490.26,18395,1458154,1057.0936904761904,0.08101440608861103,9895.73,13623.77,1383.09,11525.39,792.11
2022,One bed,All property types,Dublin,Euro,1489.91,18395,1458154,1057.0936904761904,0.08099537917912476,9895.73,13623.77,1383.09,11525.39,792.11
2022,1 to 3 bed,All property types,Dublin,Euro,1489.29,18395,1458154,1230.7152459016395,0.0809616743680348,9895.73,13623.77,1383.09,11525.39,792.11
2022,One bed,All property types,Dublin,Euro,1486.13,18395,1458154,1057.0936904761904,0.08078988855667302,9895.73,13623.77,1383.09,11525.39,792.11
2022,1 to 2 bed,All property types,Dublin,Euro,1479.46,18395,1458154,1184.0090322580645,0.08042729002446317,9895.73,13623.77,1383.09,11525.39,792.11
2022,Two bed,All property types,Dublin,Euro,1479.29,18395,1458154,1274.9833802816902,0.08041804838271269,9895.73,13623.77,1383.09,11525.39,792.11
2022,1 to 2 bed,All property types,Dublin,Euro,1479.29,18395,1458154,1184.0090322580645,0.08041804838271269,9895.73,13623.77,1383.09,11525.39,792.11
2022,One bed,All property types,Dublin,Euro,1473.57,18395,1458154,1057.0936904761904,0.08010709431910845,9895.73,13623.77,1383.09,11525.39,792.11
2022,1 to 2 bed,All property types,Dublin,Euro,1473.57,18395,1458154,1184.0090322580645,0.08010709431910845,9895.73,13623.77,1383.09,11525.39,792.11
2022,One bed,All property types,Dublin,Euro,1473.26,18395,1458154,1057.0936904761904,0.08009024191356347,9895.73,13623.77,1383.09,11525.39,792.11
2022,All bedrooms,All property types,Dublin,Euro,1469.31,18395,1458154,1298.127292225201,0.07987550964936124,9895.73,13623.77,1383.09,11525.39,792.11
2022,1 to 2 bed,All property types,Dublin,Euro,1466.92,18395,1458154,1184.0090322580645,0.07974558303886926,9895.73,13623.77,1383.09,11525.39,792.11
2022,1 to 2 bed,All property types,Dublin,Euro,1466.85,18395,1458154,1184.0090322580645,0.079741777656972,9895.73,13623.77,1383.09,11525.39,792.11
2022,All bedrooms,All property types,Dublin,Euro,1463.13,18395,1458154,1298.127292225201,0.0795395487904322,9895.73,13623.77,1383.09,11525.39,792.11
2022,1 to 3 bed,All property types,Dublin,Euro,1463.13,18395,1458154,1230.7152459016395,0.0795395487904322,9895.73,13623.77,1383.09,11525.39,792.11
2022,One bed,All property types,Dublin,Euro,1461.93,18395,1458154,1057.0936904761904,0.07947431367219353,9895.73,13623.77,1383.09,11525.39,792.11
2022,Two bed,All property types,Dublin,Euro,1461.19,18395,1458154,1274.9833802816902,0.0794340853492797,9895.73,13623.77,1383.09,11525.39,792.11
2022,One bed,All property types,Dublin,Euro,1461.11,18395,1458154,1057.0936904761904,0.07942973634139712,9895.73,13623.77,1383.09,11525.39,792.11
2022,One bed,All property types,Dublin,Euro,1454.72,18395,1458154,1057.0936904761904,0.0790823593367763,9895.73,13623.77,1383.09,11525.39,792.11
2022,One bed,All property types,Dublin,Euro,1450.09,18395,1458154,1057.0936904761904,0.07883066050557216,9895.73,13623.77,1383.09,11525.39,792.11
2022,1 to 3 bed,All property types,Dublin,Euro,1449.42,18395,1458154,1230.7152459016395,0.07879423756455559,9895.73,13623.77,1383.09,11525.39,792.11
2022,One bed,All property types,Dublin,Euro,1449.28,18395,1458154,1057.0936904761904,0.07878662680076108,9895.73,13623.77,1383.09,11525.39,792.11
2022,One bed,All property types,Dublin,Euro,1447.3,18395,1458154,1057.0936904761904,0.07867898885566729,9895.73,13623.77,1383.09,11525.39,792.11
2022,1 to 2 bed,All property types,Dublin,Euro,1445.54,18395,1458154,1184.0090322580645,0.0785833106822506,9895.73,13623.77,1383.09,11525.39,792.11
2022,1 to 2 bed,All property types,Dublin,Euro,1442.27,18395,1458154,1184.0090322580645,0.07840554498505029,9895.73,13623.77,1383.09,11525.39,792.11
2022,1 to 3 bed,All property types,Dublin,Euro,1439.74,18395,1458154,1230.7152459016395,0.0782680076107638,9895.73,13623.77,1383.09,11525.39,792.11
2022,One bed,All property types,Dublin,Euro,1438.49,18395,1458154,1057.0936904761904,0.07820005436259854,9895.73,13623.77,1383.09,11525.39,792.11
2022,One bed,All property types,Dublin,Euro,1438.37,18395,1458154,1057.0936904761904,0.07819353085077466,9895.73,13623.77,1383.09,11525.39,792.11
2022,1 to 3 bed,All property types,Dublin,Euro,1437.5,18395,1458154,1230.7152459016395,0.07814623539005164,9895.73,13623.77,1383.09,11525.39,792.11
2022,1 to 2 bed,All property types,Dublin,Euro,1435.22,18395,1458154,1184.0090322580645,0.0780222886653982,9895.73,13623.77,1383.09,11525.39,792.11
2022,1 to 2 bed,All property types,Dublin,Euro,1430.96,18395,1458154,1184.0090322580645,0.077790703995651,9895.73,13623.77,1383.09,11525.39,792.11
2022,1 to 2 bed,All property types,Dublin,Euro,1426.25,18395,1458154,1184.0090322580645,0.07753465615656428,9895.73,13623.77,1383.09,11525.39,792.11
2022,1 to 2 bed,All property types,Dublin,Euro,1422.65,18395,1458154,1184.0090322580645,0.07733895080184833,9895.73,13623.77,1383.09,11525.39,792.11
2022,1 to 2 bed,All property types,Dublin,Euro,1413.08,18395,1458154,1184.0090322580645,0.07681870073389507,9895.73,13623.77,1383.09,11525.39,792.11
2022,One bed,All property types,Dublin,Euro,1412.13,18395,1458154,1057.0936904761904,0.07676705626528949,9895.73,13623.77,1383.09,11525.39,792.11
2022,Two bed,All property types,Dublin,Euro,1405.47,18395,1458154,1274.9833802816902,0.07640500135906496,9895.73,13623.77,1383.09,11525.39,792.11
2022,1 to 2 bed,All property types,Dublin,Euro,1402.9,18395,1458154,1184.0090322580645,0.07626528948083719,9895.73,13623.77,1383.09,11525.39,792.11
2022,One bed,All property types,Dublin,Euro,1401.81,18395,1458154,1057.0936904761904,0.07620603424843707,9895.73,13623.77,1383.09,11525.39,792.11
2022,Two bed,All property types,Dublin,Euro,1391.6,18395,1458154,1274.9833802816902,0.07565099211742321,9895.73,13623.77,1383.09,11525.39,792.11
2022,1 to 2 bed,All property types,Dublin,Euro,1390.26,18395,1458154,1184.0090322580645,0.07557814623539005,9895.73,13623.77,1383.09,11525.39,792.11
2022,One bed,All property types,Dublin,Euro,1389.88,18395,1458154,1057.0936904761904,0.07555748844794782,9895.73,13623.77,1383.09,11525.39,792.11
2022,One bed,All property types,Dublin,Euro,1389.87,18395,1458154,1057.0936904761904,0.07555694482196249,9895.73,13623.77,1383.09,11525.39,792.11
2022,One bed,All property types,Dublin,Euro,1381.24,18395,1458154,1057.0936904761904,0.07508779559662952,9895.73,13623.77,1383.09,11525.39,792.11
2022,1 to 2 bed,All property types,Dublin,Euro,1374.89,18395,1458154,1184.0090322580645,0.07474259309595,9895.73,13623.77,1383.09,11525.39,792.11
2022,One bed,All property types,Dublin,Euro,1369.97,18395,1458154,1057.0936904761904,0.07447512911117152,9895.73,13623.77,1383.09,11525.39,792.11
2022,One bed,All property types,Dublin,Euro,1369.31,18395,1458154,1057.0936904761904,0.07443924979614025,9895.73,13623.77,1383.09,11525.39,792.11
2022,1 to 2 bed,All property types,Dublin,Euro,1366.38,18395,1458154,1184.0090322580645,0.07427996738244089,9895.73,13623.77,1383.09,11525.39,792.11
2022,1 to 2 bed,All property types,Dublin,Euro,1364.25,18395,1458154,1184.0090322580645,0.07416417504756727,9895.73,13623.77,1383.09,11525.39,792.11
2022,1 to 2 bed,All property types,Dublin,Euro,1364.23,18395,1458154,1184.0090322580645,0.07416308779559663,9895.73,13623.77,1383.09,11525.39,792.11
2022,One bed,All property types,Dublin,Euro,1358.96,18395,1458154,1057.0936904761904,0.07387659690133189,9895.73,13623.77,1383.09,11525.39,792.11
2022,One bed,All property types,Dublin,Euro,1356.33,18395,1458154,1057.0936904761904,0.07373362326719217,9895.73,13623.77,1383.09,11525.39,792.11
2022,One bed,All property types,Dublin,Euro,1345.39,18395,1458154,1057.0936904761904,0.0731388964392498,9895.73,13623.77,1383.09,11525.39,792.11
2022,One bed,All property types,Dublin,Euro,1342.47,18395,1458154,1057.0936904761904,0.07298015765153575,9895.73,13623.77,1383.09,11525.39,792.11
2022,One bed,All property types,Dublin,Euro,1341.99,18395,1458154,1057.0936904761904,0.07295406360424028,9895.73,13623.77,1383.09,11525.39,792.11
2022,1 to 2 bed,All property types,Dublin,Euro,1341.51,18395,1458154,1184.0090322580645,0.07292796955694482,9895.73,13623.77,1383.09,11525.39,792.11
2022,One bed,All property types,Dublin,Euro,1333.35,18395,1458154,1057.0936904761904,0.07248437075292198,9895.73,13623.77,1383.09,11525.39,792.11
2022,One bed,All property types,Dublin,Euro,1329.88,18395,1458154,1057.0936904761904,0.07229573253601523,9895.73,13623.77,1383.09,11525.39,792.11
2022,1 to 2 bed,All property types,Dublin,Euro,1327.61,18395,1458154,1184.0090322580645,0.0721723294373471,9895.73,13623.77,1383.09,11525.39,792.11
2022,All bedrooms,All property types,Dublin,Euro,1324.02,18395,1458154,1298.127292225201,0.07197716770861647,9895.73,13623.77,1383.09,11525.39,792.11
2022,One bed,All property types,Dublin,Euro,1323.06,18395,1458154,1057.0936904761904,0.07192497961402555,9895.73,13623.77,1383.09,11525.39,792.11
2022,One bed,All property types,Dublin,Euro,1304.09,18395,1458154,1057.0936904761904,0.07089372111986952,9895.73,13623.77,1383.09,11525.39,792.11
2022,One bed,All property types,Dublin,Euro,1297.26,18395,1458154,1057.0936904761904,0.07052242457189453,9895.73,13623.77,1383.09,11525.39,792.11
2022,One bed,All property types,Dublin,Euro,1294.47,18395,1458154,1057.0936904761904,0.07037075292198967,9895.73,13623.77,1383.09,11525.39,792.11
2022,1 to 3 bed,All property types,Dublin,Euro,1286.09,18395,1458154,1230.7152459016395,0.06991519434628975,9895.73,13623.77,1383.09,11525.39,792.11
2022,One bed,All property types,Dublin,Euro,1285.82,18395,1458154,1057.0936904761904,0.06990051644468605,9895.73,13623.77,1383.09,11525.39,792.11
2022,One bed,All property types,Dublin,Euro,1285.47,18395,1458154,1057.0936904761904,0.06988148953519978,9895.73,13623.77,1383.09,11525.39,792.11
2022,One bed,All property types,Dublin,Euro,1275.42,18395,1458154,1057.0936904761904,0.06933514541995107,9895.73,13623.77,1383.09,11525.39,792.11
2022,One bed,All property types,Dublin,Euro,1275.34,18395,1458154,1057.0936904761904,0.06933079641206849,9895.73,13623.77,1383.09,11525.39,792.11
2022,One bed,All property types,Dublin,Euro,1272.99,18395,1458154,1057.0936904761904,0.06920304430551781,9895.73,13623.77,1383.09,11525.39,792.11
2022,1 to 2 bed,All property types,Dublin,Euro,1257.19,18395,1458154,1184.0090322580645,0.0683441152487089,9895.73,13623.77,1383.09,11525.39,792.11
2022,One bed,All property types,Dublin,Euro,1255.7,18395,1458154,1057.0936904761904,0.0682631149768959,9895.73,13623.77,1383.09,11525.39,792.11
2022,One bed,All property types,Dublin,Euro,1255.23,18395,1458154,1057.0936904761904,0.06823756455558576,9895.73,13623.77,1383.09,11525.39,792.11
2022,One bed,All property types,Dublin,Euro,1251.85,18395,1458154,1057.0936904761904,0.06805381897254688,9895.73,13623.77,1383.09,11525.39,792.11
2022,One bed,All property types,Dublin,Euro,1249.62,18395,1458154,1057.0936904761904,0.06793259037782005,9895.73,13623.77,1383.09,11525.39,792.11
2022,One bed,All property types,Dublin,Euro,1246.6,18395,1458154,1057.0936904761904,0.06776841533025278,9895.73,13623.77,1383.09,11525.39,792.11
2022,One bed,All property types,Dublin,Euro,1241.15,18395,1458154,1057.0936904761904,0.06747213916825225,9895.73,13623.77,1383.09,11525.39,792.11
2022,One bed,All property types,Dublin,Euro,1241.01,18395,1458154,1057.0936904761904,0.06746452840445773,9895.73,13623.77,1383.09,11525.39,792.11
2022,One bed,All property types,Dublin,Euro,1238.34,18395,1458154,1057.0936904761904,0.06731938026637672,9895.73,13623.77,1383.09,11525.39,792.11
2022,1 to 2 bed,All property types,Dublin,Euro,1230.48,18395,1458154,1184.0090322580645,0.06689209024191356,9895.73,13623.77,1383.09,11525.39,792.11
2022,One bed,All property types,Dublin,Euro,1211.65,18395,1458154,1057.0936904761904,0.06586844251155206,9895.73,13623.77,1383.09,11525.39,792.11
2022,One bed,All property types,Dublin,Euro,1207.35,18395,1458154,1057.0936904761904,0.06563468333786354,9895.73,13623.77,1383.09,11525.39,792.11
2022,One bed,All property types,Dublin,Euro,1189.66,18395,1458154,1057.0936904761904,0.06467300896982876,9895.73,13623.77,1383.09,11525.39,792.11
2022,One bed,All property types,Dublin,Euro,1185.56,18395,1458154,1057.0936904761904,0.0644501223158467,9895.73,13623.77,1383.09,11525.39,792.11
2022,All bedrooms,All property types,Dublin,Euro,1137.65,18395,1458154,1298.127292225201,0.06184561022016853,9895.73,13623.77,1383.09,11525.39,792.11
2022,One bed,All property types,Dublin,Euro,1117.24,18395,1458154,1057.0936904761904,0.06073606958412612,9895.73,13623.77,1383.09,11525.39,792.11
2022,1 to 3 bed,All property types,Dublin,Euro,1102.45,18395,1458154,1230.7152459016395,0.05993204675183474,9895.73,13623.77,1383.09,11525.39,792.11
2022,One bed,All property types,Dublin,Euro,1096.36,18395,1458154,1057.0936904761904,0.059600978526773575,9895.73,13623.77,1383.09,11525.39,792.11
2022,One bed,All property types,Dublin,Euro,1090.13,18395,1458154,1057.0936904761904,0.059262299537917916,9895.73,13623.77,1383.09,11525.39,792.11
2022,One bed,All property types,Dublin,Euro,1072.15,18395,1458154,1057.0936904761904,0.05828486001630878,9895.73,13623.77,1383.09,11525.39,792.11
2022,1 to 2 bed,All property types,Dublin,Euro,1059.81,18395,1458154,1184.0090322580645,0.057614025550421305,9895.73,13623.77,1383.09,11525.39,792.11
2022,One bed,All property types,Dublin,Euro,950.35,18395,1458154,1057.0936904761904,0.051663495515085624,9895.73,13623.77,1383.09,11525.39,792.11
2022,Four plus bed,All property types,Galway,Euro,1893.71,10500,277737,1680.8637333333334,0.18035333333333334,376.52,1018.22,148.58,267.17,74.62
2022,Four plus bed,All property types,Galway,Euro,1871.56,10500,277737,1680.8637333333334,0.17824380952380953,376.52,1018.22,148.58,267.17,74.62
2022,Four plus bed,All property types,Galway,Euro,1794.36,10500,277737,1680.8637333333334,0.17089142857142856,376.52,1018.22,148.58,267.17,74.62
2022,All bedrooms,All property types,Galway,Euro,1737.18,10500,277737,1298.127292225201,0.16544571428571428,376.52,1018.22,148.58,267.17,74.62
2022,Four plus bed,All property types,Galway,Euro,1690.67,10500,277737,1680.8637333333334,0.16101619047619048,376.52,1018.22,148.58,267.17,74.62
2022,Four plus bed,All property types,Galway,Euro,1588.01,10500,277737,1680.8637333333334,0.1512390476190476,376.52,1018.22,148.58,267.17,74.62
2022,Four plus bed,All property types,Galway,Euro,1547.14,10500,277737,1680.8637333333334,0.14734666666666668,376.52,1018.22,148.58,267.17,74.62
2022,All bedrooms,All property types,Galway,Euro,1470.81,10500,277737,1298.127292225201,0.14007714285714284,376.52,1018.22,148.58,267.17,74.62
2022,Three bed,All property types,Galway,Euro,1463.27,10500,277737,1385.131496350365,0.1393590476190476,376.52,1018.22,148.58,267.17,74.62
2022,Four plus bed,All property types,Galway,Euro,1455.64,10500,277737,1680.8637333333334,0.13863238095238095,376.52,1018.22,148.58,267.17,74.62
2022,All bedrooms,All property types,Galway,Euro,1452.12,10500,277737,1298.127292225201,0.13829714285714284,376.52,1018.22,148.58,267.17,74.62
2022,All bedrooms,All property types,Galway,Euro,1445.9,10500,277737,1298.127292225201,0.1377047619047619,376.52,1018.22,148.58,267.17,74.62
2022,Four plus bed,All property types,Galway,Euro,1439.43,10500,277737,1680.8637333333334,0.13708857142857145,376.52,1018.22,148.58,267.17,74.62
2022,Three bed,All property types,Galway,Euro,1429.96,10500,277737,1385.131496350365,0.13618666666666668,376.52,1018.22,148.58,267.17,74.62
2022,All bedrooms,All property types,Galway,Euro,1428.53,10500,277737,1298.127292225201,0.1360504761904762,376.52,1018.22,148.58,267.17,74.62
2022,Four plus bed,All property types,Galway,Euro,1398.57,10500,277737,1680.8637333333334,0.13319714285714285,376.52,1018.22,148.58,267.17,74.62
2022,Four plus bed,All property types,Galway,Euro,1387.79,10500,277737,1680.8637333333334,0.1321704761904762,376.52,1018.22,148.58,267.17,74.62
2022,Three bed,All property types,Galway,Euro,1382.56,10500,277737,1385.131496350365,0.13167238095238096,376.52,1018.22,148.58,267.17,74.62
2022,Two bed,All property types,Galway,Euro,1377.7,10500,277737,1274.9833802816902,0.1312095238095238,376.52,1018.22,148.58,267.17,74.62
2022,1 to 3 bed,All property types,Galway,Euro,1341.17,10500,277737,1230.7152459016395,0.1277304761904762,376.52,1018.22,148.58,267.17,74.62
2022,Three bed,All property types,Galway,Euro,1317.06,10500,277737,1385.131496350365,0.12543428571428572,376.52,1018.22,148.58,267.17,74.62
2022,1 to 2 bed,All property types,Galway,Euro,1314.45,10500,277737,1184.0090322580645,0.1251857142857143,376.52,1018.22,148.58,267.17,74.62
2022,1 to 3 bed,All property types,Galway,Euro,1312.06,10500,277737,1230.7152459016395,0.12495809523809523,376.52,1018.22,148.58,267.17,74.62
2022,All bedrooms,All property types,Galway,Euro,1307.45,10500,277737,1298.127292225201,0.12451904761904763,376.52,1018.22,148.58,267.17,74.62
2022,Two bed,All property types,Galway,Euro,1294.91,10500,277737,1274.9833802816902,0.12332476190476191,376.52,1018.22,148.58,267.17,74.62
2022,All bedrooms,All property types,Galway,Euro,1292.57,10500,277737,1298.127292225201,0.12310190476190476,376.52,1018.22,148.58,267.17,74.62
2022,Two bed,All property types,Galway,Euro,1285.63,10500,277737,1274.9833802816902,0.12244095238095239,376.52,1018.22,148.58,267.17,74.62
2022,Three bed,All property types,Galway,Euro,1277.38,10500,277737,1385.131496350365,0.12165523809523811,376.52,1018.22,148.58,267.17,74.62
2022,All bedrooms,All property types,Galway,Euro,1275.87,10500,277737,1298.127292225201,0.12151142857142856,376.52,1018.22,148.58,267.17,74.62
2022,All bedrooms,All property types,Galway,Euro,1275.85,10500,277737,1298.127292225201,0.1215095238095238,376.52,1018.22,148.58,267.17,74.62
2022,Three bed,All property types,Galway,Euro,1273.6,10500,277737,1385.131496350365,0.12129523809523808,376.52,1018.22,148.58,267.17,74.62
2022,1 to 3 bed,All property types,Galway,Euro,1273.45,10500,277737,1230.7152459016395,0.12128095238095239,376.52,1018.22,148.58,267.17,74.62
2022,Three bed,All property types,Galway,Euro,1263.81,10500,277737,1385.131496350365,0.12036285714285713,376.52,1018.22,148.58,267.17,74.62
2022,Two bed,All property types,Galway,Euro,1255.01,10500,277737,1274.9833802816902,0.1195247619047619,376.52,1018.22,148.58,267.17,74.62
2022,1 to 3 bed,All property types,Galway,Euro,1252.29,10500,277737,1230.7152459016395,0.11926571428571428,376.52,1018.22,148.58,267.17,74.62
2022,All bedrooms,All property types,Galway,Euro,1250.17,10500,277737,1298.127292225201,0.11906380952380953,376.52,1018.22,148.58,267.17,74.62
2022,All bedrooms,All property types,Galway,Euro,1249.15,10500,277737,1298.127292225201,0.11896666666666668,376.52,1018.22,148.58,267.17,74.62
2022,Three bed,All property types,Galway,Euro,1228.8,10500,277737,1385.131496350365,0.11702857142857143,376.52,1018.22,148.58,267.17,74.62
2022,All bedrooms,All property types,Galway,Euro,1224.06,10500,277737,1298.127292225201,0.11657714285714285,376.52,1018.22,148.58,267.17,74.62
2022,1 to 2 bed,All property types,Galway,Euro,1219.39,10500,277737,1184.0090322580645,0.11613238095238096,376.52,1018.22,148.58,267.17,74.62
2022,All bedrooms,All property types,Galway,Euro,1214.26,10500,277737,1298.127292225201,0.11564380952380952,376.52,1018.22,148.58,267.17,74.62
2022,1 to 2 bed,All property types,Galway,Euro,1210.04,10500,277737,1184.0090322580645,0.11524190476190475,376.52,1018.22,148.58,267.17,74.62
2022,Three bed,All property types,Galway,Euro,1201.94,10500,277737,1385.131496350365,0.11447047619047619,376.52,1018.22,148.58,267.17,74.62
2022,1 to 2 bed,All property types,Galway,Euro,1192.26,10500,277737,1184.0090322580645,0.11354857142857143,376.52,1018.22,148.58,267.17,74.62
2022,1 to 3 bed,All property types,Galway,Euro,1177.01,10500,277737,1230.7152459016395,0.11209619047619047,376.52,1018.22,148.58,267.17,74.62
2022,1 to 3 bed,All property types,Galway,Euro,1170.98,10500,277737,1230.7152459016395,0.11152190476190477,376.52,1018.22,148.58,267.17,74.62
2022,Three bed,All property types,Galway,Euro,1166.98,10500,277737,1385.131496350365,0.11114095238095238,376.52,1018.22,148.58,267.17,74.62
2022,1 to 3 bed,All property types,Galway,Euro,1164.05,10500,277737,1230.7152459016395,0.11086190476190476,376.52,1018.22,148.58,267.17,74.62
2022,Two bed,All property types,Galway,Euro,1157.87,10500,277737,1274.9833802816902,0.11027333333333332,376.52,1018.22,148.58,267.17,74.62
2022,1 to 3 bed,All property types,Galway,Euro,1148.27,10500,277737,1230.7152459016395,0.10935904761904762,376.52,1018.22,148.58,267.17,74.62
2022,Three bed,All property types,Galway,Euro,1143.36,10500,277737,1385.131496350365,0.10889142857142856,376.52,1018.22,148.58,267.17,74.62
2022,1 to 2 bed,All property types,Galway,Euro,1133.77,10500,277737,1184.0090322580645,0.10797809523809523,376.52,1018.22,148.58,267.17,74.62
2022,1 to 3 bed,All property types,Galway,Euro,1133.51,10500,277737,1230.7152459016395,0.10795333333333333,376.52,1018.22,148.58,267.17,74.62
2022,All bedrooms,All property types,Galway,Euro,1129.71,10500,277737,1298.127292225201,0.10759142857142857,376.52,1018.22,148.58,267.17,74.62
2022,All bedrooms,All property types,Galway,Euro,1126.86,10500,277737,1298.127292225201,0.10731999999999998,376.52,1018.22,148.58,267.17,74.62
2022,Three bed,All property types,Galway,Euro,1120.94,10500,277737,1385.131496350365,0.10675619047619048,376.52,1018.22,148.58,267.17,74.62
2022,Four plus bed,All property types,Galway,Euro,1117.63,10500,277737,1680.8637333333334,0.10644095238095239,376.52,1018.22,148.58,267.17,74.62
2022,Four plus bed,All property types,Galway,Euro,1117.23,10500,277737,1680.8637333333334,0.10640285714285715,376.52,1018.22,148.58,267.17,74.62
2022,Four plus bed,All property types,Galway,Euro,1116.9,10500,277737,1680.8637333333334,0.10637142857142858,376.52,1018.22,148.58,267.17,74.62
2022,1 to 2 bed,All property types,Galway,Euro,1089.3,10500,277737,1184.0090322580645,0.10374285714285714,376.52,1018.22,148.58,267.17,74.62
2022,Four plus bed,All property types,Galway,Euro,1086.05,10500,277737,1680.8637333333334,0.10343333333333334,376.52,1018.22,148.58,267.17,74.62
2022,Two bed,All property types,Galway,Euro,1065.83,10500,277737,1274.9833802816902,0.10150761904761904,376.52,1018.22,148.58,267.17,74.62
2022,1 to 2 bed,All property types,Galway,Euro,1057.89,10500,277737,1184.0090322580645,0.10075142857142858,376.52,1018.22,148.58,267.17,74.62
2022,1 to 3 bed,All property types,Galway,Euro,1053.97,10500,277737,1230.7152459016395,0.10037809523809524,376.52,1018.22,148.58,267.17,74.62
2022,1 to 3 bed,All property types,Galway,Euro,1052.1,10500,277737,1230.7152459016395,0.1002,376.52,1018.22,148.58,267.17,74.62
2022,Two bed,All property types,Galway,Euro,1047.32,10500,277737,1274.9833802816902,0.0997447619047619,376.52,1018.22,148.58,267.17,74.62
2022,1 to 3 bed,All property types,Galway,Euro,1021.0,10500,277737,1230.7152459016395,0.09723809523809523,376.52,1018.22,148.58,267.17,74.62
2022,All bedrooms,All property types,Galway,Euro,1012.38,10500,277737,1298.127292225201,0.09641714285714285,376.52,1018.22,148.58,267.17,74.62
2022,Two bed,All property types,Galway,Euro,1007.2,10500,277737,1274.9833802816902,0.09592380952380952,376.52,1018.22,148.58,267.17,74.62
2022,1 to 2 bed,All property types,Galway,Euro,992.17,10500,277737,1184.0090322580645,0.09449238095238095,376.52,1018.22,148.58,267.17,74.62
2022,All bedrooms,All property types,Galway,Euro,991.66,10500,277737,1298.127292225201,0.09444380952380953,376.52,1018.22,148.58,267.17,74.62
2022,Three bed,All property types,Galway,Euro,991.36,10500,277737,1385.131496350365,0.0944152380952381,376.52,1018.22,148.58,267.17,74.62
2022,Three bed,All property types,Galway,Euro,981.93,10500,277737,1385.131496350365,0.09351714285714285,376.52,1018.22,148.58,267.17,74.62
2022,All bedrooms,All property types,Galway,Euro,974.07,10500,277737,1298.127292225201,0.09276857142857144,376.52,1018.22,148.58,267.17,74.62
2022,All bedrooms,All property types,Galway,Euro,972.21,10500,277737,1298.127292225201,0.09259142857142857,376.52,1018.22,148.58,267.17,74.62
2022,Three bed,All property types,Galway,Euro,966.99,10500,277737,1385.131496350365,0.09209428571428571,376.52,1018.22,148.58,267.17,74.62
2022,One bed,All property types,Galway,Euro,965.53,10500,277737,1057.0936904761904,0.09195523809523809,376.52,1018.22,148.58,267.17,74.62
2022,Four plus bed,All property types,Galway,Euro,963.44,10500,277737,1680.8637333333334,0.09175619047619048,376.52,1018.22,148.58,267.17,74.62
2022,1 to 3 bed,All property types,Galway,Euro,956.19,10500,277737,1230.7152459016395,0.09106571428571429,376.52,1018.22,148.58,267.17,74.62
2022,All bedrooms,All property types,Galway,Euro,948.62,10500,277737,1298.127292225201,0.0903447619047619,376.52,1018.22,148.58,267.17,74.62
2022,1 to 3 bed,All property types,Galway,Euro,945.6,10500,277737,1230.7152459016395,0.09005714285714286,376.52,1018.22,148.58,267.17,74.62
2022,1 to 3 bed,All property types,Galway,Euro,911.95,10500,277737,1230.7152459016395,0.08685238095238096,376.52,1018.22,148.58,267.17,74.62
2022,1 to 3 bed,All property types,Galway,Euro,910.61,10500,277737,1230.7152459016395,0.0867247619047619,376.52,1018.22,148.58,267.17,74.62
2022,1 to 2 bed,All property types,Galway,Euro,906.9,10500,277737,1184.0090322580645,0.08637142857142857,376.52,1018.22,148.58,267.17,74.62
2022,Three bed,All property types,Galway,Euro,893.02,10500,277737,1385.131496350365,0.08504952380952381,376.52,1018.22,148.58,267.17,74.62
2022,Two bed,All property types,Galway,Euro,889.66,10500,277737,1274.9833802816902,0.08472952380952381,376.52,1018.22,148.58,267.17,74.62
2022,Two bed,All property types,Galway,Euro,883.45,10500,277737,1274.9833802816902,0.08413809523809525,376.52,1018.22,148.58,267.17,74.62
2022,1 to 3 bed,All property types,Galway,Euro,882.96,10500,277737,1230.7152459016395,0.08409142857142858,376.52,1018.22,148.58,267.17,74.62
2022,One bed,All property types,Galway,Euro,869.65,10500,277737,1057.0936904761904,0.08282380952380952,376.52,1018.22,148.58,267.17,74.62
2022,Two bed,All property types,Galway,Euro,856.52,10500,277737,1274.9833802816902,0.08157333333333333,376.52,1018.22,148.58,267.17,74.62
2022,1 to 2 bed,All property types,Galway,Euro,854.99,10500,277737,1184.0090322580645,0.08142761904761905,376.52,1018.22,148.58,267.17,74.62
2022,Two bed,All property types,Galway,Euro,852.82,10500,277737,1274.9833802816902,0.08122095238095238,376.52,1018.22,148.58,267.17,74.62
2022,All bedrooms,All property types,Galway,Euro,852.53,10500,277737,1298.127292225201,0.08119333333333333,376.52,1018.22,148.58,267.17,74.62
2022,All bedrooms,All property types,Galway,Euro,848.7,10500,277737,1298.127292225201,0.08082857142857143,376.52,1018.22,148.58,267.17,74.62
2022,1 to 2 bed,All property types,Galway,Euro,845.83,10500,277737,1184.0090322580645,0.0805552380952381,376.52,1018.22,148.58,267.17,74.62
2022,1 to 2 bed,All property types,Galway,Euro,844.73,10500,277737,1184.0090322580645,0.0804504761904762,376.52,1018.22,148.58,267.17,74.62
2022,Two bed,All property types,Galway,Euro,835.6,10500,277737,1274.9833802816902,0.07958095238095238,376.52,1018.22,148.58,267.17,74.62
2022,1 to 3 bed,All property types,Galway,Euro,809.88,10500,277737,1230.7152459016395,0.07713142857142857,376.52,1018.22,148.58,267.17,74.62
2022,1 to 2 bed,All property types,Galway,Euro,802.42,10500,277737,1184.0090322580645,0.07642095238095238,376.52,1018.22,148.58,267.17,74.62
2022,1 to 2 bed,All property types,Galway,Euro,794.35,10500,277737,1184.0090322580645,0.07565238095238096,376.52,1018.22,148.58,267.17,74.62
2022,Three bed,All property types,Galway,Euro,790.97,10500,277737,1385.131496350365,0.0753304761904762,376.52,1018.22,148.58,267.17,74.62
2022,Two bed,All property types,Galway,Euro,782.41,10500,277737,1274.9833802816902,0.07451523809523809,376.52,1018.22,148.58,267.17,74.62
2022,All bedrooms,All property types,Galway,Euro,773.08,10500,277737,1298.127292225201,0.07362666666666667,376.52,1018.22,148.58,267.17,74.62
2022,One bed,All property types,Galway,Euro,758.33,10500,277737,1057.0936904761904,0.07222190476190476,376.52,1018.22,148.58,267.17,74.62
2022,One bed,All property types,Galway,Euro,748.57,10500,277737,1057.0936904761904,0.07129238095238095,376.52,1018.22,148.58,267.17,74.62
2022,1 to 2 bed,All property types,Galway,Euro,741.91,10500,277737,1184.0090322580645,0.07065809523809523,376.52,1018.22,148.58,267.17,74.62
2022,1 to 3 bed,All property types,Galway,Euro,728.41,10500,277737,1230.7152459016395,0.06937238095238095,376.52,1018.22,148.58,267.17,74.62
2022,1 to 3 bed,All property types,Galway,Euro,719.63,10500,277737,1230.7152459016395,0.06853619047619047,376.52,1018.22,148.58,267.17,74.62
2022,Two bed,All property types,Galway,Euro,708.26,10500,277737,1274.9833802816902,0.06745333333333334,376.52,1018.22,148.58,267.17,74.62
2022,1 to 2 bed,All property types,Galway,Euro,692.5,10500,277737,1184.0090322580645,0.06595238095238096,376.52,1018.22,148.58,267.17,74.62
2022,One bed,All property types,Galway,Euro,657.53,10500,277737,1057.0936904761904,0.06262190476190475,376.52,1018.22,148.58,267.17,74.62
2022,Four plus bed,All property types,Kerry,Euro,1315.57,14500,156458,1680.8637333333334,0.09072896551724137,176.6,740.06,83.3,70.09,41.06
2022,Four plus bed,All property types,Kerry,Euro,1097.28,14500,156458,1680.8637333333334,0.07567448275862068,176.6,740.06,83.3,70.09,41.06
2022,Four plus bed,All property types,Kerry,Euro,1074.49,14500,156458,1680.8637333333334,0.07410275862068966,176.6,740.06,83.3,70.09,41.06
2022,All bedrooms,All property types,Kerry,Euro,1055.87,14500,156458,1298.127292225201,0.07281862068965517,176.6,740.06,83.3,70.09,41.06
2022,Three bed,All property types,Kerry,Euro,1048.92,14500,156458,1385.131496350365,0.07233931034482759,176.6,740.06,83.3,70.09,41.06
2022,Two bed,All property types,Kerry,Euro,1012.8,14500,156458,1274.9833802816902,0.06984827586206896,176.6,740.06,83.3,70.09,41.06
2022,1 to 3 bed,All property types,Kerry,Euro,989.2,14500,156458,1230.7152459016395,0.06822068965517242,176.6,740.06,83.3,70.09,41.06
2022,Three bed,All property types,Kerry,Euro,982.77,14500,156458,1385.131496350365,0.06777724137931035,176.6,740.06,83.3,70.09,41.06
2022,1 to 2 bed,All property types,Kerry,Euro,947.53,14500,156458,1184.0090322580645,0.06534689655172414,176.6,740.06,83.3,70.09,41.06
2022,Three bed,All property types,Kerry,Euro,935.18,14500,156458,1385.131496350365,0.0644951724137931,176.6,740.06,83.3,70.09,41.06
2022,All bedrooms,All property types,Kerry,Euro,912.25,14500,156458,1298.127292225201,0.06291379310344827,176.6,740.06,83.3,70.09,41.06
2022,All bedrooms,All property types,Kerry,Euro,912.19,14500,156458,1298.127292225201,0.0629096551724138,176.6,740.06,83.3,70.09,41.06
2022,1 to 3 bed,All property types,Kerry,Euro,909.03,14500,156458,1230.7152459016395,0.06269172413793103,176.6,740.06,83.3,70.09,41.06
2022,Three bed,All property types,Kerry,Euro,899.0,14500,156458,1385.131496350365,0.062,176.6,740.06,83.3,70.09,41.06
2022,Three bed,All property types,Kerry,Euro,897.4,14500,156458,1385.131496350365,0.06188965517241379,176.6,740.06,83.3,70.09,41.06
2022,All bedrooms,All property types,Kerry,Euro,893.51,14500,156458,1298.127292225201,0.06162137931034483,176.6,740.06,83.3,70.09,41.06
2022,All bedrooms,All property types,Kerry,Euro,879.83,14500,156458,1298.127292225201,0.06067793103448276,176.6,740.06,83.3,70.09,41.06
2022,1 to 3 bed,All property types,Kerry,Euro,877.05,14500,156458,1230.7152459016395,0.06048620689655172,176.6,740.06,83.3,70.09,41.06
2022,Two bed,All property types,Kerry,Euro,874.22,14500,156458,1274.9833802816902,0.060291034482758625,176.6,740.06,83.3,70.09,41.06
2022,Two bed,All property types,Kerry,Euro,871.6,14500,156458,1274.9833802816902,0.06011034482758621,176.6,740.06,83.3,70.09,41.06
2022,Two bed,All property types,Kerry,Euro,866.05,14500,156458,1274.9833802816902,0.05972758620689655,176.6,740.06,83.3,70.09,41.06
2022,1 to 2 bed,All property types,Kerry,Euro,857.51,14500,156458,1184.0090322580645,0.05913862068965517,176.6,740.06,83.3,70.09,41.06
2022,1 to 3 bed,All property types,Kerry,Euro,853.55,14500,156458,1230.7152459016395,0.058865517241379305,176.6,740.06,83.3,70.09,41.06
2022,Four plus bed,All property types,Kerry,Euro,849.64,14500,156458,1680.8637333333334,0.05859586206896552,176.6,740.06,83.3,70.09,41.06
2022,1 to 3 bed,All property types,Kerry,Euro,844.03,14500,156458,1230.7152459016395,0.058208965517241376,176.6,740.06,83.3,70.09,41.06
2022,1 to 2 bed,All property types,Kerry,Euro,810.16,14500,156458,1184.0090322580645,0.05587310344827586,176.6,740.06,83.3,70.09,41.06
2022,One bed,All property types,Kerry,Euro,809.38,14500,156458,1057.0936904761904,0.05581931034482759,176.6,740.06,83.3,70.09,41.06
2022,1 to 2 bed,All property types,Kerry,Euro,803.16,14500,156458,1184.0090322580645,0.0553903448275862,176.6,740.06,83.3,70.09,41.06
2022,Three bed,All property types,Kerry,Euro,799.37,14500,156458,1385.131496350365,0.05512896551724138,176.6,740.06,83.3,70.09,41.06
2022,Three bed,All property types,Kerry,Euro,782.46,14500,156458,1385.131496350365,0.05396275862068966,176.6,740.06,83.3,70.09,41.06
2022,All bedrooms,All property types,Kerry,Euro,779.99,14500,156458,1298.127292225201,0.05379241379310345,176.6,740.06,83.3,70.09,41.06
2022,All bedrooms,All property types,Kerry,Euro,762.51,14500,156458,1298.127292225201,0.05258689655172414,176.6,740.06,83.3,70.09,41.06
2022,1 to 3 bed,All property types,Kerry,Euro,746.49,14500,156458,1230.7152459016395,0.05148206896551724,176.6,740.06,83.3,70.09,41.06
2022,1 to 3 bed,All property types,Kerry,Euro,732.16,14500,156458,1230.7152459016395,0.05049379310344827,176.6,740.06,83.3,70.09,41.06
2022,1 to 2 bed,All property types,Kerry,Euro,728.07,14500,156458,1184.0090322580645,0.05021172413793104,176.6,740.06,83.3,70.09,41.06
2022,All bedrooms,All property types,Kerry,Euro,720.13,14500,156458,1298.127292225201,0.04966413793103448,176.6,740.06,83.3,70.09,41.06
2022,1 to 3 bed,All property types,Kerry,Euro,695.13,14500,156458,1230.7152459016395,0.047939999999999997,176.6,740.06,83.3,70.09,41.06
2022,Two bed,All property types,Kerry,Euro,689.05,14500,156458,1274.9833802816902,0.04752068965517241,176.6,740.06,83.3,70.09,41.06
2022,One bed,All property types,Kerry,Euro,677.36,14500,156458,1057.0936904761904,0.04671448275862069,176.6,740.06,83.3,70.09,41.06
2022,Two bed,All property types,Kerry,Euro,665.53,14500,156458,1274.9833802816902,0.04589862068965517,176.6,740.06,83.3,70.09,41.06
2022,One bed,All property types,Kerry,Euro,653.33,14500,156458,1057.0936904761904,0.045057241379310345,176.6,740.06,83.3,70.09,41.06
2022,1 to 2 bed,All property types,Kerry,Euro,653.31,14500,156458,1184.0090322580645,0.045055862068965516,176.6,740.06,83.3,70.09,41.06
2022,1 to 2 bed,All property types,Kerry,Euro,628.94,14500,156458,1184.0090322580645,0.04337517241379311,176.6,740.06,83.3,70.09,41.06
2022,Four plus bed,All property types,Kildare,Euro,2122.71,18680,247774,1680.8637333333334,0.11363543897216274,487.01,933.79,120.42,168.72,65.43
2022,Four plus bed,All property types,Kildare,Euro,2046.06,18680,247774,1680.8637333333334,0.10953211991434689,487.01,933.79,120.42,168.72,65.43
2022,Four plus bed,All property types,Kildare,Euro,1945.43,18680,247774,1680.8637333333334,0.10414507494646681,487.01,933.79,120.42,168.72,65.43
2022,Four plus bed,All property types,Kildare,Euro,1909.76,18680,247774,1680.8637333333334,0.1022355460385439,487.01,933.79,120.42,168.72,65.43
2022,Four plus bed,All property types,Kildare,Euro,1871.07,18680,247774,1680.8637333333334,0.10016434689507495,487.01,933.79,120.42,168.72,65.43
2022,Three bed,All property types,Kildare,Euro,1784.54,18680,247774,1385.131496350365,0.09553211991434689,487.01,933.79,120.42,168.72,65.43
2022,All bedrooms,All property types,Kildare,Euro,1700.48,18680,247774,1298.127292225201,0.0910321199143469,487.01,933.79,120.42,168.72,65.43
2022,Three bed,All property types,Kildare,Euro,1631.76,18680,247774,1385.131496350365,0.08735331905781585,487.01,933.79,120.42,168.72,65.43
2022,Four plus bed,All property types,Kildare,Euro,1625.08,18680,247774,1680.8637333333334,0.08699571734475374,487.01,933.79,120.42,168.72,65.43
2022,Three bed,All property types,Kildare,Euro,1601.98,18680,247774,1385.131496350365,0.08575910064239829,487.01,933.79,120.42,168.72,65.43
2022,1 to 3 bed,All property types,Kildare,Euro,1598.52,18680,247774,1230.7152459016395,0.08557387580299786,487.01,933.79,120.42,168.72,65.43
2022,Two bed,All property types,Kildare,Euro,1576.47,18680,247774,1274.9833802816902,0.08439346895074946,487.01,933.79,120.42,168.72,65.43
2022,All bedrooms,All property types,Kildare,Euro,1549.92,18680,247774,1298.127292225201,0.08297216274089936,487.01,933.79,120.42,168.72,65.43
2022,Three bed,All property types,Kildare,Euro,1549.1,18680,247774,1385.131496350365,0.08292826552462526,487.01,933.79,120.42,168.72,65.43
2022,All bedrooms,All property types,Kildare,Euro,1545.04,18680,247774,1298.127292225201,0.08271092077087794,487.01,933.79,120.42,168.72,65.43
2022,Two bed,All property types,Kildare,Euro,1522.37,18680,247774,1274.9833802816902,0.08149732334047109,487.01,933.79,120.42,168.72,65.43
2022,Three bed,All property types,Kildare,Euro,1518.93,18680,247774,1385.131496350365,0.08131316916488222,487.01,933.79,120.42,168.72,65.43
2022,All bedrooms,All property types,Kildare,Euro,1511.05,18680,247774,1298.127292225201,0.08089132762312634,487.01,933.79,120.42,168.72,65.43
2022,Three bed,All property types,Kildare,Euro,1488.34,18680,247774,1385.131496350365,0.07967558886509636,487.01,933.79,120.42,168.72,65.43
2022,Three bed,All property types,Kildare,Euro,1486.73,18680,247774,1385.131496350365,0.07958940042826552,487.01,933.79,120.42,168.72,65.43
2022,1 to 2 bed,All property types,Kildare,Euro,1486.13,18680,247774,1184.0090322580645,0.07955728051391864,487.01,933.79,120.42,168.72,65.43
2022,All bedrooms,All property types,Kildare,Euro,1484.34,18680,247774,1298.127292225201,0.07946145610278373,487.01,933.79,120.42,168.72,65.43
2022,1 to 3 bed,All property types,Kildare,Euro,1470.98,18680,247774,1230.7152459016395,0.07874625267665954,487.01,933.79,120.42,168.72,65.43
2022,1 to 3 bed,All property types,Kildare,Euro,1464.75,18680,247774,1230.7152459016395,0.0784127408993576,487.01,933.79,120.42,168.72,65.43
2022,1 to 3 bed,All property types,Kildare,Euro,1446.39,18680,247774,1230.7152459016395,0.07742987152034261,487.01,933.79,120.42,168.72,65.43
2022,1 to 3 bed,All property types,Kildare,Euro,1431.75,18680,247774,1230.7152459016395,0.07664614561027837,487.01,933.79,120.42,168.72,65.43
2022,Three bed,All property types,Kildare,Euro,1421.87,18680,247774,1385.131496350365,0.07611723768736615,487.01,933.79,120.42,168.72,65.43
2022,All bedrooms,All property types,Kildare,Euro,1412.46,18680,247774,1298.127292225201,0.0756134903640257,487.01,933.79,120.42,168.72,65.43
2022,Two bed,All property types,Kildare,Euro,1401.79,18680,247774,1274.9833802816902,0.07504229122055674,487.01,933.79,120.42,168.72,65.43
2022,1 to 2 bed,All property types,Kildare,Euro,1365.34,18680,247774,1184.0090322580645,0.07309100642398286,487.01,933.79,120.42,168.72,65.43
2022,1 to 2 bed,All property types,Kildare,Euro,1360.59,18680,247774,1184.0090322580645,0.07283672376873661,487.01,933.79,120.42,168.72,65.43
2022,All bedrooms,All property types,Kildare,Euro,1360.49,18680,247774,1298.127292225201,0.0728313704496788,487.01,933.79,120.42,168.72,65.43
2022,Two bed,All property types,Kildare,Euro,1352.26,18680,247774,1274.9833802816902,0.07239079229122056,487.01,933.79,120.42,168.72,65.43
2022,All bedrooms,All property types,Kildare,Euro,1340.64,18680,247774,1298.127292225201,0.07176873661670236,487.01,933.79,120.42,168.72,65.43
2022,1 to 3 bed,All property types,Kildare,Euro,1334.61,18680,247774,1230.7152459016395,0.07144593147751606,487.01,933.79,120.42,168.72,65.43
2022,Three bed,All property types,Kildare,Euro,1333.62,18680,247774,1385.131496350365,0.07139293361884368,487.01,933.79,120.42,168.72,65.43
2022,1 to 3 bed,All property types,Kildare,Euro,1329.94,18680,247774,1230.7152459016395,0.07119593147751606,487.01,933.79,120.42,168.72,65.43
2022,Three bed,All property types,Kildare,Euro,1320.93,18680,247774,1385.131496350365,0.07071359743040685,487.01,933.79,120.42,168.72,65.43
2022,1 to 2 bed,All property types,Kildare,Euro,1319.45,18680,247774,1184.0090322580645,0.07063436830835118,487.01,933.79,120.42,168.72,65.43
2022,Two bed,All property types,Kildare,Euro,1316.98,18680,247774,1274.9833802816902,0.07050214132762313,487.01,933.79,120.42,168.72,65.43
2022,Two bed,All property types,Kildare,Euro,1307.7,18680,247774,1274.9833802816902,0.07000535331905781,487.01,933.79,120.42,168.72,65.43
2022,1 to 2 bed,All property types,Kildare,Euro,1293.39,18680,247774,1184.0090322580645,0.06923929336188438,487.01,933.79,120.42,168.72,65.43
2022,Three bed,All property types,Kildare,Euro,1285.33,18680,247774,1385.131496350365,0.0688078158458244,487.01,933.79,120.42,168.72,65.43
2022,All bedrooms,All property types,Kildare,Euro,1275.04,18680,247774,1298.127292225201,0.06825695931477516,487.01,933.79,120.42,168.72,65.43
2022,1 to 3 bed,All property types,Kildare,Euro,1274.82,18680,247774,1230.7152459016395,0.06824518201284796,487.01,933.79,120.42,168.72,65.43
2022,Two bed,All property types,Kildare,Euro,1257.3,18680,247774,1274.9833802816902,0.06730728051391863,487.01,933.79,120.42,168.72,65.43
2022,All bedrooms,All property types,Kildare,Euro,1250.34,18680,247774,1298.127292225201,0.06693468950749465,487.01,933.79,120.42,168.72,65.43
2022,Two bed,All property types,Kildare,Euro,1248.14,18680,247774,1274.9833802816902,0.0668169164882227,487.01,933.79,120.42,168.72,65.43
2022,Two bed,All property types,Kildare,Euro,1246.62,18680,247774,1274.9833802816902,0.0667355460385439,487.01,933.79,120.42,168.72,65.43
2022,1 to 2 bed,All property types,Kildare,Euro,1241.61,18680,247774,1184.0090322580645,0.06646734475374731,487.01,933.79,120.42,168.72,65.43
2022,All bedrooms,All property types,Kildare,Euro,1233.7,18680,247774,1298.127292225201,0.06604389721627409,487.01,933.79,120.42,168.72,65.43
2022,1 to 2 bed,All property types,Kildare,Euro,1233.7,18680,247774,1184.0090322580645,0.06604389721627409,487.01,933.79,120.42,168.72,65.43
2022,Three bed,All property types,Kildare,Euro,1229.47,18680,247774,1385.131496350365,0.06581745182012848,487.01,933.79,120.42,168.72,65.43
2022,1 to 3 bed,All property types,Kildare,Euro,1227.05,18680,247774,1230.7152459016395,0.06568790149892934,487.01,933.79,120.42,168.72,65.43
2022,Two bed,All property types,Kildare,Euro,1210.5,18680,247774,1274.9833802816902,0.06480192719486082,487.01,933.79,120.42,168.72,65.43
2022,1 to 2 bed,All property types,Kildare,Euro,1208.9,18680,247774,1184.0090322580645,0.06471627408993577,487.01,933.79,120.42,168.72,65.43
2022,1 to 3 bed,All property types,Kildare,Euro,1203.59,18680,247774,1230.7152459016395,0.06443201284796574,487.01,933.79,120.42,168.72,65.43
2022,One bed,All property types,Kildare,Euro,1182.85,18680,247774,1057.0936904761904,0.06332173447537473,487.01,933.79,120.42,168.72,65.43
2022,1 to 3 bed,All property types,Kildare,Euro,1178.22,18680,247774,1230.7152459016395,0.06307387580299786,487.01,933.79,120.42,168.72,65.43
2022,One bed,All property types,Kildare,Euro,1175.43,18680,247774,1057.0936904761904,0.0629245182012848,487.01,933.79,120.42,168.72,65.43
2022,Two bed,All property types,Kildare,Euro,1168.4,18680,247774,1274.9833802816902,0.06254817987152035,487.01,933.79,120.42,168.72,65.43
2022,1 to 2 bed,All property types,Kildare,Euro,1153.51,18680,247774,1184.0090322580645,0.06175107066381156,487.01,933.79,120.42,168.72,65.43
2022,All bedrooms,All property types,Kildare,Euro,1152.48,18680,247774,1298.127292225201,0.061695931477516064,487.01,933.79,120.42,168.72,65.43
2022,1 to 2 bed,All property types,Kildare,Euro,1145.48,18680,247774,1184.0090322580645,0.06132119914346895,487.01,933.79,120.42,168.72,65.43
2022,All bedrooms,All property types,Kildare,Euro,1136.99,18680,247774,1298.127292225201,0.060866702355460385,487.01,933.79,120.42,168.72,65.43
2022,All bedrooms,All property types,Kildare,Euro,1129.72,18680,247774,1298.127292225201,0.06047751605995717,487.01,933.79,120.42,168.72,65.43
2022,Two bed,All property types,Kildare,Euro,1127.02,18680,247774,1274.9833802816902,0.06033297644539615,487.01,933.79,120.42,168.72,65.43
2022,One bed,All property types,Kildare,Euro,1125.05,18680,247774,1057.0936904761904,0.06022751605995717,487.01,933.79,120.42,168.72,65.43
2022,1 to 3 bed,All property types,Kildare,Euro,1107.63,18680,247774,1230.7152459016395,0.05929496788008566,487.01,933.79,120.42,168.72,65.43
2022,Three bed,All property types,Kildare,Euro,1102.32,18680,247774,1385.131496350365,0.059010706638115626,487.01,933.79,120.42,168.72,65.43
2022,1 to 2 bed,All property types,Kildare,Euro,1095.73,18680,247774,1184.0090322580645,0.05865792291220557,487.01,933.79,120.42,168.72,65.43
2022,1 to 3 bed,All property types,Kildare,Euro,1092.79,18680,247774,1230.7152459016395,0.05850053533190578,487.01,933.79,120.42,168.72,65.43
2022,1 to 3 bed,All property types,Kildare,Euro,1087.97,18680,247774,1230.7152459016395,0.05824250535331906,487.01,933.79,120.42,168.72,65.43
2022,All bedrooms,All property types,Kildare,Euro,1050.27,18680,247774,1298.127292225201,0.05622430406852248,487.01,933.79,120.42,168.72,65.43
2022,One bed,All property types,Kildare,Euro,1046.76,18680,247774,1057.0936904761904,0.05603640256959315,487.01,933.79,120.42,168.72,65.43
2022,All bedrooms,All property types,Kildare,Euro,1032.83,18680,247774,1298.127292225201,0.055290685224839396,487.01,933.79,120.42,168.72,65.43
2022,1 to 2 bed,All property types,Kildare,Euro,1022.7,18680,247774,1184.0090322580645,0.054748394004282656,487.01,933.79,120.42,168.72,65.43
2022,One bed,All property types,Kildare,Euro,1016.05,18680,247774,1057.0936904761904,0.0543923982869379,487.01,933.79,120.42,168.72,65.43
2022,1 to 3 bed,All property types,Kildare,Euro,1015.16,18680,247774,1230.7152459016395,0.05434475374732334,487.01,933.79,120.42,168.72,65.43
2022,1 to 3 bed,All property types,Kildare,Euro,993.74,18680,247774,1230.7152459016395,0.053198072805139184,487.01,933.79,120.42,168.72,65.43
2022,Two bed,All property types,Kildare,Euro,986.8,18680,247774,1274.9833802816902,0.052826552462526766,487.01,933.79,120.42,168.72,65.43
2022,Two bed,All property types,Kildare,Euro,962.67,18680,247774,1274.9833802816902,0.0515347965738758,487.01,933.79,120.42,168.72,65.43
2022,1 to 2 bed,All property types,Kildare,Euro,946.7,18680,247774,1184.0090322580645,0.05067987152034262,487.01,933.79,120.42,168.72,65.43
2022,1 to 2 bed,All property types,Kildare,Euro,939.55,18680,247774,1184.0090322580645,0.05029710920770878,487.01,933.79,120.42,168.72,65.43
2022,One bed,All property types,Kildare,Euro,923.05,18680,247774,1057.0936904761904,0.04941381156316916,487.01,933.79,120.42,168.72,65.43
2022,One bed,All property types,Kildare,Euro,903.63,18680,247774,1057.0936904761904,0.04837419700214133,487.01,933.79,120.42,168.72,65.43
2022,One bed,All property types,Kildare,Euro,856.06,18680,247774,1057.0936904761904,0.04582762312633833,487.01,933.79,120.42,168.72,65.43
2022,One bed,All property types,Kildare,Euro,836.01,18680,247774,1057.0936904761904,0.04475428265524625,487.01,933.79,120.42,168.72,65.43
2022,Four plus bed,All property types,Kilkenny,Euro,1157.74,15200,104160,1680.8637333333334,0.0761671052631579,127.72,357.33,54.65,65.33,17.77
2022,Two bed,All property types,Kilkenny,Euro,1043.75,15200,104160,1274.9833802816902,0.06866776315789473,127.72,357.33,54.65,65.33,17.77
2022,All bedrooms,All property types,Kilkenny,Euro,1037.8,15200,104160,1298.127292225201,0.06827631578947368,127.72,357.33,54.65,65.33,17.77
2022,Three bed,All property types,Kilkenny,Euro,1021.09,15200,104160,1385.131496350365,0.06717697368421052,127.72,357.33,54.65,65.33,17.77
2022,All bedrooms,All property types,Kilkenny,Euro,1008.56,15200,104160,1298.127292225201,0.06635263157894737,127.72,357.33,54.65,65.33,17.77
2022,1 to 3 bed,All property types,Kilkenny,Euro,1004.98,15200,104160,1230.7152459016395,0.0661171052631579,127.72,357.33,54.65,65.33,17.77
2022,1 to 2 bed,All property types,Kilkenny,Euro,993.67,15200,104160,1184.0090322580645,0.06537302631578946,127.72,357.33,54.65,65.33,17.77
2022,Three bed,All property types,Kilkenny,Euro,942.18,15200,104160,1385.131496350365,0.06198552631578947,127.72,357.33,54.65,65.33,17.77
2022,All bedrooms,All property types,Kilkenny,Euro,940.06,15200,104160,1298.127292225201,0.06184605263157894,127.72,357.33,54.65,65.33,17.77
2022,All bedrooms,All property types,Kilkenny,Euro,935.34,15200,104160,1298.127292225201,0.06153552631578948,127.72,357.33,54.65,65.33,17.77
2022,1 to 3 bed,All property types,Kilkenny,Euro,877.14,15200,104160,1230.7152459016395,0.05770657894736842,127.72,357.33,54.65,65.33,17.77
2022,1 to 3 bed,All property types,Kilkenny,Euro,871.33,15200,104160,1230.7152459016395,0.05732434210526316,127.72,357.33,54.65,65.33,17.77
2022,1 to 3 bed,All property types,Kilkenny,Euro,851.03,15200,104160,1230.7152459016395,0.055988815789473685,127.72,357.33,54.65,65.33,17.77
2022,All bedrooms,All property types,Kilkenny,Euro,844.73,15200,104160,1298.127292225201,0.05557434210526316,127.72,357.33,54.65,65.33,17.77
2022,Two bed,All property types,Kilkenny,Euro,830.42,15200,104160,1274.9833802816902,0.0546328947368421,127.72,357.33,54.65,65.33,17.77
2022,All bedrooms,All property types,Kilkenny,Euro,803.87,15200,104160,1298.127292225201,0.052886184210526314,127.72,357.33,54.65,65.33,17.77
2022,1 to 3 bed,All property types,Kilkenny,Euro,802.9,15200,104160,1230.7152459016395,0.05282236842105263,127.72,357.33,54.65,65.33,17.77
2022,1 to 2 bed,All property types,Kilkenny,Euro,789.48,15200,104160,1184.0090322580645,0.05193947368421053,127.72,357.33,54.65,65.33,17.77
2022,One bed,All property types,Kilkenny,Euro,707.19,15200,104160,1057.0936904761904,0.046525657894736845,127.72,357.33,54.65,65.33,17.77
2022,Four plus bed,All property types,Laois,Euro,1115.77,14625,91877,1680.8637333333334,0.07629196581196582,99.83,89.49,30.21,27.3,10.06
2022,Four plus bed,All property types,Laois,Euro,1069.61,14625,91877,1680.8637333333334,0.07313572649572649,99.83,89.49,30.21,27.3,10.06
2022,Three bed,All property types,Laois,Euro,1032.16,14625,91877,1385.131496350365,0.07057504273504274,99.83,89.49,30.21,27.3,10.06
2022,Three bed,All property types,Laois,Euro,1002.06,14625,91877,1385.131496350365,0.06851692307692307,99.83,89.49,30.21,27.3,10.06
2022,Three bed,All property types,Laois,Euro,998.74,14625,91877,1385.131496350365,0.06828991452991454,99.83,89.49,30.21,27.3,10.06
2022,All bedrooms,All property types,Laois,Euro,989.88,14625,91877,1298.127292225201,0.06768410256410257,99.83,89.49,30.21,27.3,10.06
2022,1 to 3 bed,All property types,Laois,Euro,970.21,14625,91877,1230.7152459016395,0.06633914529914531,99.83,89.49,30.21,27.3,10.06
2022,All bedrooms,All property types,Laois,Euro,950.74,14625,91877,1298.127292225201,0.06500786324786324,99.83,89.49,30.21,27.3,10.06
2022,Two bed,All property types,Laois,Euro,942.06,14625,91877,1274.9833802816902,0.06441435897435897,99.83,89.49,30.21,27.3,10.06
2022,Three bed,All property types,Laois,Euro,941.97,14625,91877,1385.131496350365,0.06440820512820512,99.83,89.49,30.21,27.3,10.06
2022,All bedrooms,All property types,Laois,Euro,932.67,14625,91877,1298.127292225201,0.06377230769230768,99.83,89.49,30.21,27.3,10.06
2022,1 to 3 bed,All property types,Laois,Euro,930.77,14625,91877,1230.7152459016395,0.06364239316239316,99.83,89.49,30.21,27.3,10.06
2022,All bedrooms,All property types,Laois,Euro,929.04,14625,91877,1298.127292225201,0.06352410256410256,99.83,89.49,30.21,27.3,10.06
2022,1 to 3 bed,All property types,Laois,Euro,913.8,14625,91877,1230.7152459016395,0.06248205128205128,99.83,89.49,30.21,27.3,10.06
2022,1 to 2 bed,All property types,Laois,Euro,908.26,14625,91877,1184.0090322580645,0.06210324786324786,99.83,89.49,30.21,27.3,10.06
2022,Two bed,All property types,Laois,Euro,900.92,14625,91877,1274.9833802816902,0.061601367521367516,99.83,89.49,30.21,27.3,10.06
2022,Two bed,All property types,Laois,Euro,895.78,14625,91877,1274.9833802816902,0.06124991452991453,99.83,89.49,30.21,27.3,10.06
2022,1 to 3 bed,All property types,Laois,Euro,880.46,14625,91877,1230.7152459016395,0.06020239316239317,99.83,89.49,30.21,27.3,10.06
2022,All bedrooms,All property types,Laois,Euro,868.81,14625,91877,1298.127292225201,0.05940581196581196,99.83,89.49,30.21,27.3,10.06
2022,1 to 3 bed,All property types,Laois,Euro,855.76,14625,91877,1230.7152459016395,0.058513504273504276,99.83,89.49,30.21,27.3,10.06
2022,1 to 2 bed,All property types,Laois,Euro,855.29,14625,91877,1184.0090322580645,0.05848136752136752,99.83,89.49,30.21,27.3,10.06
2022,Two bed,All property types,Laois,Euro,854.0,14625,91877,1274.9833802816902,0.05839316239316239,99.83,89.49,30.21,27.3,10.06
2022,1 to 2 bed,All property types,Laois,Euro,847.6,14625,91877,1184.0090322580645,0.05795555555555556,99.83,89.49,30.21,27.3,10.06
2022,1 to 2 bed,All property types,Laois,Euro,809.06,14625,91877,1184.0090322580645,0.05532034188034188,99.83,89.49,30.21,27.3,10.06
2022,One bed,All property types,Laois,Euro,734.03,14625,91877,1057.0936904761904,0.050190085470085466,99.83,89.49,30.21,27.3,10.06
2022,One bed,All property types,Laois,Euro,701.52,14625,91877,1057.0936904761904,0.04796717948717948,99.83,89.49,30.21,27.3,10.06
2022,One bed,All property types,Laois,Euro,700.57,14625,91877,1057.0936904761904,0.04790222222222223,99.83,89.49,30.21,27.3,10.06
2022,Four plus bed,All property types,Leitrim,Euro,906.36,7625,35199,1680.8637333333334,0.11886688524590164,21.17,188.69,12.31,12.44,4.64
2022,Four plus bed,All property types,Leitrim,Euro,827.6,7625,35199,1680.8637333333334,0.10853770491803279,21.17,188.69,12.31,12.44,4.64
2022,Three bed,All property types,Leitrim,Euro,812.63,7625,35199,1385.131496350365,0.10657442622950819,21.17,188.69,12.31,12.44,4.64
2022,All bedrooms,All property types,Leitrim,Euro,756.71,7625,35199,1298.127292225201,0.09924065573770492,21.17,188.69,12.31,12.44,4.64
2022,1 to 3 bed,All property types,Leitrim,Euro,730.12,7625,35199,1230.7152459016395,0.09575344262295082,21.17,188.69,12.31,12.44,4.64
2022,Two bed,All property types,Leitrim,Euro,719.92,7625,35199,1274.9833802816902,0.09441573770491803,21.17,188.69,12.31,12.44,4.64
2022,Three bed,All property types,Leitrim,Euro,715.11,7625,35199,1385.131496350365,0.0937849180327869,21.17,188.69,12.31,12.44,4.64
2022,All bedrooms,All property types,Leitrim,Euro,710.51,7625,35199,1298.127292225201,0.0931816393442623,21.17,188.69,12.31,12.44,4.64
2022,1 to 2 bed,All property types,Leitrim,Euro,692.34,7625,35199,1184.0090322580645,0.09079868852459017,21.17,188.69,12.31,12.44,4.64
2022,1 to 3 bed,All property types,Leitrim,Euro,682.32,7625,35199,1230.7152459016395,0.08948459016393444,21.17,188.69,12.31,12.44,4.64
2022,Two bed,All property types,Leitrim,Euro,677.74,7625,35199,1274.9833802816902,0.08888393442622951,21.17,188.69,12.31,12.44,4.64
2022,1 to 2 bed,All property types,Leitrim,Euro,650.27,7625,35199,1184.0090322580645,0.08528131147540984,21.17,188.69,12.31,12.44,4.64
2022,Three bed,All property types,Leitrim,Euro,634.44,7625,35199,1385.131496350365,0.08320524590163936,21.17,188.69,12.31,12.44,4.64
2022,One bed,All property types,Leitrim,Euro,613.46,7625,35199,1057.0936904761904,0.08045377049180329,21.17,188.69,12.31,12.44,4.64
2022,All bedrooms,All property types,Leitrim,Euro,612.75,7625,35199,1298.127292225201,0.08036065573770491,21.17,188.69,12.31,12.44,4.64
2022,1 to 3 bed,All property types,Leitrim,Euro,596.15,7625,35199,1230.7152459016395,0.07818360655737705,21.17,188.69,12.31,12.44,4.64
2022,One bed,All property types,Leitrim,Euro,559.18,7625,35199,1057.0936904761904,0.07333508196721311,21.17,188.69,12.31,12.44,4.64
2022,1 to 2 bed,All property types,Leitrim,Euro,545.09,7625,35199,1184.0090322580645,0.0714872131147541,21.17,188.69,12.31,12.44,4.64
2022,Four plus bed,All property types,Limerick,Euro,1983.25,14833,209536,1680.8637333333334,0.1337052518034113,360.65,763.67,106.06,404.3,74.21
2022,Four plus bed,All property types,Limerick,Euro,1728.91,14833,209536,1680.8637333333334,0.11655834962583429,360.65,763.67,106.06,404.3,74.21
2022,All bedrooms,All property types,Limerick,Euro,1665.94,14833,209536,1298.127292225201,0.11231308568731882,360.65,763.67,106.06,404.3,74.21
2022,Four plus bed,All property types,Limerick,Euro,1622.81,14833,209536,1680.8637333333334,0.10940537989617743,360.65,763.67,106.06,404.3,74.21
2022,Four plus bed,All property types,Limerick,Euro,1548.12,14833,209536,1680.8637333333334,0.10436998584237847,360.65,763.67,106.06,404.3,74.21
2022,Four plus bed,All property types,Limerick,Euro,1528.73,14833,209536,1680.8637333333334,0.1030627654554035,360.65,763.67,106.06,404.3,74.21
2022,All bedrooms,All property types,Limerick,Euro,1410.23,14833,209536,1298.127292225201,0.09507382188363783,360.65,763.67,106.06,404.3,74.21
2022,Three bed,All property types,Limerick,Euro,1372.61,14833,209536,1385.131496350365,0.09253758511427222,360.65,763.67,106.06,404.3,74.21
2022,Three bed,All property types,Limerick,Euro,1332.15,14833,209536,1385.131496350365,0.08980988336816559,360.65,763.67,106.06,404.3,74.21
2022,All bedrooms,All property types,Limerick,Euro,1308.28,14833,209536,1298.127292225201,0.08820063372210611,360.65,763.67,106.06,404.3,74.21
2022,1 to 3 bed,All property types,Limerick,Euro,1308.16,14833,209536,1230.7152459016395,0.08819254365266636,360.65,763.67,106.06,404.3,74.21
2022,1 to 3 bed,All property types,Limerick,Euro,1268.9,14833,209536,1230.7152459016395,0.08554574260095733,360.65,763.67,106.06,404.3,74.21
2022,All bedrooms,All property types,Limerick,Euro,1263.82,14833,209536,1298.127292225201,0.08520326299467404,360.65,763.67,106.06,404.3,74.21
2022,All bedrooms,All property types,Limerick,Euro,1260.06,14833,209536,1298.127292225201,0.08494977415222814,360.65,763.67,106.06,404.3,74.21
2022,Three bed,All property types,Limerick,Euro,1255.4,14833,209536,1385.131496350365,0.08463560978898403,360.65,763.67,106.06,404.3,74.21
2022,Three bed,All property types,Limerick,Euro,1254.21,14833,209536,1385.131496350365,0.08455538326703971,360.65,763.67,106.06,404.3,74.21
2022,1 to 3 bed,All property types,Limerick,Euro,1219.35,14833,209536,1230.7152459016395,0.08220521809478865,360.65,763.67,106.06,404.3,74.21
2022,1 to 3 bed,All property types,Limerick,Euro,1208.81,14833,209536,1230.7152459016395,0.08149464032899616,360.65,763.67,106.06,404.3,74.21
2022,All bedrooms,All property types,Limerick,Euro,1190.5,14833,209536,1298.127292225201,0.08026023056697904,360.65,763.67,106.06,404.3,74.21
2022,Two bed,All property types,Limerick,Euro,1171.67,14833,209536,1274.9833802816902,0.07899076383738961,360.65,763.67,106.06,404.3,74.21
2022,All bedrooms,All property types,Limerick,Euro,1164.08,14833,209536,1298.127292225201,0.07847906694532461,360.65,763.67,106.06,404.3,74.21
2022,Two bed,All property types,Limerick,Euro,1162.95,14833,209536,1274.9833802816902,0.07840288545810019,360.65,763.67,106.06,404.3,74.21
2022,Three bed,All property types,Limerick,Euro,1155.49,14833,209536,1385.131496350365,0.07789995280792827,360.65,763.67,106.06,404.3,74.21
2022,1 to 2 bed,All property types,Limerick,Euro,1145.76,14833,209536,1184.0090322580645,0.07724398301085418,360.65,763.67,106.06,404.3,74.21
2022,Three bed,All property types,Limerick,Euro,1137.46,14833,209536,1385.131496350365,0.07668441987460392,360.65,763.67,106.06,404.3,74.21
2022,1 to 2 bed,All property types,Limerick,Euro,1137.11,14833,209536,1184.0090322580645,0.07666082383873794,360.65,763.67,106.06,404.3,74.21
2022,All bedrooms,All property types,Limerick,Euro,1132.51,14833,209536,1298.127292225201,0.07635070451021371,360.65,763.67,106.06,404.3,74.21
2022,1 to 3 bed,All property types,Limerick,Euro,1128.37,14833,209536,1230.7152459016395,0.0760715971145419,360.65,763.67,106.06,404.3,74.21
2022,Two bed,All property types,Limerick,Euro,1110.8,14833,209536,1274.9833802816902,0.07488707611406997,360.65,763.67,106.06,404.3,74.21
2022,1 to 3 bed,All property types,Limerick,Euro,1099.97,14833,209536,1230.7152459016395,0.0741569473471314,360.65,763.67,106.06,404.3,74.21
2022,1 to 3 bed,All property types,Limerick,Euro,1072.65,14833,209536,1230.7152459016395,0.07231510820467876,360.65,763.67,106.06,404.3,74.21
2022,Two bed,All property types,Limerick,Euro,1067.05,14833,209536,1274.9833802816902,0.07193757163082316,360.65,763.67,106.06,404.3,74.21
2022,1 to 2 bed,All property types,Limerick,Euro,1067.05,14833,209536,1184.0090322580645,0.07193757163082316,360.65,763.67,106.06,404.3,74.21
2022,1 to 3 bed,All property types,Limerick,Euro,1065.78,14833,209536,1230.7152459016395,0.07185195172925234,360.65,763.67,106.06,404.3,74.21
2022,Two bed,All property types,Limerick,Euro,1061.42,14833,209536,1274.9833802816902,0.07155801253960764,360.65,763.67,106.06,404.3,74.21
2022,1 to 2 bed,All property types,Limerick,Euro,1053.17,14833,209536,1184.0090322580645,0.07100182026562395,360.65,763.67,106.06,404.3,74.21
2022,Three bed,All property types,Limerick,Euro,1043.62,14833,209536,1385.131496350365,0.07035798557270949,360.65,763.67,106.06,404.3,74.21
2022,1 to 2 bed,All property types,Limerick,Euro,1002.56,14833,209536,1184.0090322580645,0.06758983347940403,360.65,763.67,106.06,404.3,74.21
2022,All bedrooms,All property types,Limerick,Euro,963.47,14833,209536,1298.127292225201,0.06495449335940133,360.65,763.67,106.06,404.3,74.21
2022,1 to 3 bed,All property types,Limerick,Euro,963.47,14833,209536,1230.7152459016395,0.06495449335940133,360.65,763.67,106.06,404.3,74.21
2022,Two bed,All property types,Limerick,Euro,958.85,14833,209536,1274.9833802816902,0.06464302568597047,360.65,763.67,106.06,404.3,74.21
2022,1 to 2 bed,All property types,Limerick,Euro,944.15,14833,209536,1184.0090322580645,0.06365199217959953,360.65,763.67,106.06,404.3,74.21
2022,Four plus bed,All property types,Limerick,Euro,919.82,14833,209536,1680.8637333333334,0.06201173060068766,360.65,763.67,106.06,404.3,74.21
2022,One bed,All property types,Limerick,Euro,881.26,14833,209536,1057.0936904761904,0.05941212162071058,360.65,763.67,106.06,404.3,74.21
2022,Three bed,All property types,Limerick,Euro,880.89,14833,209536,1385.131496350365,0.05938717723993798,360.65,763.67,106.06,404.3,74.21
2022,One bed,All property types,Limerick,Euro,867.67,14833,209536,1057.0936904761904,0.05849592125665745,360.65,763.67,106.06,404.3,74.21
2022,One bed,All property types,Limerick,Euro,824.04,14833,209536,1057.0936904761904,0.0555545068428504,360.65,763.67,106.06,404.3,74.21
2022,All bedrooms,All property types,Limerick,Euro,816.16,14833,209536,1298.127292225201,0.05502325894963932,360.65,763.67,106.06,404.3,74.21
2022,All bedrooms,All property types,Limerick,Euro,801.3,14833,209536,1298.127292225201,0.05402143868401537,360.65,763.67,106.06,404.3,74.21
2022,1 to 3 bed,All property types,Limerick,Euro,800.63,14833,209536,1230.7152459016395,0.053976269129643366,360.65,763.67,106.06,404.3,74.21
2022,Three bed,All property types,Limerick,Euro,792.04,14833,209536,1385.131496350365,0.053397154992247016,360.65,763.67,106.06,404.3,74.21
2022,Three bed,All property types,Limerick,Euro,751.4,14833,209536,1385.131496350365,0.05065731814198072,360.65,763.67,106.06,404.3,74.21
2022,1 to 3 bed,All property types,Limerick,Euro,746.39,14833,209536,1230.7152459016395,0.05031955774287063,360.65,763.67,106.06,404.3,74.21
2022,Two bed,All property types,Limerick,Euro,733.74,14833,209536,1274.9833802816902,0.04946672958942898,360.65,763.67,106.06,404.3,74.21
2022,All bedrooms,All property types,Limerick,Euro,717.78,14833,209536,1298.127292225201,0.04839075035394053,360.65,763.67,106.06,404.3,74.21
2022,1 to 2 bed,All property types,Limerick,Euro,713.37,14833,209536,1184.0090322580645,0.04809344030202926,360.65,763.67,106.06,404.3,74.21
2022,Two bed,All property types,Limerick,Euro,702.68,14833,209536,1274.9833802816902,0.04737274994943706,360.65,763.67,106.06,404.3,74.21
2022,1 to 3 bed,All property types,Limerick,Euro,697.67,14833,209536,1230.7152459016395,0.04703498955032697,360.65,763.67,106.06,404.3,74.21
2022,1 to 2 bed,All property types,Limerick,Euro,672.21,14833,209536,1184.0090322580645,0.04531854648419066,360.65,763.67,106.06,404.3,74.21
2022,Four plus bed,All property types,Longford,Euro,903.95,12625,46751,1680.8637333333334,0.0716,41.08,75.53,14.76,18.91,9.33
2022,Four plus bed,All property types,Longford,Euro,886.02,12625,46751,1680.8637333333334,0.07017980198019802,41.08,75.53,14.76,18.91,9.33
2022,Three bed,All property types,Longford,Euro,868.24,12625,46751,1385.131496350365,0.06877148514851485,41.08,75.53,14.76,18.91,9.33
2022,Two bed,All property types,Longford,Euro,842.64,12625,46751,1274.9833802816902,0.06674376237623762,41.08,75.53,14.76,18.91,9.33
2022,Three bed,All property types,Longford,Euro,809.14,12625,46751,1385.131496350365,0.06409029702970297,41.08,75.53,14.76,18.91,9.33
2022,All bedrooms,All property types,Longford,Euro,803.62,12625,46751,1298.127292225201,0.0636530693069307,41.08,75.53,14.76,18.91,9.33
2022,Three bed,All property types,Longford,Euro,797.74,12625,46751,1385.131496350365,0.06318732673267327,41.08,75.53,14.76,18.91,9.33
2022,All bedrooms,All property types,Longford,Euro,788.66,12625,46751,1298.127292225201,0.06246811881188118,41.08,75.53,14.76,18.91,9.33
2022,1 to 3 bed,All property types,Longford,Euro,788.2,12625,46751,1230.7152459016395,0.062431683168316834,41.08,75.53,14.76,18.91,9.33
2022,Two bed,All property types,Longford,Euro,783.25,12625,46751,1274.9833802816902,0.06203960396039604,41.08,75.53,14.76,18.91,9.33
2022,All bedrooms,All property types,Longford,Euro,783.09,12625,46751,1298.127292225201,0.06202693069306931,41.08,75.53,14.76,18.91,9.33
2022,Two bed,All property types,Longford,Euro,772.84,12625,46751,1274.9833802816902,0.0612150495049505,41.08,75.53,14.76,18.91,9.33
2022,1 to 3 bed,All property types,Longford,Euro,765.85,12625,46751,1230.7152459016395,0.06066138613861386,41.08,75.53,14.76,18.91,9.33
2022,1 to 3 bed,All property types,Longford,Euro,759.43,12625,46751,1230.7152459016395,0.060152871287128706,41.08,75.53,14.76,18.91,9.33
2022,Three bed,All property types,Longford,Euro,757.5,12625,46751,1385.131496350365,0.06,41.08,75.53,14.76,18.91,9.33
2022,All bedrooms,All property types,Longford,Euro,754.84,12625,46751,1298.127292225201,0.05978930693069307,41.08,75.53,14.76,18.91,9.33
2022,1 to 2 bed,All property types,Longford,Euro,747.81,12625,46751,1184.0090322580645,0.05923247524752475,41.08,75.53,14.76,18.91,9.33
2022,1 to 2 bed,All property types,Longford,Euro,740.36,12625,46751,1184.0090322580645,0.058642376237623764,41.08,75.53,14.76,18.91,9.33
2022,All bedrooms,All property types,Longford,Euro,740.15,12625,46751,1298.127292225201,0.05862574257425742,41.08,75.53,14.76,18.91,9.33
2022,1 to 2 bed,All property types,Longford,Euro,729.9,12625,46751,1184.0090322580645,0.057813861386138615,41.08,75.53,14.76,18.91,9.33
2022,1 to 3 bed,All property types,Longford,Euro,717.78,12625,46751,1230.7152459016395,0.05685386138613861,41.08,75.53,14.76,18.91,9.33
2022,1 to 3 bed,All property types,Longford,Euro,712.49,12625,46751,1230.7152459016395,0.05643485148514851,41.08,75.53,14.76,18.91,9.33
2022,1 to 2 bed,All property types,Longford,Euro,704.34,12625,46751,1184.0090322580645,0.055789306930693075,41.08,75.53,14.76,18.91,9.33
2022,One bed,All property types,Longford,Euro,636.1,12625,46751,1057.0936904761904,0.05038415841584159,41.08,75.53,14.76,18.91,9.33
2022,1 to 2 bed,All property types,Longford,Euro,619.57,12625,46751,1184.0090322580645,0.04907485148514852,41.08,75.53,14.76,18.91,9.33
2022,Two bed,All property types,Longford,Euro,615.89,12625,46751,1274.9833802816902,0.04878336633663366,41.08,75.53,14.76,18.91,9.33
2022,One bed,All property types,Longford,Euro,611.95,12625,46751,1057.0936904761904,0.048471287128712875,41.08,75.53,14.76,18.91,9.33
2022,One bed,All property types,Longford,Euro,585.68,12625,46751,1057.0936904761904,0.046390495049504946,41.08,75.53,14.76,18.91,9.33
2022,Four plus bed,All property types,Louth,Euro,1531.86,15833,139703,1680.8637333333334,0.09675108949662098,237.05,309.43,51.46,115.17,25.4
2022,Four plus bed,All property types,Louth,Euro,1432.23,15833,139703,1680.8637333333334,0.0904585359691783,237.05,309.43,51.46,115.17,25.4
2022,Four plus bed,All property types,Louth,Euro,1381.64,15833,139703,1680.8637333333334,0.0872633108065433,237.05,309.43,51.46,115.17,25.4
2022,Three bed,All property types,Louth,Euro,1306.06,15833,139703,1385.131496350365,0.08248973662603423,237.05,309.43,51.46,115.17,25.4
2022,Three bed,All property types,Louth,Euro,1267.56,15833,139703,1385.131496350365,0.08005810648645234,237.05,309.43,51.46,115.17,25.4
2022,Three bed,All property types,Louth,Euro,1226.72,15833,139703,1385.131496350365,0.07747868376176341,237.05,309.43,51.46,115.17,25.4
2022,All bedrooms,All property types,Louth,Euro,1214.23,15833,139703,1298.127292225201,0.0766898250489484,237.05,309.43,51.46,115.17,25.4
2022,Two bed,All property types,Louth,Euro,1200.91,15833,139703,1274.9833802816902,0.07584854417987748,237.05,309.43,51.46,115.17,25.4
2022,Three bed,All property types,Louth,Euro,1186.1,15833,139703,1385.131496350365,0.0749131560664435,237.05,309.43,51.46,115.17,25.4
2022,1 to 3 bed,All property types,Louth,Euro,1180.94,15833,139703,1230.7152459016395,0.07458725446851514,237.05,309.43,51.46,115.17,25.4
2022,All bedrooms,All property types,Louth,Euro,1167.55,15833,139703,1298.127292225201,0.07374155245373587,237.05,309.43,51.46,115.17,25.4
2022,All bedrooms,All property types,Louth,Euro,1133.29,15833,139703,1298.127292225201,0.07157771742563002,237.05,309.43,51.46,115.17,25.4
2022,1 to 3 bed,All property types,Louth,Euro,1132.26,15833,139703,1230.7152459016395,0.07151266342449315,237.05,309.43,51.46,115.17,25.4
2022,1 to 2 bed,All property types,Louth,Euro,1116.55,15833,139703,1184.0090322580645,0.07052043200909493,237.05,309.43,51.46,115.17,25.4
2022,Two bed,All property types,Louth,Euro,1113.73,15833,139703,1274.9833802816902,0.0703423229962736,237.05,309.43,51.46,115.17,25.4
2022,1 to 3 bed,All property types,Louth,Euro,1102.43,15833,139703,1230.7152459016395,0.06962862376050022,237.05,309.43,51.46,115.17,25.4
2022,All bedrooms,All property types,Louth,Euro,1088.33,15833,139703,1298.127292225201,0.0687380786963936,237.05,309.43,51.46,115.17,25.4
2022,1 to 3 bed,All property types,Louth,Euro,1061.08,15833,139703,1230.7152459016395,0.06701698983136486,237.05,309.43,51.46,115.17,25.4
2022,Two bed,All property types,Louth,Euro,1057.66,15833,139703,1274.9833802816902,0.06680098528390072,237.05,309.43,51.46,115.17,25.4
2022,1 to 2 bed,All property types,Louth,Euro,1055.88,15833,139703,1184.0090322580645,0.06668856186446032,237.05,309.43,51.46,115.17,25.4
2022,1 to 2 bed,All property types,Louth,Euro,1012.45,15833,139703,1184.0090322580645,0.06394555674856313,237.05,309.43,51.46,115.17,25.4
2022,Two bed,All property types,Louth,Euro,1001.19,15833,139703,1274.9833802816902,0.06323438388176593,237.05,309.43,51.46,115.17,25.4
2022,One bed,All property types,Louth,Euro,969.84,15833,139703,1057.0936904761904,0.06125434219667783,237.05,309.43,51.46,115.17,25.4
2022,1 to 2 bed,All property types,Louth,Euro,920.4,15833,139703,1184.0090322580645,0.05813175014210825,237.05,309.43,51.46,115.17,25.4
2022,One bed,All property types,Louth,Euro,908.19,15833,139703,1057.0936904761904,0.057360576012126574,237.05,309.43,51.46,115.17,25.4
2022,One bed,All property types,Louth,Euro,819.07,15833,139703,1057.0936904761904,0.051731825933177544,237.05,309.43,51.46,115.17,25.4
2022,Four plus bed,All property types,Mayo,Euro,1258.83,10600,137970,1680.8637333333334,0.11875754716981131,158.65,261.31,59.52,136.57,25.07
2022,Four plus bed,All property types,Mayo,Euro,1021.15,10600,137970,1680.8637333333334,0.09633490566037736,158.65,261.31,59.52,136.57,25.07
2022,All bedrooms,All property types,Mayo,Euro,1001.96,10600,137970,1298.127292225201,0.09452452830188679,158.65,261.31,59.52,136.57,25.07
2022,Two bed,All property types,Mayo,Euro,991.72,10600,137970,1274.9833802816902,0.09355849056603774,158.65,261.31,59.52,136.57,25.07
2022,Three bed,All property types,Mayo,Euro,979.25,10600,137970,1385.131496350365,0.09238207547169812,158.65,261.31,59.52,136.57,25.07
2022,1 to 3 bed,All property types,Mayo,Euro,956.8,10600,137970,1230.7152459016395,0.09026415094339622,158.65,261.31,59.52,136.57,25.07
2022,1 to 2 bed,All property types,Mayo,Euro,947.69,10600,137970,1184.0090322580645,0.08940471698113209,158.65,261.31,59.52,136.57,25.07
2022,Three bed,All property types,Mayo,Euro,934.04,10600,137970,1385.131496350365,0.08811698113207547,158.65,261.31,59.52,136.57,25.07
2022,Four plus bed,All property types,Mayo,Euro,910.5,10600,137970,1680.8637333333334,0.08589622641509434,158.65,261.31,59.52,136.57,25.07
2022,All bedrooms,All property types,Mayo,Euro,890.55,10600,137970,1298.127292225201,0.08401415094339622,158.65,261.31,59.52,136.57,25.07
2022,Four plus bed,All property types,Mayo,Euro,889.62,10600,137970,1680.8637333333334,0.08392641509433962,158.65,261.31,59.52,136.57,25.07
2022,1 to 3 bed,All property types,Mayo,Euro,857.52,10600,137970,1230.7152459016395,0.08089811320754717,158.65,261.31,59.52,136.57,25.07
2022,Two bed,All property types,Mayo,Euro,834.8,10600,137970,1274.9833802816902,0.07875471698113207,158.65,261.31,59.52,136.57,25.07
2022,Three bed,All property types,Mayo,Euro,827.07,10600,137970,1385.131496350365,0.07802547169811322,158.65,261.31,59.52,136.57,25.07
2022,All bedrooms,All property types,Mayo,Euro,814.62,10600,137970,1298.127292225201,0.07685094339622642,158.65,261.31,59.52,136.57,25.07
2022,Four plus bed,All property types,Mayo,Euro,810.38,10600,137970,1680.8637333333334,0.07645094339622642,158.65,261.31,59.52,136.57,25.07
2022,Four plus bed,All property types,Mayo,Euro,805.52,10600,137970,1680.8637333333334,0.07599245283018868,158.65,261.31,59.52,136.57,25.07
2022,1 to 2 bed,All property types,Mayo,Euro,799.03,10600,137970,1184.0090322580645,0.07538018867924529,158.65,261.31,59.52,136.57,25.07
2022,All bedrooms,All property types,Mayo,Euro,796.53,10600,137970,1298.127292225201,0.07514433962264151,158.65,261.31,59.52,136.57,25.07
2022,Two bed,All property types,Mayo,Euro,787.63,10600,137970,1274.9833802816902,0.07430471698113207,158.65,261.31,59.52,136.57,25.07
2022,1 to 3 bed,All property types,Mayo,Euro,787.06,10600,137970,1230.7152459016395,0.07425094339622641,158.65,261.31,59.52,136.57,25.07
2022,Two bed,All property types,Mayo,Euro,786.58,10600,137970,1274.9833802816902,0.0742056603773585,158.65,261.31,59.52,136.57,25.07
2022,Three bed,All property types,Mayo,Euro,782.7,10600,137970,1385.131496350365,0.07383962264150944,158.65,261.31,59.52,136.57,25.07
2022,Three bed,All property types,Mayo,Euro,777.0,10600,137970,1385.131496350365,0.07330188679245284,158.65,261.31,59.52,136.57,25.07
2022,Three bed,All property types,Mayo,Euro,774.26,10600,137970,1385.131496350365,0.07304339622641509,158.65,261.31,59.52,136.57,25.07
2022,1 to 3 bed,All property types,Mayo,Euro,763.85,10600,137970,1230.7152459016395,0.07206132075471698,158.65,261.31,59.52,136.57,25.07
2022,1 to 2 bed,All property types,Mayo,Euro,754.28,10600,137970,1184.0090322580645,0.07115849056603774,158.65,261.31,59.52,136.57,25.07
2022,Three bed,All property types,Mayo,Euro,753.15,10600,137970,1385.131496350365,0.07105188679245283,158.65,261.31,59.52,136.57,25.07
2022,1 to 2 bed,All property types,Mayo,Euro,739.49,10600,137970,1184.0090322580645,0.06976320754716982,158.65,261.31,59.52,136.57,25.07
2022,All bedrooms,All property types,Mayo,Euro,733.16,10600,137970,1298.127292225201,0.06916603773584905,158.65,261.31,59.52,136.57,25.07
2022,All bedrooms,All property types,Mayo,Euro,728.14,10600,137970,1298.127292225201,0.06869245283018868,158.65,261.31,59.52,136.57,25.07
2022,All bedrooms,All property types,Mayo,Euro,714.2,10600,137970,1298.127292225201,0.06737735849056604,158.65,261.31,59.52,136.57,25.07
2022,1 to 3 bed,All property types,Mayo,Euro,708.54,10600,137970,1230.7152459016395,0.0668433962264151,158.65,261.31,59.52,136.57,25.07
2022,Three bed,All property types,Mayo,Euro,705.82,10600,137970,1385.131496350365,0.0665867924528302,158.65,261.31,59.52,136.57,25.07
2022,1 to 3 bed,All property types,Mayo,Euro,705.26,10600,137970,1230.7152459016395,0.06653396226415094,158.65,261.31,59.52,136.57,25.07
2022,Three bed,All property types,Mayo,Euro,701.88,10600,137970,1385.131496350365,0.06621509433962264,158.65,261.31,59.52,136.57,25.07
2022,All bedrooms,All property types,Mayo,Euro,701.12,10600,137970,1298.127292225201,0.06614339622641509,158.65,261.31,59.52,136.57,25.07
2022,One bed,All property types,Mayo,Euro,699.32,10600,137970,1057.0936904761904,0.06597358490566038,158.65,261.31,59.52,136.57,25.07
2022,1 to 3 bed,All property types,Mayo,Euro,690.91,10600,137970,1230.7152459016395,0.06518018867924529,158.65,261.31,59.52,136.57,25.07
2022,All bedrooms,All property types,Mayo,Euro,683.93,10600,137970,1298.127292225201,0.06452169811320754,158.65,261.31,59.52,136.57,25.07
2022,1 to 3 bed,All property types,Mayo,Euro,674.05,10600,137970,1230.7152459016395,0.06358962264150943,158.65,261.31,59.52,136.57,25.07
2022,One bed,All property types,Mayo,Euro,672.64,10600,137970,1057.0936904761904,0.0634566037735849,158.65,261.31,59.52,136.57,25.07
2022,Two bed,All property types,Mayo,Euro,664.28,10600,137970,1274.9833802816902,0.06266792452830189,158.65,261.31,59.52,136.57,25.07
2022,1 to 3 bed,All property types,Mayo,Euro,661.59,10600,137970,1230.7152459016395,0.06241415094339623,158.65,261.31,59.52,136.57,25.07
2022,All bedrooms,All property types,Mayo,Euro,648.72,10600,137970,1298.127292225201,0.061200000000000004,158.65,261.31,59.52,136.57,25.07
2022,Two bed,All property types,Mayo,Euro,646.5,10600,137970,1274.9833802816902,0.06099056603773585,158.65,261.31,59.52,136.57,25.07
2022,1 to 2 bed,All property types,Mayo,Euro,641.45,10600,137970,1184.0090322580645,0.06051415094339623,158.65,261.31,59.52,136.57,25.07
2022,One bed,All property types,Mayo,Euro,634.18,10600,137970,1057.0936904761904,0.059828301886792445,158.65,261.31,59.52,136.57,25.07
2022,1 to 3 bed,All property types,Mayo,Euro,627.24,10600,137970,1230.7152459016395,0.05917358490566038,158.65,261.31,59.52,136.57,25.07
2022,Two bed,All property types,Mayo,Euro,627.0,10600,137970,1274.9833802816902,0.05915094339622642,158.65,261.31,59.52,136.57,25.07
2022,1 to 2 bed,All property types,Mayo,Euro,624.85,10600,137970,1184.0090322580645,0.05894811320754717,158.65,261.31,59.52,136.57,25.07
2022,All bedrooms,All property types,Mayo,Euro,616.1,10600,137970,1298.127292225201,0.05812264150943396,158.65,261.31,59.52,136.57,25.07
2022,1 to 2 bed,All property types,Mayo,Euro,613.97,10600,137970,1184.0090322580645,0.05792169811320755,158.65,261.31,59.52,136.57,25.07
2022,Two bed,All property types,Mayo,Euro,601.51,10600,137970,1274.9833802816902,0.05674622641509434,158.65,261.31,59.52,136.57,25.07
2022,1 to 2 bed,All property types,Mayo,Euro,598.97,10600,137970,1184.0090322580645,0.05650660377358491,158.65,261.31,59.52,136.57,25.07
2022,Two bed,All property types,Mayo,Euro,565.71,10600,137970,1274.9833802816902,0.05336886792452831,158.65,261.31,59.52,136.57,25.07
2022,1 to 3 bed,All property types,Mayo,Euro,552.02,10600,137970,1230.7152459016395,0.052077358490566036,158.65,261.31,59.52,136.57,25.07
2022,1 to 2 bed,All property types,Mayo,Euro,549.82,10600,137970,1184.0090322580645,0.05186981132075472,158.65,261.31,59.52,136.57,25.07
2022,One bed,All property types,Mayo,Euro,544.69,10600,137970,1057.0936904761904,0.05138584905660378,158.65,261.31,59.52,136.57,25.07
2022,Four plus bed,All property types,Meath,Euro,1942.57,16890,220826,1680.8637333333334,0.11501302545885139,334.13,529.26,118.6,276.81,56.22
2022,Three bed,All property types,Meath,Euro,1717.03,16890,220826,1385.131496350365,0.10165956187092955,334.13,529.26,118.6,276.81,56.22
2022,Three bed,All property types,Meath,Euro,1706.78,16890,220826,1385.131496350365,0.10105269390171699,334.13,529.26,118.6,276.81,56.22
2022,Three bed,All property types,Meath,Euro,1601.42,16890,220826,1385.131496350365,0.09481468324452338,334.13,529.26,118.6,276.81,56.22
2022,Three bed,All property types,Meath,Euro,1591.44,16890,220826,1385.131496350365,0.09422380106571937,334.13,529.26,118.6,276.81,56.22
2022,All bedrooms,All property types,Meath,Euro,1571.91,16890,220826,1298.127292225201,0.09306749555950267,334.13,529.26,118.6,276.81,56.22
2022,Four plus bed,All property types,Meath,Euro,1534.23,16890,220826,1680.8637333333334,0.09083658969804619,334.13,529.26,118.6,276.81,56.22
2022,1 to 3 bed,All property types,Meath,Euro,1501.43,16890,220826,1230.7152459016395,0.08889461219656603,334.13,529.26,118.6,276.81,56.22
2022,All bedrooms,All property types,Meath,Euro,1499.34,16890,220826,1298.127292225201,0.0887708703374778,334.13,529.26,118.6,276.81,56.22
2022,All bedrooms,All property types,Meath,Euro,1483.06,16890,220826,1298.127292225201,0.08780698638247483,334.13,529.26,118.6,276.81,56.22
2022,Two bed,All property types,Meath,Euro,1464.12,16890,220826,1274.9833802816902,0.08668561278863232,334.13,529.26,118.6,276.81,56.22
2022,Three bed,All property types,Meath,Euro,1464.0,16890,220826,1385.131496350365,0.0866785079928952,334.13,529.26,118.6,276.81,56.22
2022,Two bed,All property types,Meath,Euro,1439.83,16890,220826,1274.9833802816902,0.08524748371817643,334.13,529.26,118.6,276.81,56.22
2022,Four plus bed,All property types,Meath,Euro,1434.93,16890,220826,1680.8637333333334,0.08495737122557727,334.13,529.26,118.6,276.81,56.22
2022,1 to 3 bed,All property types,Meath,Euro,1429.98,16890,220826,1230.7152459016395,0.08466429840142096,334.13,529.26,118.6,276.81,56.22
2022,All bedrooms,All property types,Meath,Euro,1429.57,16890,220826,1298.127292225201,0.08464002368265246,334.13,529.26,118.6,276.81,56.22
2022,Four plus bed,All property types,Meath,Euro,1429.21,16890,220826,1680.8637333333334,0.08461870929544109,334.13,529.26,118.6,276.81,56.22
2022,1 to 3 bed,All property types,Meath,Euro,1428.18,16890,220826,1230.7152459016395,0.08455772646536412,334.13,529.26,118.6,276.81,56.22
2022,All bedrooms,All property types,Meath,Euro,1414.01,16890,220826,1298.127292225201,0.08371876850207223,334.13,529.26,118.6,276.81,56.22
2022,All bedrooms,All property types,Meath,Euro,1413.13,16890,220826,1298.127292225201,0.08366666666666667,334.13,529.26,118.6,276.81,56.22
2022,Two bed,All property types,Meath,Euro,1406.2,16890,220826,1274.9833802816902,0.08325636471284784,334.13,529.26,118.6,276.81,56.22
2022,All bedrooms,All property types,Meath,Euro,1404.94,16890,220826,1298.127292225201,0.08318176435760806,334.13,529.26,118.6,276.81,56.22
2022,1 to 3 bed,All property types,Meath,Euro,1398.72,16890,220826,1230.7152459016395,0.08281349911190053,334.13,529.26,118.6,276.81,56.22
2022,Three bed,All property types,Meath,Euro,1393.29,16890,220826,1385.131496350365,0.08249200710479573,334.13,529.26,118.6,276.81,56.22
2022,1 to 2 bed,All property types,Meath,Euro,1381.23,16890,220826,1184.0090322580645,0.08177797513321493,334.13,529.26,118.6,276.81,56.22
2022,1 to 2 bed,All property types,Meath,Euro,1367.46,16890,220826,1184.0090322580645,0.08096269982238011,334.13,529.26,118.6,276.81,56.22
2022,Three bed,All property types,Meath,Euro,1363.73,16890,220826,1385.131496350365,0.08074185908821788,334.13,529.26,118.6,276.81,56.22
2022,1 to 2 bed,All property types,Meath,Euro,1357.36,16890,220826,1184.0090322580645,0.08036471284783896,334.13,529.26,118.6,276.81,56.22
2022,Three bed,All property types,Meath,Euro,1356.67,16890,220826,1385.131496350365,0.08032386027235051,334.13,529.26,118.6,276.81,56.22
2022,Two bed,All property types,Meath,Euro,1356.41,16890,220826,1274.9833802816902,0.08030846654825341,334.13,529.26,118.6,276.81,56.22
2022,1 to 3 bed,All property types,Meath,Euro,1350.82,16890,220826,1230.7152459016395,0.07997750148016577,334.13,529.26,118.6,276.81,56.22
2022,All bedrooms,All property types,Meath,Euro,1347.27,16890,220826,1298.127292225201,0.07976731793960924,334.13,529.26,118.6,276.81,56.22
2022,Three bed,All property types,Meath,Euro,1345.37,16890,220826,1385.131496350365,0.07965482534043812,334.13,529.26,118.6,276.81,56.22
2022,1 to 3 bed,All property types,Meath,Euro,1343.75,16890,220826,1230.7152459016395,0.07955891059798698,334.13,529.26,118.6,276.81,56.22
2022,1 to 2 bed,All property types,Meath,Euro,1336.47,16890,220826,1184.0090322580645,0.07912788632326821,334.13,529.26,118.6,276.81,56.22
2022,1 to 3 bed,All property types,Meath,Euro,1333.93,16890,220826,1230.7152459016395,0.07897750148016579,334.13,529.26,118.6,276.81,56.22
2022,Four plus bed,All property types,Meath,Euro,1316.57,16890,220826,1680.8637333333334,0.07794967436352872,334.13,529.26,118.6,276.81,56.22
2022,All bedrooms,All property types,Meath,Euro,1301.96,16890,220826,1298.127292225201,0.07708466548253405,334.13,529.26,118.6,276.81,56.22
2022,Two bed,All property types,Meath,Euro,1279.29,16890,220826,1274.9833802816902,0.07574245115452931,334.13,529.26,118.6,276.81,56.22
2022,All bedrooms,All property types,Meath,Euro,1278.71,16890,220826,1298.127292225201,0.07570811130846655,334.13,529.26,118.6,276.81,56.22
2022,Three bed,All property types,Meath,Euro,1263.55,16890,220826,1385.131496350365,0.0748105387803434,334.13,529.26,118.6,276.81,56.22
2022,1 to 3 bed,All property types,Meath,Euro,1262.17,16890,220826,1230.7152459016395,0.0747288336293665,334.13,529.26,118.6,276.81,56.22
2022,Two bed,All property types,Meath,Euro,1257.35,16890,220826,1274.9833802816902,0.07444345766725873,334.13,529.26,118.6,276.81,56.22
2022,1 to 3 bed,All property types,Meath,Euro,1254.54,16890,220826,1230.7152459016395,0.07427708703374777,334.13,529.26,118.6,276.81,56.22
2022,1 to 2 bed,All property types,Meath,Euro,1240.24,16890,220826,1184.0090322580645,0.07343043220840734,334.13,529.26,118.6,276.81,56.22
2022,All bedrooms,All property types,Meath,Euro,1239.53,16890,220826,1298.127292225201,0.07338839550029604,334.13,529.26,118.6,276.81,56.22
2022,Four plus bed,All property types,Meath,Euro,1227.99,16890,220826,1680.8637333333334,0.07270515097690941,334.13,529.26,118.6,276.81,56.22
2022,1 to 3 bed,All property types,Meath,Euro,1226.55,16890,220826,1230.7152459016395,0.07261989342806394,334.13,529.26,118.6,276.81,56.22
2022,All bedrooms,All property types,Meath,Euro,1222.53,16890,220826,1298.127292225201,0.07238188277087033,334.13,529.26,118.6,276.81,56.22
2022,Three bed,All property types,Meath,Euro,1219.73,16890,220826,1385.131496350365,0.0722161042036708,334.13,529.26,118.6,276.81,56.22
2022,Three bed,All property types,Meath,Euro,1219.55,16890,220826,1385.131496350365,0.07220544701006512,334.13,529.26,118.6,276.81,56.22
2022,1 to 2 bed,All property types,Meath,Euro,1219.47,16890,220826,1184.0090322580645,0.07220071047957372,334.13,529.26,118.6,276.81,56.22
2022,Two bed,All property types,Meath,Euro,1211.51,16890,220826,1274.9833802816902,0.07172942569567792,334.13,529.26,118.6,276.81,56.22
2022,Two bed,All property types,Meath,Euro,1206.77,16890,220826,1274.9833802816902,0.07144878626406158,334.13,529.26,118.6,276.81,56.22
2022,1 to 3 bed,All property types,Meath,Euro,1198.93,16890,220826,1230.7152459016395,0.0709846062759029,334.13,529.26,118.6,276.81,56.22
2022,1 to 3 bed,All property types,Meath,Euro,1188.84,16890,220826,1230.7152459016395,0.07038721136767317,334.13,529.26,118.6,276.81,56.22
2022,1 to 2 bed,All property types,Meath,Euro,1181.38,16890,220826,1184.0090322580645,0.06994552989934873,334.13,529.26,118.6,276.81,56.22
2022,Two bed,All property types,Meath,Euro,1175.65,16890,220826,1274.9833802816902,0.06960627590290112,334.13,529.26,118.6,276.81,56.22
2022,All bedrooms,All property types,Meath,Euro,1160.01,16890,220826,1298.127292225201,0.06868028419182949,334.13,529.26,118.6,276.81,56.22
2022,All bedrooms,All property types,Meath,Euro,1138.06,16890,220826,1298.127292225201,0.06738069863824749,334.13,529.26,118.6,276.81,56.22
2022,One bed,All property types,Meath,Euro,1137.59,16890,220826,1057.0936904761904,0.06735287152161042,334.13,529.26,118.6,276.81,56.22
2022,1 to 2 bed,All property types,Meath,Euro,1137.02,16890,220826,1184.0090322580645,0.06731912374185908,334.13,529.26,118.6,276.81,56.22
2022,Two bed,All property types,Meath,Euro,1105.85,16890,220826,1274.9833802816902,0.0654736530491415,334.13,529.26,118.6,276.81,56.22
2022,1 to 2 bed,All property types,Meath,Euro,1098.43,16890,220826,1184.0090322580645,0.06503433984606276,334.13,529.26,118.6,276.81,56.22
2022,1 to 3 bed,All property types,Meath,Euro,1091.38,16890,220826,1230.7152459016395,0.06461693309650682,334.13,529.26,118.6,276.81,56.22
2022,1 to 3 bed,All property types,Meath,Euro,1090.58,16890,220826,1230.7152459016395,0.06456956779159266,334.13,529.26,118.6,276.81,56.22
2022,Three bed,All property types,Meath,Euro,1072.51,16890,220826,1385.131496350365,0.06349970396684429,334.13,529.26,118.6,276.81,56.22
2022,Two bed,All property types,Meath,Euro,1062.16,16890,220826,1274.9833802816902,0.06288691533451747,334.13,529.26,118.6,276.81,56.22
2022,All bedrooms,All property types,Meath,Euro,1054.56,16890,220826,1298.127292225201,0.062436944937833035,334.13,529.26,118.6,276.81,56.22
2022,All bedrooms,All property types,Meath,Euro,1044.84,16890,220826,1298.127292225201,0.061861456483126104,334.13,529.26,118.6,276.81,56.22
2022,Two bed,All property types,Meath,Euro,994.44,16890,220826,1274.9833802816902,0.05887744227353464,334.13,529.26,118.6,276.81,56.22
2022,1 to 2 bed,All property types,Meath,Euro,991.23,16890,220826,1184.0090322580645,0.05868738898756661,334.13,529.26,118.6,276.81,56.22
2022,1 to 3 bed,All property types,Meath,Euro,987.45,16890,220826,1230.7152459016395,0.05846358792184725,334.13,529.26,118.6,276.81,56.22
2022,1 to 3 bed,All property types,Meath,Euro,984.38,16890,220826,1230.7152459016395,0.058281823564239194,334.13,529.26,118.6,276.81,56.22
2022,1 to 2 bed,All property types,Meath,Euro,973.32,16890,220826,1184.0090322580645,0.05762699822380107,334.13,529.26,118.6,276.81,56.22
2022,Two bed,All property types,Meath,Euro,943.04,16890,220826,1274.9833802816902,0.05583422143280047,334.13,529.26,118.6,276.81,56.22
2022,1 to 2 bed,All property types,Meath,Euro,929.16,16890,220826,1184.0090322580645,0.055012433392539965,334.13,529.26,118.6,276.81,56.22
2022,1 to 2 bed,All property types,Meath,Euro,923.17,16890,220826,1184.0090322580645,0.05465778567199526,334.13,529.26,118.6,276.81,56.22
2022,One bed,All property types,Meath,Euro,921.12,16890,220826,1057.0936904761904,0.054536412078152754,334.13,529.26,118.6,276.81,56.22
2022,One bed,All property types,Meath,Euro,886.22,16890,220826,1057.0936904761904,0.052470100651272944,334.13,529.26,118.6,276.81,56.22
2022,One bed,All property types,Meath,Euro,823.12,16890,220826,1057.0936904761904,0.04873416222616933,334.13,529.26,118.6,276.81,56.22
2022,One bed,All property types,Meath,Euro,742.23,16890,220826,1057.0936904761904,0.0439449378330373,334.13,529.26,118.6,276.81,56.22
2022,Four plus bed,All property types,Monaghan,Euro,1051.53,10500,65288,1680.8637333333334,0.10014571428571428,94.91,110.98,24.57,57.49,13.13
2022,Four plus bed,All property types,Monaghan,Euro,1000.95,10500,65288,1680.8637333333334,0.09532857142857143,94.91,110.98,24.57,57.49,13.13
2022,Four plus bed,All property types,Monaghan,Euro,899.61,10500,65288,1680.8637333333334,0.08567714285714285,94.91,110.98,24.57,57.49,13.13
2022,One bed,All property types,Monaghan,Euro,892.62,10500,65288,1057.0936904761904,0.08501142857142857,94.91,110.98,24.57,57.49,13.13
2022,All bedrooms,All property types,Monaghan,Euro,892.03,10500,65288,1298.127292225201,0.0849552380952381,94.91,110.98,24.57,57.49,13.13
2022,Three bed,All property types,Monaghan,Euro,848.93,10500,65288,1385.131496350365,0.08085047619047618,94.91,110.98,24.57,57.49,13.13
2022,Three bed,All property types,Monaghan,Euro,826.61,10500,65288,1385.131496350365,0.07872476190476191,94.91,110.98,24.57,57.49,13.13
2022,1 to 3 bed,All property types,Monaghan,Euro,826.23,10500,65288,1230.7152459016395,0.07868857142857143,94.91,110.98,24.57,57.49,13.13
2022,Two bed,All property types,Monaghan,Euro,809.21,10500,65288,1274.9833802816902,0.07706761904761905,94.91,110.98,24.57,57.49,13.13
2022,All bedrooms,All property types,Monaghan,Euro,796.32,10500,65288,1298.127292225201,0.07584,94.91,110.98,24.57,57.49,13.13
2022,1 to 2 bed,All property types,Monaghan,Euro,795.71,10500,65288,1184.0090322580645,0.07578190476190476,94.91,110.98,24.57,57.49,13.13
2022,1 to 3 bed,All property types,Monaghan,Euro,786.3,10500,65288,1230.7152459016395,0.07488571428571428,94.91,110.98,24.57,57.49,13.13
2022,Three bed,All property types,Monaghan,Euro,773.42,10500,65288,1385.131496350365,0.07365904761904761,94.91,110.98,24.57,57.49,13.13
2022,Three bed,All property types,Monaghan,Euro,767.06,10500,65288,1385.131496350365,0.07305333333333333,94.91,110.98,24.57,57.49,13.13
2022,All bedrooms,All property types,Monaghan,Euro,762.22,10500,65288,1298.127292225201,0.07259238095238095,94.91,110.98,24.57,57.49,13.13
2022,All bedrooms,All property types,Monaghan,Euro,759.44,10500,65288,1298.127292225201,0.07232761904761906,94.91,110.98,24.57,57.49,13.13
2022,1 to 2 bed,All property types,Monaghan,Euro,754.27,10500,65288,1184.0090322580645,0.07183523809523809,94.91,110.98,24.57,57.49,13.13
2022,Two bed,All property types,Monaghan,Euro,729.69,10500,65288,1274.9833802816902,0.06949428571428572,94.91,110.98,24.57,57.49,13.13
2022,1 to 3 bed,All property types,Monaghan,Euro,729.44,10500,65288,1230.7152459016395,0.0694704761904762,94.91,110.98,24.57,57.49,13.13
2022,1 to 3 bed,All property types,Monaghan,Euro,725.54,10500,65288,1230.7152459016395,0.06909904761904762,94.91,110.98,24.57,57.49,13.13
2022,Two bed,All property types,Monaghan,Euro,703.76,10500,65288,1274.9833802816902,0.0670247619047619,94.91,110.98,24.57,57.49,13.13
2022,Three bed,All property types,Monaghan,Euro,699.95,10500,65288,1385.131496350365,0.06666190476190477,94.91,110.98,24.57,57.49,13.13
2022,1 to 2 bed,All property types,Monaghan,Euro,698.09,10500,65288,1184.0090322580645,0.06648476190476191,94.91,110.98,24.57,57.49,13.13
2022,1 to 2 bed,All property types,Monaghan,Euro,695.12,10500,65288,1184.0090322580645,0.06620190476190477,94.91,110.98,24.57,57.49,13.13
2022,Two bed,All property types,Monaghan,Euro,691.39,10500,65288,1274.9833802816902,0.06584666666666666,94.91,110.98,24.57,57.49,13.13
2022,One bed,All property types,Monaghan,Euro,673.6,10500,65288,1057.0936904761904,0.06415238095238096,94.91,110.98,24.57,57.49,13.13
2022,All bedrooms,All property types,Monaghan,Euro,659.55,10500,65288,1298.127292225201,0.06281428571428571,94.91,110.98,24.57,57.49,13.13
2022,1 to 3 bed,All property types,Monaghan,Euro,650.1,10500,65288,1230.7152459016395,0.06191428571428571,94.91,110.98,24.57,57.49,13.13
2022,One bed,All property types,Monaghan,Euro,634.44,10500,65288,1057.0936904761904,0.060422857142857146,94.91,110.98,24.57,57.49,13.13
2022,Four plus bed,All property types,Offaly,Euro,1163.9,12042,83150,1680.8637333333334,0.09665337983723635,85.55,315.39,29.86,52.38,7.27
2022,Four plus bed,All property types,Offaly,Euro,1107.95,12042,83150,1680.8637333333334,0.0920071416708188,85.55,315.39,29.86,52.38,7.27
2022,Three bed,All property types,Offaly,Euro,1075.98,12042,83150,1385.131496350365,0.08935226706527155,85.55,315.39,29.86,52.38,7.27
2022,Three bed,All property types,Offaly,Euro,1050.08,12042,83150,1385.131496350365,0.08720146155123733,85.55,315.39,29.86,52.38,7.27
2022,All bedrooms,All property types,Offaly,Euro,1027.33,12042,83150,1298.127292225201,0.08531224049161268,85.55,315.39,29.86,52.38,7.27
2022,1 to 3 bed,All property types,Offaly,Euro,995.43,12042,83150,1230.7152459016395,0.0826631788739412,85.55,315.39,29.86,52.38,7.27
2022,Two bed,All property types,Offaly,Euro,992.89,12042,83150,1274.9833802816902,0.08245225045673477,85.55,315.39,29.86,52.38,7.27
2022,Three bed,All property types,Offaly,Euro,981.76,12042,83150,1385.131496350365,0.08152798538448762,85.55,315.39,29.86,52.38,7.27
2022,All bedrooms,All property types,Offaly,Euro,955.48,12042,83150,1298.127292225201,0.07934562365055639,85.55,315.39,29.86,52.38,7.27
2022,Three bed,All property types,Offaly,Euro,945.54,12042,83150,1385.131496350365,0.07852017937219731,85.55,315.39,29.86,52.38,7.27
2022,All bedrooms,All property types,Offaly,Euro,924.07,12042,83150,1298.127292225201,0.07673725294801528,85.55,315.39,29.86,52.38,7.27
2022,1 to 3 bed,All property types,Offaly,Euro,923.77,12042,83150,1230.7152459016395,0.07671234014283342,85.55,315.39,29.86,52.38,7.27
2022,1 to 2 bed,All property types,Offaly,Euro,914.57,12042,83150,1184.0090322580645,0.0759483474505896,85.55,315.39,29.86,52.38,7.27
2022,All bedrooms,All property types,Offaly,Euro,902.76,12042,83150,1298.127292225201,0.07496761335326357,85.55,315.39,29.86,52.38,7.27
2022,1 to 3 bed,All property types,Offaly,Euro,891.23,12042,83150,1230.7152459016395,0.07401013120744063,85.55,315.39,29.86,52.38,7.27
2022,1 to 3 bed,All property types,Offaly,Euro,877.98,12042,83150,1230.7152459016395,0.07290981564524165,85.55,315.39,29.86,52.38,7.27
2022,Two bed,All property types,Offaly,Euro,858.23,12042,83150,1274.9833802816902,0.07126972263743564,85.55,315.39,29.86,52.38,7.27
2022,Two bed,All property types,Offaly,Euro,827.8,12042,83150,1274.9833802816902,0.06874273376515529,85.55,315.39,29.86,52.38,7.27
2022,1 to 2 bed,All property types,Offaly,Euro,806.53,12042,83150,1184.0090322580645,0.06697641587776117,85.55,315.39,29.86,52.38,7.27
2022,1 to 2 bed,All property types,Offaly,Euro,804.69,12042,83150,1184.0090322580645,0.06682361733931241,85.55,315.39,29.86,52.38,7.27
2022,Three bed,All property types,Offaly,Euro,802.75,12042,83150,1385.131496350365,0.06666251453246969,85.55,315.39,29.86,52.38,7.27
2022,One bed,All property types,Offaly,Euro,765.21,12042,83150,1057.0936904761904,0.06354509217737918,85.55,315.39,29.86,52.38,7.27
2022,All bedrooms,All property types,Offaly,Euro,736.26,12042,83150,1298.127292225201,0.06114100647732935,85.55,315.39,29.86,52.38,7.27
2022,All bedrooms,All property types,Offaly,Euro,723.8,12042,83150,1298.127292225201,0.06010629463544261,85.55,315.39,29.86,52.38,7.27
2022,1 to 3 bed,All property types,Offaly,Euro,720.52,12042,83150,1230.7152459016395,0.059833914632120906,85.55,315.39,29.86,52.38,7.27
2022,Two bed,All property types,Offaly,Euro,710.89,12042,83150,1274.9833802816902,0.05903421358578309,85.55,315.39,29.86,52.38,7.27
2022,One bed,All property types,Offaly,Euro,699.8,12042,83150,1057.0936904761904,0.058113270220893534,85.55,315.39,29.86,52.38,7.27
2022,1 to 3 bed,All property types,Offaly,Euro,678.98,12042,83150,1230.7152459016395,0.056384321541272216,85.55,315.39,29.86,52.38,7.27
2022,1 to 2 bed,All property types,Offaly,Euro,677.02,12042,83150,1184.0090322580645,0.05622155788075071,85.55,315.39,29.86,52.38,7.27
2022,1 to 2 bed,All property types,Offaly,Euro,647.09,12042,83150,1184.0090322580645,0.05373609035044013,85.55,315.39,29.86,52.38,7.27
2022,One bed,All property types,Offaly,Euro,625.22,12042,83150,1057.0936904761904,0.05191994685268228,85.55,315.39,29.86,52.38,7.27
2022,Four plus bed,All property types,Roscommon,Euro,1144.66,9000,70259,1680.8637333333334,0.12718444444444446,87.07,69.21,25.23,25.76,8.88
2022,Three bed,All property types,Roscommon,Euro,1100.66,9000,70259,1385.131496350365,0.12229555555555556,87.07,69.21,25.23,25.76,8.88
2022,All bedrooms,All property types,Roscommon,Euro,1086.1,9000,70259,1298.127292225201,0.12067777777777777,87.07,69.21,25.23,25.76,8.88
2022,1 to 3 bed,All property types,Roscommon,Euro,1066.17,9000,70259,1230.7152459016395,0.11846333333333334,87.07,69.21,25.23,25.76,8.88
2022,1 to 2 bed,All property types,Roscommon,Euro,1016.81,9000,70259,1184.0090322580645,0.11297888888888888,87.07,69.21,25.23,25.76,8.88
2022,Two bed,All property types,Roscommon,Euro,1013.6,9000,70259,1274.9833802816902,0.11262222222222222,87.07,69.21,25.23,25.76,8.88
2022,Four plus bed,All property types,Roscommon,Euro,964.3,9000,70259,1680.8637333333334,0.10714444444444444,87.07,69.21,25.23,25.76,8.88
2022,Four plus bed,All property types,Roscommon,Euro,897.82,9000,70259,1680.8637333333334,0.09975777777777778,87.07,69.21,25.23,25.76,8.88
2022,Three bed,All property types,Roscommon,Euro,882.63,9000,70259,1385.131496350365,0.09807,87.07,69.21,25.23,25.76,8.88
2022,All bedrooms,All property types,Roscommon,Euro,832.03,9000,70259,1298.127292225201,0.09244777777777778,87.07,69.21,25.23,25.76,8.88
2022,Three bed,All property types,Roscommon,Euro,830.26,9000,70259,1385.131496350365,0.0922511111111111,87.07,69.21,25.23,25.76,8.88
2022,All bedrooms,All property types,Roscommon,Euro,800.55,9000,70259,1298.127292225201,0.08895,87.07,69.21,25.23,25.76,8.88
2022,Four plus bed,All property types,Roscommon,Euro,799.26,9000,70259,1680.8637333333334,0.08880666666666666,87.07,69.21,25.23,25.76,8.88
2022,Three bed,All property types,Roscommon,Euro,787.94,9000,70259,1385.131496350365,0.0875488888888889,87.07,69.21,25.23,25.76,8.88
2022,1 to 3 bed,All property types,Roscommon,Euro,771.24,9000,70259,1230.7152459016395,0.08569333333333333,87.07,69.21,25.23,25.76,8.88
2022,1 to 3 bed,All property types,Roscommon,Euro,764.29,9000,70259,1230.7152459016395,0.08492111111111111,87.07,69.21,25.23,25.76,8.88
2022,Two bed,All property types,Roscommon,Euro,764.07,9000,70259,1274.9833802816902,0.08489666666666668,87.07,69.21,25.23,25.76,8.88
2022,All bedrooms,All property types,Roscommon,Euro,736.63,9000,70259,1298.127292225201,0.08184777777777778,87.07,69.21,25.23,25.76,8.88
2022,Two bed,All property types,Roscommon,Euro,727.01,9000,70259,1274.9833802816902,0.08077888888888889,87.07,69.21,25.23,25.76,8.88
2022,Three bed,All property types,Roscommon,Euro,712.43,9000,70259,1385.131496350365,0.07915888888888889,87.07,69.21,25.23,25.76,8.88
2022,1 to 3 bed,All property types,Roscommon,Euro,711.68,9000,70259,1230.7152459016395,0.07907555555555555,87.07,69.21,25.23,25.76,8.88
2022,Three bed,All property types,Roscommon,Euro,705.11,9000,70259,1385.131496350365,0.07834555555555556,87.07,69.21,25.23,25.76,8.88
2022,1 to 2 bed,All property types,Roscommon,Euro,701.84,9000,70259,1184.0090322580645,0.07798222222222223,87.07,69.21,25.23,25.76,8.88
2022,1 to 2 bed,All property types,Roscommon,Euro,692.9,9000,70259,1184.0090322580645,0.07698888888888888,87.07,69.21,25.23,25.76,8.88
2022,Four plus bed,All property types,Roscommon,Euro,692.5,9000,70259,1680.8637333333334,0.07694444444444444,87.07,69.21,25.23,25.76,8.88
2022,Three bed,All property types,Roscommon,Euro,692.33,9000,70259,1385.131496350365,0.07692555555555557,87.07,69.21,25.23,25.76,8.88
2022,All bedrooms,All property types,Roscommon,Euro,688.19,9000,70259,1298.127292225201,0.07646555555555556,87.07,69.21,25.23,25.76,8.88
2022,1 to 3 bed,All property types,Roscommon,Euro,673.33,9000,70259,1230.7152459016395,0.07481444444444445,87.07,69.21,25.23,25.76,8.88
2022,All bedrooms,All property types,Roscommon,Euro,661.87,9000,70259,1298.127292225201,0.07354111111111111,87.07,69.21,25.23,25.76,8.88
2022,1 to 3 bed,All property types,Roscommon,Euro,652.67,9000,70259,1230.7152459016395,0.07251888888888888,87.07,69.21,25.23,25.76,8.88
2022,Two bed,All property types,Roscommon,Euro,643.41,9000,70259,1274.9833802816902,0.07149,87.07,69.21,25.23,25.76,8.88
2022,Two bed,All property types,Roscommon,Euro,635.35,9000,70259,1274.9833802816902,0.07059444444444445,87.07,69.21,25.23,25.76,8.88
2022,All bedrooms,All property types,Roscommon,Euro,628.47,9000,70259,1298.127292225201,0.06983,87.07,69.21,25.23,25.76,8.88
2022,1 to 3 bed,All property types,Roscommon,Euro,624.37,9000,70259,1230.7152459016395,0.06937444444444445,87.07,69.21,25.23,25.76,8.88
2022,1 to 2 bed,All property types,Roscommon,Euro,621.3,9000,70259,1184.0090322580645,0.06903333333333332,87.07,69.21,25.23,25.76,8.88
2022,1 to 2 bed,All property types,Roscommon,Euro,609.77,9000,70259,1184.0090322580645,0.06775222222222221,87.07,69.21,25.23,25.76,8.88
2022,Two bed,All property types,Roscommon,Euro,579.68,9000,70259,1274.9833802816902,0.06440888888888888,87.07,69.21,25.23,25.76,8.88
2022,One bed,All property types,Roscommon,Euro,579.6,9000,70259,1057.0936904761904,0.0644,87.07,69.21,25.23,25.76,8.88
2022,One bed,All property types,Roscommon,Euro,578.91,9000,70259,1057.0936904761904,0.06432333333333333,87.07,69.21,25.23,25.76,8.88
2022,1 to 2 bed,All property types,Roscommon,Euro,559.81,9000,70259,1184.0090322580645,0.0622011111111111,87.07,69.21,25.23,25.76,8.88
2022,Four plus bed,All property types,Sligo,Euro,1346.22,9900,70198,1680.8637333333334,0.13598181818181818,156.99,159.56,33.12,38.89,9.71
2022,All bedrooms,All property types,Sligo,Euro,1145.13,9900,70198,1298.127292225201,0.11566969696969698,156.99,159.56,33.12,38.89,9.71
2022,Four plus bed,All property types,Sligo,Euro,1095.5,9900,70198,1680.8637333333334,0.11065656565656566,156.99,159.56,33.12,38.89,9.71
2022,Four plus bed,All property types,Sligo,Euro,1067.36,9900,70198,1680.8637333333334,0.1078141414141414,156.99,159.56,33.12,38.89,9.71
2022,Three bed,All property types,Sligo,Euro,1027.6,9900,70198,1385.131496350365,0.10379797979797979,156.99,159.56,33.12,38.89,9.71
2022,1 to 3 bed,All property types,Sligo,Euro,1027.6,9900,70198,1230.7152459016395,0.10379797979797979,156.99,159.56,33.12,38.89,9.71
2022,All bedrooms,All property types,Sligo,Euro,1006.18,9900,70198,1298.127292225201,0.10163434343434342,156.99,159.56,33.12,38.89,9.71
2022,1 to 3 bed,All property types,Sligo,Euro,956.13,9900,70198,1230.7152459016395,0.09657878787878788,156.99,159.56,33.12,38.89,9.71
2022,Four plus bed,All property types,Sligo,Euro,947.29,9900,70198,1680.8637333333334,0.09568585858585858,156.99,159.56,33.12,38.89,9.71
2022,Three bed,All property types,Sligo,Euro,921.02,9900,70198,1385.131496350365,0.09303232323232323,156.99,159.56,33.12,38.89,9.71
2022,Three bed,All property types,Sligo,Euro,909.52,9900,70198,1385.131496350365,0.09187070707070707,156.99,159.56,33.12,38.89,9.71
2022,All bedrooms,All property types,Sligo,Euro,897.9,9900,70198,1298.127292225201,0.09069696969696969,156.99,159.56,33.12,38.89,9.71
2022,All bedrooms,All property types,Sligo,Euro,894.94,9900,70198,1298.127292225201,0.0903979797979798,156.99,159.56,33.12,38.89,9.71
2022,Three bed,All property types,Sligo,Euro,886.78,9900,70198,1385.131496350365,0.08957373737373737,156.99,159.56,33.12,38.89,9.71
2022,Two bed,All property types,Sligo,Euro,880.98,9900,70198,1274.9833802816902,0.0889878787878788,156.99,159.56,33.12,38.89,9.71
2022,All bedrooms,All property types,Sligo,Euro,876.6,9900,70198,1298.127292225201,0.08854545454545455,156.99,159.56,33.12,38.89,9.71
2022,All bedrooms,All property types,Sligo,Euro,866.58,9900,70198,1298.127292225201,0.08753333333333334,156.99,159.56,33.12,38.89,9.71
2022,1 to 3 bed,All property types,Sligo,Euro,866.51,9900,70198,1230.7152459016395,0.08752626262626262,156.99,159.56,33.12,38.89,9.71
2022,Three bed,All property types,Sligo,Euro,861.4,9900,70198,1385.131496350365,0.08701010101010101,156.99,159.56,33.12,38.89,9.71
2022,1 to 3 bed,All property types,Sligo,Euro,857.44,9900,70198,1230.7152459016395,0.08661010101010101,156.99,159.56,33.12,38.89,9.71
2022,1 to 3 bed,All property types,Sligo,Euro,855.59,9900,70198,1230.7152459016395,0.08642323232323233,156.99,159.56,33.12,38.89,9.71
2022,Two bed,All property types,Sligo,Euro,850.78,9900,70198,1274.9833802816902,0.08593737373737373,156.99,159.56,33.12,38.89,9.71
2022,1 to 2 bed,All property types,Sligo,Euro,844.33,9900,70198,1184.0090322580645,0.08528585858585859,156.99,159.56,33.12,38.89,9.71
2022,All bedrooms,All property types,Sligo,Euro,830.54,9900,70198,1298.127292225201,0.08389292929292928,156.99,159.56,33.12,38.89,9.71
2022,1 to 3 bed,All property types,Sligo,Euro,825.05,9900,70198,1230.7152459016395,0.08333838383838384,156.99,159.56,33.12,38.89,9.71
2022,1 to 2 bed,All property types,Sligo,Euro,806.06,9900,70198,1184.0090322580645,0.08142020202020202,156.99,159.56,33.12,38.89,9.71
2022,Two bed,All property types,Sligo,Euro,803.51,9900,70198,1274.9833802816902,0.08116262626262626,156.99,159.56,33.12,38.89,9.71
2022,1 to 3 bed,All property types,Sligo,Euro,790.08,9900,70198,1230.7152459016395,0.07980606060606062,156.99,159.56,33.12,38.89,9.71
2022,1 to 2 bed,All property types,Sligo,Euro,788.81,9900,70198,1184.0090322580645,0.07967777777777778,156.99,159.56,33.12,38.89,9.71
2022,Two bed,All property types,Sligo,Euro,788.73,9900,70198,1274.9833802816902,0.07966969696969697,156.99,159.56,33.12,38.89,9.71
2022,1 to 2 bed,All property types,Sligo,Euro,762.0,9900,70198,1184.0090322580645,0.07696969696969697,156.99,159.56,33.12,38.89,9.71
2022,All bedrooms,All property types,Sligo,Euro,699.15,9900,70198,1298.127292225201,0.07062121212121211,156.99,159.56,33.12,38.89,9.71
2022,Three bed,All property types,Sligo,Euro,674.19,9900,70198,1385.131496350365,0.06810000000000001,156.99,159.56,33.12,38.89,9.71
2022,One bed,All property types,Sligo,Euro,670.92,9900,70198,1057.0936904761904,0.06776969696969697,156.99,159.56,33.12,38.89,9.71
2022,One bed,All property types,Sligo,Euro,652.59,9900,70198,1057.0936904761904,0.06591818181818182,156.99,159.56,33.12,38.89,9.71
2022,1 to 3 bed,All property types,Sligo,Euro,642.23,9900,70198,1230.7152459016395,0.06487171717171718,156.99,159.56,33.12,38.89,9.71
2022,1 to 2 bed,All property types,Sligo,Euro,629.03,9900,70198,1184.0090322580645,0.06353838383838384,156.99,159.56,33.12,38.89,9.71
2022,Four plus bed,All property types,Tipperary,Euro,1118.68,17865,167895,1680.8637333333334,0.06261852784774699,239.31,239.31,87.64,78.01,29.65
2022,Three bed,All property types,Tipperary,Euro,1035.13,17865,167895,1385.131496350365,0.0579417856143297,239.31,239.31,87.64,78.01,29.65
2022,All bedrooms,All property types,Tipperary,Euro,1029.51,17865,167895,1298.127292225201,0.0576272040302267,239.31,239.31,87.64,78.01,29.65
2022,Three bed,All property types,Tipperary,Euro,1020.62,17865,167895,1385.131496350365,0.05712958298348727,239.31,239.31,87.64,78.01,29.65
2022,Four plus bed,All property types,Tipperary,Euro,1006.42,17865,167895,1680.8637333333334,0.05633473271760425,239.31,239.31,87.64,78.01,29.65
2022,Four plus bed,All property types,Tipperary,Euro,1000.82,17865,167895,1680.8637333333334,0.056021270640918,239.31,239.31,87.64,78.01,29.65
2022,Four plus bed,All property types,Tipperary,Euro,973.88,17865,167895,1680.8637333333334,0.054513294150573745,239.31,239.31,87.64,78.01,29.65
2022,1 to 3 bed,All property types,Tipperary,Euro,958.02,17865,167895,1230.7152459016395,0.053625524769101596,239.31,239.31,87.64,78.01,29.65
2022,All bedrooms,All property types,Tipperary,Euro,913.63,17865,167895,1298.127292225201,0.05114077805765463,239.31,239.31,87.64,78.01,29.65
2022,Three bed,All property types,Tipperary,Euro,902.96,17865,167895,1385.131496350365,0.05054352085082564,239.31,239.31,87.64,78.01,29.65
2022,Four plus bed,All property types,Tipperary,Euro,901.46,17865,167895,1680.8637333333334,0.05045955779457039,239.31,239.31,87.64,78.01,29.65
2022,1 to 3 bed,All property types,Tipperary,Euro,879.72,17865,167895,1230.7152459016395,0.04924265323257767,239.31,239.31,87.64,78.01,29.65
2022,Three bed,All property types,Tipperary,Euro,873.73,17865,167895,1385.131496350365,0.04890736076126504,239.31,239.31,87.64,78.01,29.65
2022,Three bed,All property types,Tipperary,Euro,872.98,17865,167895,1385.131496350365,0.04886537923313742,239.31,239.31,87.64,78.01,29.65
2022,Three bed,All property types,Tipperary,Euro,853.91,17865,167895,1385.131496350365,0.047797928911279035,239.31,239.31,87.64,78.01,29.65
2022,Three bed,All property types,Tipperary,Euro,850.17,17865,167895,1385.131496350365,0.047588581024349284,239.31,239.31,87.64,78.01,29.65
2022,Four plus bed,All property types,Tipperary,Euro,849.52,17865,167895,1680.8637333333334,0.04755219703330534,239.31,239.31,87.64,78.01,29.65
2022,All bedrooms,All property types,Tipperary,Euro,838.06,17865,167895,1298.127292225201,0.04691071928351525,239.31,239.31,87.64,78.01,29.65
2022,Three bed,All property types,Tipperary,Euro,827.35,17865,167895,1385.131496350365,0.046311223061852785,239.31,239.31,87.64,78.01,29.65
2022,Three bed,All property types,Tipperary,Euro,825.35,17865,167895,1385.131496350365,0.046199272320179126,239.31,239.31,87.64,78.01,29.65
2022,All bedrooms,All property types,Tipperary,Euro,819.04,17865,167895,1298.127292225201,0.04584606773019871,239.31,239.31,87.64,78.01,29.65
2022,All bedrooms,All property types,Tipperary,Euro,818.36,17865,167895,1298.127292225201,0.04580800447802967,239.31,239.31,87.64,78.01,29.65
2022,All bedrooms,All property types,Tipperary,Euro,814.53,17865,167895,1298.127292225201,0.0455936188077246,239.31,239.31,87.64,78.01,29.65
2022,1 to 3 bed,All property types,Tipperary,Euro,810.25,17865,167895,1230.7152459016395,0.04535404422054296,239.31,239.31,87.64,78.01,29.65
2022,All bedrooms,All property types,Tipperary,Euro,809.0,17865,167895,1298.127292225201,0.045284075006996924,239.31,239.31,87.64,78.01,29.65
2022,One bed,All property types,Tipperary,Euro,802.28,17865,167895,1057.0936904761904,0.04490792051497341,239.31,239.31,87.64,78.01,29.65
2022,Two bed,All property types,Tipperary,Euro,801.06,17865,167895,1274.9833802816902,0.044839630562552475,239.31,239.31,87.64,78.01,29.65
2022,1 to 3 bed,All property types,Tipperary,Euro,795.83,17865,167895,1230.7152459016395,0.044546879373075846,239.31,239.31,87.64,78.01,29.65
2022,1 to 3 bed,All property types,Tipperary,Euro,792.71,17865,167895,1230.7152459016395,0.04437223621606493,239.31,239.31,87.64,78.01,29.65
2022,All bedrooms,All property types,Tipperary,Euro,789.77,17865,167895,1298.127292225201,0.04420766862580464,239.31,239.31,87.64,78.01,29.65
2022,1 to 3 bed,All property types,Tipperary,Euro,787.43,17865,167895,1230.7152459016395,0.044076686258046456,239.31,239.31,87.64,78.01,29.65
2022,1 to 3 bed,All property types,Tipperary,Euro,775.02,17865,167895,1230.7152459016395,0.04338203190596138,239.31,239.31,87.64,78.01,29.65
2022,Two bed,All property types,Tipperary,Euro,771.45,17865,167895,1274.9833802816902,0.04318219983207389,239.31,239.31,87.64,78.01,29.65
2022,Three bed,All property types,Tipperary,Euro,755.91,17865,167895,1385.131496350365,0.042312342569269516,239.31,239.31,87.64,78.01,29.65
2022,1 to 3 bed,All property types,Tipperary,Euro,754.9,17865,167895,1230.7152459016395,0.04225580744472432,239.31,239.31,87.64,78.01,29.65
2022,1 to 2 bed,All property types,Tipperary,Euro,754.07,17865,167895,1184.0090322580645,0.04220934788692975,239.31,239.31,87.64,78.01,29.65
2022,Two bed,All property types,Tipperary,Euro,749.59,17865,167895,1274.9833802816902,0.041958578225580745,239.31,239.31,87.64,78.01,29.65
2022,All bedrooms,All property types,Tipperary,Euro,741.85,17865,167895,1298.127292225201,0.04152532885530367,239.31,239.31,87.64,78.01,29.65
2022,Two bed,All property types,Tipperary,Euro,740.34,17865,167895,1274.9833802816902,0.041440806045340055,239.31,239.31,87.64,78.01,29.65
2022,1 to 2 bed,All property types,Tipperary,Euro,739.87,17865,167895,1184.0090322580645,0.041414497621046736,239.31,239.31,87.64,78.01,29.65
2022,Two bed,All property types,Tipperary,Euro,738.9,17865,167895,1274.9833802816902,0.04136020151133501,239.31,239.31,87.64,78.01,29.65
2022,All bedrooms,All property types,Tipperary,Euro,732.44,17865,167895,1298.127292225201,0.04099860061572908,239.31,239.31,87.64,78.01,29.65
2022,Two bed,All property types,Tipperary,Euro,728.79,17865,167895,1274.9833802816902,0.04079429051217464,239.31,239.31,87.64,78.01,29.65
2022,1 to 2 bed,All property types,Tipperary,Euro,725.65,17865,167895,1184.0090322580645,0.04061852784774699,239.31,239.31,87.64,78.01,29.65
2022,All bedrooms,All property types,Tipperary,Euro,720.66,17865,167895,1298.127292225201,0.0403392107472712,239.31,239.31,87.64,78.01,29.65
2022,Two bed,All property types,Tipperary,Euro,715.23,17865,167895,1274.9833802816902,0.0400352644836272,239.31,239.31,87.64,78.01,29.65
2022,1 to 2 bed,All property types,Tipperary,Euro,712.44,17865,167895,1184.0090322580645,0.039879093198992445,239.31,239.31,87.64,78.01,29.65
2022,1 to 2 bed,All property types,Tipperary,Euro,710.23,17865,167895,1184.0090322580645,0.03975538762944305,239.31,239.31,87.64,78.01,29.65
2022,1 to 3 bed,All property types,Tipperary,Euro,706.88,17865,167895,1230.7152459016395,0.03956787013713966,239.31,239.31,87.64,78.01,29.65
2022,1 to 3 bed,All property types,Tipperary,Euro,706.32,17865,167895,1230.7152459016395,0.03953652392947104,239.31,239.31,87.64,78.01,29.65
2022,1 to 2 bed,All property types,Tipperary,Euro,702.84,17865,167895,1184.0090322580645,0.03934172963895886,239.31,239.31,87.64,78.01,29.65
2022,1 to 3 bed,All property types,Tipperary,Euro,698.47,17865,167895,1230.7152459016395,0.039097117268401906,239.31,239.31,87.64,78.01,29.65
2022,Two bed,All property types,Tipperary,Euro,692.05,17865,167895,1274.9833802816902,0.03873775538762944,239.31,239.31,87.64,78.01,29.65
2022,All bedrooms,All property types,Tipperary,Euro,689.02,17865,167895,1298.127292225201,0.03856815001399384,239.31,239.31,87.64,78.01,29.65
2022,Two bed,All property types,Tipperary,Euro,683.14,17865,167895,1274.9833802816902,0.03823901483347327,239.31,239.31,87.64,78.01,29.65
2022,1 to 3 bed,All property types,Tipperary,Euro,671.66,17865,167895,1230.7152459016395,0.037596417576266444,239.31,239.31,87.64,78.01,29.65
2022,Two bed,All property types,Tipperary,Euro,667.38,17865,167895,1274.9833802816902,0.0373568429890848,239.31,239.31,87.64,78.01,29.65
2022,1 to 2 bed,All property types,Tipperary,Euro,662.69,17865,167895,1184.0090322580645,0.037094318499860064,239.31,239.31,87.64,78.01,29.65
2022,One bed,All property types,Tipperary,Euro,649.97,17865,167895,1057.0936904761904,0.03638231178281556,239.31,239.31,87.64,78.01,29.65
2022,1 to 2 bed,All property types,Tipperary,Euro,637.93,17865,167895,1184.0090322580645,0.0357083683179401,239.31,239.31,87.64,78.01,29.65
2022,One bed,All property types,Tipperary,Euro,630.87,17865,167895,1057.0936904761904,0.03531318219983207,239.31,239.31,87.64,78.01,29.65
2022,One bed,All property types,Tipperary,Euro,625.73,17865,167895,1057.0936904761904,0.03502546879373076,239.31,239.31,87.64,78.01,29.65
2022,1 to 2 bed,All property types,Tipperary,Euro,616.82,17865,167895,1184.0090322580645,0.03452672823957459,239.31,239.31,87.64,78.01,29.65
2022,One bed,All property types,Tipperary,Euro,614.44,17865,167895,1057.0936904761904,0.03439350685698293,239.31,239.31,87.64,78.01,29.65
2022,1 to 2 bed,All property types,Tipperary,Euro,609.68,17865,167895,1184.0090322580645,0.03412706409179961,239.31,239.31,87.64,78.01,29.65
2022,One bed,All property types,Tipperary,Euro,569.27,17865,167895,1057.0936904761904,0.03186509935628323,239.31,239.31,87.64,78.01,29.65
2022,One bed,All property types,Tipperary,Euro,496.05,17865,167895,1057.0936904761904,0.02776658270361041,239.31,239.31,87.64,78.01,29.65
2022,Four plus bed,All property types,Waterford,Euro,2103.31,23000,127363,1680.8637333333334,0.09144826086956521,156.59,283.68,60.72,105.1,27.18
2022,Four plus bed,All property types,Waterford,Euro,1628.68,23000,127363,1680.8637333333334,0.07081217391304348,156.59,283.68,60.72,105.1,27.18
2022,All bedrooms,All property types,Waterford,Euro,1596.86,23000,127363,1298.127292225201,0.06942869565217391,156.59,283.68,60.72,105.1,27.18
2022,Four plus bed,All property types,Waterford,Euro,1404.21,23000,127363,1680.8637333333334,0.061052608695652176,156.59,283.68,60.72,105.1,27.18
2022,All bedrooms,All property types,Waterford,Euro,1318.68,23000,127363,1298.127292225201,0.05733391304347826,156.59,283.68,60.72,105.1,27.18
2022,Three bed,All property types,Waterford,Euro,1216.19,23000,127363,1385.131496350365,0.05287782608695652,156.59,283.68,60.72,105.1,27.18
2022,Three bed,All property types,Waterford,Euro,1210.91,23000,127363,1385.131496350365,0.05264826086956522,156.59,283.68,60.72,105.1,27.18
2022,1 to 3 bed,All property types,Waterford,Euro,1209.2,23000,127363,1230.7152459016395,0.05257391304347826,156.59,283.68,60.72,105.1,27.18
2022,All bedrooms,All property types,Waterford,Euro,1178.4,23000,127363,1298.127292225201,0.051234782608695656,156.59,283.68,60.72,105.1,27.18
2022,1 to 3 bed,All property types,Waterford,Euro,1171.54,23000,127363,1230.7152459016395,0.050936521739130436,156.59,283.68,60.72,105.1,27.18
2022,Four plus bed,All property types,Waterford,Euro,1145.86,23000,127363,1680.8637333333334,0.049819999999999996,156.59,283.68,60.72,105.1,27.18
2022,All bedrooms,All property types,Waterford,Euro,1138.65,23000,127363,1298.127292225201,0.04950652173913044,156.59,283.68,60.72,105.1,27.18
2022,Two bed,All property types,Waterford,Euro,1107.87,23000,127363,1274.9833802816902,0.048168260869565216,156.59,283.68,60.72,105.1,27.18
2022,All bedrooms,All property types,Waterford,Euro,1099.33,23000,127363,1298.127292225201,0.047796956521739126,156.59,283.68,60.72,105.1,27.18
2022,1 to 3 bed,All property types,Waterford,Euro,1099.33,23000,127363,1230.7152459016395,0.047796956521739126,156.59,283.68,60.72,105.1,27.18
2022,1 to 3 bed,All property types,Waterford,Euro,1095.28,23000,127363,1230.7152459016395,0.04762086956521739,156.59,283.68,60.72,105.1,27.18
2022,Three bed,All property types,Waterford,Euro,1076.13,23000,127363,1385.131496350365,0.046788260869565224,156.59,283.68,60.72,105.1,27.18
2022,1 to 2 bed,All property types,Waterford,Euro,1068.1,23000,127363,1184.0090322580645,0.04643913043478261,156.59,283.68,60.72,105.1,27.18
2022,All bedrooms,All property types,Waterford,Euro,1059.1,23000,127363,1298.127292225201,0.04604782608695652,156.59,283.68,60.72,105.1,27.18
2022,Three bed,All property types,Waterford,Euro,1032.67,23000,127363,1385.131496350365,0.044898695652173914,156.59,283.68,60.72,105.1,27.18
2022,Three bed,All property types,Waterford,Euro,1017.84,23000,127363,1385.131496350365,0.04425391304347826,156.59,283.68,60.72,105.1,27.18
2022,All bedrooms,All property types,Waterford,Euro,992.57,23000,127363,1298.127292225201,0.04315521739130435,156.59,283.68,60.72,105.1,27.18
2022,All bedrooms,All property types,Waterford,Euro,982.3,23000,127363,1298.127292225201,0.04270869565217391,156.59,283.68,60.72,105.1,27.18
2022,1 to 3 bed,All property types,Waterford,Euro,962.84,23000,127363,1230.7152459016395,0.04186260869565218,156.59,283.68,60.72,105.1,27.18
2022,1 to 3 bed,All property types,Waterford,Euro,958.5,23000,127363,1230.7152459016395,0.04167391304347826,156.59,283.68,60.72,105.1,27.18
2022,All bedrooms,All property types,Waterford,Euro,955.84,23000,127363,1298.127292225201,0.04155826086956522,156.59,283.68,60.72,105.1,27.18
2022,Three bed,All property types,Waterford,Euro,947.94,23000,127363,1385.131496350365,0.041214782608695655,156.59,283.68,60.72,105.1,27.18
2022,All bedrooms,All property types,Waterford,Euro,940.74,23000,127363,1298.127292225201,0.04090173913043478,156.59,283.68,60.72,105.1,27.18
2022,All bedrooms,All property types,Waterford,Euro,928.92,23000,127363,1298.127292225201,0.04038782608695652,156.59,283.68,60.72,105.1,27.18
2022,Two bed,All property types,Waterford,Euro,927.17,23000,127363,1274.9833802816902,0.04031173913043478,156.59,283.68,60.72,105.1,27.18
2022,Two bed,All property types,Waterford,Euro,923.06,23000,127363,1274.9833802816902,0.04013304347826087,156.59,283.68,60.72,105.1,27.18
2022,1 to 3 bed,All property types,Waterford,Euro,922.48,23000,127363,1230.7152459016395,0.040107826086956525,156.59,283.68,60.72,105.1,27.18
2022,1 to 3 bed,All property types,Waterford,Euro,918.97,23000,127363,1230.7152459016395,0.03995521739130435,156.59,283.68,60.72,105.1,27.18
2022,All bedrooms,All property types,Waterford,Euro,910.14,23000,127363,1298.127292225201,0.03957130434782609,156.59,283.68,60.72,105.1,27.18
2022,1 to 2 bed,All property types,Waterford,Euro,910.14,23000,127363,1184.0090322580645,0.03957130434782609,156.59,283.68,60.72,105.1,27.18
2022,1 to 3 bed,All property types,Waterford,Euro,910.14,23000,127363,1230.7152459016395,0.03957130434782609,156.59,283.68,60.72,105.1,27.18
2022,Two bed,All property types,Waterford,Euro,897.43,23000,127363,1274.9833802816902,0.03901869565217391,156.59,283.68,60.72,105.1,27.18
2022,Two bed,All property types,Waterford,Euro,894.28,23000,127363,1274.9833802816902,0.03888173913043478,156.59,283.68,60.72,105.1,27.18
2022,All bedrooms,All property types,Waterford,Euro,892.63,23000,127363,1298.127292225201,0.03881,156.59,283.68,60.72,105.1,27.18
2022,1 to 2 bed,All property types,Waterford,Euro,892.63,23000,127363,1184.0090322580645,0.03881,156.59,283.68,60.72,105.1,27.18
2022,1 to 3 bed,All property types,Waterford,Euro,892.63,23000,127363,1230.7152459016395,0.03881,156.59,283.68,60.72,105.1,27.18
2022,1 to 3 bed,All property types,Waterford,Euro,890.18,23000,127363,1230.7152459016395,0.03870347826086956,156.59,283.68,60.72,105.1,27.18
2022,1 to 3 bed,All property types,Waterford,Euro,882.83,23000,127363,1230.7152459016395,0.03838391304347826,156.59,283.68,60.72,105.1,27.18
2022,All bedrooms,All property types,Waterford,Euro,877.25,23000,127363,1298.127292225201,0.03814130434782609,156.59,283.68,60.72,105.1,27.18
2022,Two bed,All property types,Waterford,Euro,874.84,23000,127363,1274.9833802816902,0.038036521739130434,156.59,283.68,60.72,105.1,27.18
2022,1 to 2 bed,All property types,Waterford,Euro,870.17,23000,127363,1184.0090322580645,0.037833478260869566,156.59,283.68,60.72,105.1,27.18
2022,All bedrooms,All property types,Waterford,Euro,865.91,23000,127363,1298.127292225201,0.037648260869565214,156.59,283.68,60.72,105.1,27.18
2022,1 to 3 bed,All property types,Waterford,Euro,862.8,23000,127363,1230.7152459016395,0.037513043478260864,156.59,283.68,60.72,105.1,27.18
2022,Two bed,All property types,Waterford,Euro,857.42,23000,127363,1274.9833802816902,0.037279130434782606,156.59,283.68,60.72,105.1,27.18
2022,1 to 2 bed,All property types,Waterford,Euro,841.88,23000,127363,1184.0090322580645,0.036603478260869564,156.59,283.68,60.72,105.1,27.18
2022,1 to 2 bed,All property types,Waterford,Euro,839.83,23000,127363,1184.0090322580645,0.03651434782608696,156.59,283.68,60.72,105.1,27.18
2022,1 to 3 bed,All property types,Waterford,Euro,832.58,23000,127363,1230.7152459016395,0.03619913043478261,156.59,283.68,60.72,105.1,27.18
2022,1 to 2 bed,All property types,Waterford,Euro,820.37,23000,127363,1184.0090322580645,0.03566826086956522,156.59,283.68,60.72,105.1,27.18
2022,1 to 2 bed,All property types,Waterford,Euro,807.71,23000,127363,1184.0090322580645,0.03511782608695652,156.59,283.68,60.72,105.1,27.18
2022,One bed,All property types,Waterford,Euro,801.67,23000,127363,1057.0936904761904,0.034855217391304344,156.59,283.68,60.72,105.1,27.18
2022,One bed,All property types,Waterford,Euro,795.73,23000,127363,1057.0936904761904,0.03459695652173913,156.59,283.68,60.72,105.1,27.18
2022,All bedrooms,All property types,Waterford,Euro,758.25,23000,127363,1298.127292225201,0.03296739130434782,156.59,283.68,60.72,105.1,27.18
2022,One bed,All property types,Waterford,Euro,744.71,23000,127363,1057.0936904761904,0.03237869565217392,156.59,283.68,60.72,105.1,27.18
2022,One bed,All property types,Waterford,Euro,744.06,23000,127363,1057.0936904761904,0.03235043478260869,156.59,283.68,60.72,105.1,27.18
2022,1 to 3 bed,All property types,Waterford,Euro,739.23,23000,127363,1230.7152459016395,0.032140434782608696,156.59,283.68,60.72,105.1,27.18
2022,Four plus bed,All property types,Westmeath,Euro,1176.5,16371,96221,1680.8637333333334,0.07186488302486103,120.29,1295.14,44.2,83.55,52.0
2022,Four plus bed,All property types,Westmeath,Euro,1154.16,16371,96221,1680.8637333333334,0.07050027487630567,120.29,1295.14,44.2,83.55,52.0
2022,Four plus bed,All property types,Westmeath,Euro,1149.78,16371,96221,1680.8637333333334,0.07023272860546087,120.29,1295.14,44.2,83.55,52.0
2022,Three bed,All property types,Westmeath,Euro,1037.85,16371,96221,1385.131496350365,0.06339563862928348,120.29,1295.14,44.2,83.55,52.0
2022,Three bed,All property types,Westmeath,Euro,1031.25,16371,96221,1385.131496350365,0.06299248671431189,120.29,1295.14,44.2,83.55,52.0
2022,All bedrooms,All property types,Westmeath,Euro,1028.3,16371,96221,1298.127292225201,0.06281229002504428,120.29,1295.14,44.2,83.55,52.0
2022,Two bed,All property types,Westmeath,Euro,1023.93,16371,96221,1274.9833802816902,0.0625453545904343,120.29,1295.14,44.2,83.55,52.0
2022,All bedrooms,All property types,Westmeath,Euro,1004.14,16371,96221,1298.127292225201,0.061336509681754324,120.29,1295.14,44.2,83.55,52.0
2022,1 to 3 bed,All property types,Westmeath,Euro,999.8,16371,96221,1230.7152459016395,0.06107140675584875,120.29,1295.14,44.2,83.55,52.0
2022,Three bed,All property types,Westmeath,Euro,997.98,16371,96221,1385.131496350365,0.060960234561114164,120.29,1295.14,44.2,83.55,52.0
2022,Three bed,All property types,Westmeath,Euro,995.78,16371,96221,1385.131496350365,0.06082585058945696,120.29,1295.14,44.2,83.55,52.0
2022,1 to 2 bed,All property types,Westmeath,Euro,984.34,16371,96221,1184.0090322580645,0.060127053936839536,120.29,1295.14,44.2,83.55,52.0
2022,All bedrooms,All property types,Westmeath,Euro,981.05,16371,96221,1298.127292225201,0.05992608881558854,120.29,1295.14,44.2,83.55,52.0
2022,All bedrooms,All property types,Westmeath,Euro,967.79,16371,96221,1298.127292225201,0.059116119968236513,120.29,1295.14,44.2,83.55,52.0
2022,Two bed,All property types,Westmeath,Euro,957.36,16371,96221,1274.9833802816902,0.05847901777533444,120.29,1295.14,44.2,83.55,52.0
2022,1 to 3 bed,All property types,Westmeath,Euro,944.37,16371,96221,1230.7152459016395,0.05768554150632216,120.29,1295.14,44.2,83.55,52.0
2022,1 to 3 bed,All property types,Westmeath,Euro,940.42,16371,96221,1230.7152459016395,0.057444261193574,120.29,1295.14,44.2,83.55,52.0
2022,Two bed,All property types,Westmeath,Euro,932.31,16371,96221,1274.9833802816902,0.05694887300714678,120.29,1295.14,44.2,83.55,52.0
2022,1 to 3 bed,All property types,Westmeath,Euro,927.7,16371,96221,1230.7152459016395,0.05666727750290147,120.29,1295.14,44.2,83.55,52.0
2022,All bedrooms,All property types,Westmeath,Euro,918.13,16371,96221,1298.127292225201,0.05608270722619266,120.29,1295.14,44.2,83.55,52.0
2022,1 to 2 bed,All property types,Westmeath,Euro,913.76,16371,96221,1184.0090322580645,0.055815771791582675,120.29,1295.14,44.2,83.55,52.0
2022,1 to 2 bed,All property types,Westmeath,Euro,912.19,16371,96221,1184.0090322580645,0.055719870502718226,120.29,1295.14,44.2,83.55,52.0
2022,1 to 3 bed,All property types,Westmeath,Euro,893.22,16371,96221,1230.7152459016395,0.05456111416529229,120.29,1295.14,44.2,83.55,52.0
2022,All bedrooms,All property types,Westmeath,Euro,885.59,16371,96221,1298.127292225201,0.05409504611813573,120.29,1295.14,44.2,83.55,52.0
2022,1 to 2 bed,All property types,Westmeath,Euro,877.65,16371,96221,1184.0090322580645,0.0536100421477002,120.29,1295.14,44.2,83.55,52.0
2022,Two bed,All property types,Westmeath,Euro,877.02,16371,96221,1274.9833802816902,0.05357155946490746,120.29,1295.14,44.2,83.55,52.0
2022,One bed,All property types,Westmeath,Euro,874.72,16371,96221,1057.0936904761904,0.053431067130902204,120.29,1295.14,44.2,83.55,52.0
2022,1 to 3 bed,All property types,Westmeath,Euro,865.89,16371,96221,1230.7152459016395,0.052891698735568995,120.29,1295.14,44.2,83.55,52.0
2022,Two bed,All property types,Westmeath,Euro,838.1,16371,96221,1274.9833802816902,0.05119418483904466,120.29,1295.14,44.2,83.55,52.0
2022,1 to 2 bed,All property types,Westmeath,Euro,833.14,16371,96221,1184.0090322580645,0.05089121006658115,120.29,1295.14,44.2,83.55,52.0
2022,1 to 2 bed,All property types,Westmeath,Euro,821.52,16371,96221,1184.0090322580645,0.050181418361737215,120.29,1295.14,44.2,83.55,52.0
2022,All bedrooms,All property types,Westmeath,Euro,801.47,16371,96221,1298.127292225201,0.048956691710952294,120.29,1295.14,44.2,83.55,52.0
2022,One bed,All property types,Westmeath,Euro,790.86,16371,96221,1057.0936904761904,0.048308594465823716,120.29,1295.14,44.2,83.55,52.0
2022,1 to 3 bed,All property types,Westmeath,Euro,761.3,16371,96221,1230.7152459016395,0.046502962555738804,120.29,1295.14,44.2,83.55,52.0
2022,One bed,All property types,Westmeath,Euro,722.1,16371,96221,1057.0936904761904,0.04410848451530145,120.29,1295.14,44.2,83.55,52.0
2022,Four plus bed,All property types,Wexford,Euro,1176.8,16500,163919,1680.8637333333334,0.07132121212121212,203.03,258.55,72.16,135.27,19.89
2022,Four plus bed,All property types,Wexford,Euro,1110.37,16500,163919,1680.8637333333334,0.0672951515151515,203.03,258.55,72.16,135.27,19.89
2022,Three bed,All property types,Wexford,Euro,1071.81,16500,163919,1385.131496350365,0.06495818181818182,203.03,258.55,72.16,135.27,19.89
2022,Four plus bed,All property types,Wexford,Euro,1020.71,16500,163919,1680.8637333333334,0.06186121212121212,203.03,258.55,72.16,135.27,19.89
2022,Three bed,All property types,Wexford,Euro,1017.36,16500,163919,1385.131496350365,0.06165818181818182,203.03,258.55,72.16,135.27,19.89
2022,All bedrooms,All property types,Wexford,Euro,1007.37,16500,163919,1298.127292225201,0.06105272727272727,203.03,258.55,72.16,135.27,19.89
2022,All bedrooms,All property types,Wexford,Euro,1005.19,16500,163919,1298.127292225201,0.060920606060606064,203.03,258.55,72.16,135.27,19.89
2022,All bedrooms,All property types,Wexford,Euro,979.32,16500,163919,1298.127292225201,0.05935272727272728,203.03,258.55,72.16,135.27,19.89
2022,Four plus bed,All property types,Wexford,Euro,977.33,16500,163919,1680.8637333333334,0.059232121212121215,203.03,258.55,72.16,135.27,19.89
2022,1 to 3 bed,All property types,Wexford,Euro,975.58,16500,163919,1230.7152459016395,0.059126060606060606,203.03,258.55,72.16,135.27,19.89
2022,1 to 3 bed,All property types,Wexford,Euro,970.31,16500,163919,1230.7152459016395,0.05880666666666667,203.03,258.55,72.16,135.27,19.89
2022,Three bed,All property types,Wexford,Euro,962.93,16500,163919,1385.131496350365,0.05835939393939393,203.03,258.55,72.16,135.27,19.89
2022,1 to 3 bed,All property types,Wexford,Euro,962.14,16500,163919,1230.7152459016395,0.05831151515151515,203.03,258.55,72.16,135.27,19.89
2022,Three bed,All property types,Wexford,Euro,957.92,16500,163919,1385.131496350365,0.05805575757575757,203.03,258.55,72.16,135.27,19.89
2022,1 to 3 bed,All property types,Wexford,Euro,956.6,16500,163919,1230.7152459016395,0.057975757575757576,203.03,258.55,72.16,135.27,19.89
2022,All bedrooms,All property types,Wexford,Euro,950.02,16500,163919,1298.127292225201,0.057576969696969696,203.03,258.55,72.16,135.27,19.89
2022,Two bed,All property types,Wexford,Euro,932.76,16500,163919,1274.9833802816902,0.05653090909090909,203.03,258.55,72.16,135.27,19.89
2022,Three bed,All property types,Wexford,Euro,928.36,16500,163919,1385.131496350365,0.056264242424242425,203.03,258.55,72.16,135.27,19.89
2022,All bedrooms,All property types,Wexford,Euro,894.7,16500,163919,1298.127292225201,0.054224242424242425,203.03,258.55,72.16,135.27,19.89
2022,Two bed,All property types,Wexford,Euro,889.34,16500,163919,1274.9833802816902,0.05389939393939394,203.03,258.55,72.16,135.27,19.89
2022,1 to 2 bed,All property types,Wexford,Euro,889.34,16500,163919,1184.0090322580645,0.05389939393939394,203.03,258.55,72.16,135.27,19.89
2022,1 to 2 bed,All property types,Wexford,Euro,882.61,16500,163919,1184.0090322580645,0.05349151515151515,203.03,258.55,72.16,135.27,19.89
2022,1 to 3 bed,All property types,Wexford,Euro,863.24,16500,163919,1230.7152459016395,0.05231757575757576,203.03,258.55,72.16,135.27,19.89
2022,Three bed,All property types,Wexford,Euro,854.71,16500,163919,1385.131496350365,0.05180060606060606,203.03,258.55,72.16,135.27,19.89
2022,Two bed,All property types,Wexford,Euro,835.31,16500,163919,1274.9833802816902,0.05062484848484848,203.03,258.55,72.16,135.27,19.89
2022,All bedrooms,All property types,Wexford,Euro,832.09,16500,163919,1298.127292225201,0.05042969696969697,203.03,258.55,72.16,135.27,19.89
2022,All bedrooms,All property types,Wexford,Euro,825.5,16500,163919,1298.127292225201,0.05003030303030303,203.03,258.55,72.16,135.27,19.89
2022,Two bed,All property types,Wexford,Euro,824.54,16500,163919,1274.9833802816902,0.04997212121212121,203.03,258.55,72.16,135.27,19.89
2022,All bedrooms,All property types,Wexford,Euro,822.4,16500,163919,1298.127292225201,0.049842424242424244,203.03,258.55,72.16,135.27,19.89
2022,1 to 3 bed,All property types,Wexford,Euro,812.3,16500,163919,1230.7152459016395,0.04923030303030303,203.03,258.55,72.16,135.27,19.89
2022,Three bed,All property types,Wexford,Euro,803.17,16500,163919,1385.131496350365,0.0486769696969697,203.03,258.55,72.16,135.27,19.89
2022,All bedrooms,All property types,Wexford,Euro,802.76,16500,163919,1298.127292225201,0.04865212121212121,203.03,258.55,72.16,135.27,19.89
2022,1 to 2 bed,All property types,Wexford,Euro,799.75,16500,163919,1184.0090322580645,0.04846969696969697,203.03,258.55,72.16,135.27,19.89
2022,1 to 3 bed,All property types,Wexford,Euro,798.27,16500,163919,1230.7152459016395,0.04838,203.03,258.55,72.16,135.27,19.89
2022,Two bed,All property types,Wexford,Euro,796.42,16500,163919,1274.9833802816902,0.04826787878787878,203.03,258.55,72.16,135.27,19.89
2022,1 to 2 bed,All property types,Wexford,Euro,795.0,16500,163919,1184.0090322580645,0.04818181818181818,203.03,258.55,72.16,135.27,19.89
2022,1 to 3 bed,All property types,Wexford,Euro,794.88,16500,163919,1230.7152459016395,0.048174545454545456,203.03,258.55,72.16,135.27,19.89
2022,1 to 3 bed,All property types,Wexford,Euro,784.1,16500,163919,1230.7152459016395,0.047521212121212124,203.03,258.55,72.16,135.27,19.89
2022,1 to 2 bed,All property types,Wexford,Euro,768.87,16500,163919,1184.0090322580645,0.046598181818181816,203.03,258.55,72.16,135.27,19.89
2022,Two bed,All property types,Wexford,Euro,767.36,16500,163919,1274.9833802816902,0.04650666666666667,203.03,258.55,72.16,135.27,19.89
2022,1 to 2 bed,All property types,Wexford,Euro,743.82,16500,163919,1184.0090322580645,0.04508,203.03,258.55,72.16,135.27,19.89
2022,1 to 2 bed,All property types,Wexford,Euro,717.54,16500,163919,1184.0090322580645,0.04348727272727272,203.03,258.55,72.16,135.27,19.89
2022,One bed,All property types,Wexford,Euro,717.53,16500,163919,1057.0936904761904,0.043486666666666667,203.03,258.55,72.16,135.27,19.89
2022,One bed,All property types,Wexford,Euro,694.55,16500,163919,1057.0936904761904,0.04209393939393939,203.03,258.55,72.16,135.27,19.89
2022,One bed,All property types,Wexford,Euro,676.37,16500,163919,1057.0936904761904,0.040992121212121216,203.03,258.55,72.16,135.27,19.89
2022,One bed,All property types,Wexford,Euro,641.41,16500,163919,1057.0936904761904,0.03887333333333333,203.03,258.55,72.16,135.27,19.89
2022,Four plus bed,All property types,Wicklow,Euro,2533.96,15500,155851,1680.8637333333334,0.16348129032258066,243.7,263.37,103.3,72.16,64.99
2022,Three bed,All property types,Wicklow,Euro,2124.45,15500,155851,1385.131496350365,0.13706129032258063,243.7,263.37,103.3,72.16,64.99
2022,Four plus bed,All property types,Wicklow,Euro,2026.63,15500,155851,1680.8637333333334,0.13075032258064517,243.7,263.37,103.3,72.16,64.99
2022,All bedrooms,All property types,Wicklow,Euro,1974.76,15500,155851,1298.127292225201,0.12740387096774194,243.7,263.37,103.3,72.16,64.99
2022,Three bed,All property types,Wicklow,Euro,1910.37,15500,155851,1385.131496350365,0.12324967741935483,243.7,263.37,103.3,72.16,64.99
2022,1 to 3 bed,All property types,Wicklow,Euro,1904.25,15500,155851,1230.7152459016395,0.12285483870967742,243.7,263.37,103.3,72.16,64.99
2022,Two bed,All property types,Wicklow,Euro,1854.94,15500,155851,1274.9833802816902,0.11967354838709678,243.7,263.37,103.3,72.16,64.99
2022,Four plus bed,All property types,Wicklow,Euro,1847.9,15500,155851,1680.8637333333334,0.11921935483870968,243.7,263.37,103.3,72.16,64.99
2022,1 to 2 bed,All property types,Wicklow,Euro,1829.98,15500,155851,1184.0090322580645,0.11806322580645161,243.7,263.37,103.3,72.16,64.99
2022,Three bed,All property types,Wicklow,Euro,1747.91,15500,155851,1385.131496350365,0.1127683870967742,243.7,263.37,103.3,72.16,64.99
2022,All bedrooms,All property types,Wicklow,Euro,1743.68,15500,155851,1298.127292225201,0.11249548387096775,243.7,263.37,103.3,72.16,64.99
2022,Four plus bed,All property types,Wicklow,Euro,1655.82,15500,155851,1680.8637333333334,0.10682709677419354,243.7,263.37,103.3,72.16,64.99
2022,1 to 3 bed,All property types,Wicklow,Euro,1610.75,15500,155851,1230.7152459016395,0.10391935483870968,243.7,263.37,103.3,72.16,64.99
2022,Two bed,All property types,Wicklow,Euro,1567.73,15500,155851,1274.9833802816902,0.10114387096774194,243.7,263.37,103.3,72.16,64.99
2022,Two bed,All property types,Wicklow,Euro,1495.8,15500,155851,1274.9833802816902,0.09650322580645161,243.7,263.37,103.3,72.16,64.99
2022,Three bed,All property types,Wicklow,Euro,1485.98,15500,155851,1385.131496350365,0.09586967741935484,243.7,263.37,103.3,72.16,64.99
2022,1 to 2 bed,All property types,Wicklow,Euro,1478.66,15500,155851,1184.0090322580645,0.09539741935483871,243.7,263.37,103.3,72.16,64.99
2022,All bedrooms,All property types,Wicklow,Euro,1473.49,15500,155851,1298.127292225201,0.09506387096774194,243.7,263.37,103.3,72.16,64.99
2022,Three bed,All property types,Wicklow,Euro,1436.91,15500,155851,1385.131496350365,0.09270387096774194,243.7,263.37,103.3,72.16,64.99
2022,1 to 3 bed,All property types,Wicklow,Euro,1425.61,15500,155851,1230.7152459016395,0.09197483870967742,243.7,263.37,103.3,72.16,64.99
2022,All bedrooms,All property types,Wicklow,Euro,1408.53,15500,155851,1298.127292225201,0.09087290322580645,243.7,263.37,103.3,72.16,64.99
2022,Two bed,All property types,Wicklow,Euro,1406.11,15500,155851,1274.9833802816902,0.09071677419354839,243.7,263.37,103.3,72.16,64.99
2022,All bedrooms,All property types,Wicklow,Euro,1405.28,15500,155851,1298.127292225201,0.09066322580645161,243.7,263.37,103.3,72.16,64.99
2022,All bedrooms,All property types,Wicklow,Euro,1403.67,15500,155851,1298.127292225201,0.09055935483870968,243.7,263.37,103.3,72.16,64.99
2022,1 to 3 bed,All property types,Wicklow,Euro,1363.98,15500,155851,1230.7152459016395,0.08799870967741935,243.7,263.37,103.3,72.16,64.99
2022,Three bed,All property types,Wicklow,Euro,1356.34,15500,155851,1385.131496350365,0.08750580645161289,243.7,263.37,103.3,72.16,64.99
2022,1 to 3 bed,All property types,Wicklow,Euro,1346.52,15500,155851,1230.7152459016395,0.08687225806451612,243.7,263.37,103.3,72.16,64.99
2022,1 to 3 bed,All property types,Wicklow,Euro,1338.83,15500,155851,1230.7152459016395,0.08637612903225805,243.7,263.37,103.3,72.16,64.99
2022,Four plus bed,All property types,Wicklow,Euro,1325.13,15500,155851,1680.8637333333334,0.08549225806451613,243.7,263.37,103.3,72.16,64.99
2022,All bedrooms,All property types,Wicklow,Euro,1298.75,15500,155851,1298.127292225201,0.08379032258064516,243.7,263.37,103.3,72.16,64.99
2022,Two bed,All property types,Wicklow,Euro,1294.68,15500,155851,1274.9833802816902,0.08352774193548387,243.7,263.37,103.3,72.16,64.99
2022,1 to 2 bed,All property types,Wicklow,Euro,1277.37,15500,155851,1184.0090322580645,0.08241096774193547,243.7,263.37,103.3,72.16,64.99
2022,Two bed,All property types,Wicklow,Euro,1269.96,15500,155851,1274.9833802816902,0.08193290322580646,243.7,263.37,103.3,72.16,64.99
2022,1 to 2 bed,All property types,Wicklow,Euro,1268.0,15500,155851,1184.0090322580645,0.08180645161290323,243.7,263.37,103.3,72.16,64.99
2022,1 to 2 bed,All property types,Wicklow,Euro,1264.24,15500,155851,1184.0090322580645,0.08156387096774194,243.7,263.37,103.3,72.16,64.99
2022,1 to 3 bed,All property types,Wicklow,Euro,1248.42,15500,155851,1230.7152459016395,0.08054322580645162,243.7,263.37,103.3,72.16,64.99
2022,Three bed,All property types,Wicklow,Euro,1221.16,15500,155851,1385.131496350365,0.07878451612903227,243.7,263.37,103.3,72.16,64.99
2022,1 to 2 bed,All property types,Wicklow,Euro,1158.77,15500,155851,1184.0090322580645,0.07475935483870967,243.7,263.37,103.3,72.16,64.99
2022,All bedrooms,All property types,Wicklow,Euro,1120.32,15500,155851,1298.127292225201,0.07227870967741935,243.7,263.37,103.3,72.16,64.99
2022,All bedrooms,All property types,Wicklow,Euro,1116.17,15500,155851,1298.127292225201,0.0720109677419355,243.7,263.37,103.3,72.16,64.99
2022,1 to 3 bed,All property types,Wicklow,Euro,1087.12,15500,155851,1230.7152459016395,0.07013677419354838,243.7,263.37,103.3,72.16,64.99
2022,1 to 3 bed,All property types,Wicklow,Euro,1083.2,15500,155851,1230.7152459016395,0.06988387096774194,243.7,263.37,103.3,72.16,64.99
2022,Two bed,All property types,Wicklow,Euro,1045.9,15500,155851,1274.9833802816902,0.06747741935483871,243.7,263.37,103.3,72.16,64.99
2022,One bed,All property types,Wicklow,Euro,1041.89,15500,155851,1057.0936904761904,0.06721870967741936,243.7,263.37,103.3,72.16,64.99
2022,All bedrooms,All property types,Wicklow,Euro,1031.04,15500,155851,1298.127292225201,0.06651870967741935,243.7,263.37,103.3,72.16,64.99
2022,Two bed,All property types,Wicklow,Euro,1029.91,15500,155851,1274.9833802816902,0.06644580645161291,243.7,263.37,103.3,72.16,64.99
2022,1 to 2 bed,All property types,Wicklow,Euro,1027.49,15500,155851,1184.0090322580645,0.06628967741935483,243.7,263.37,103.3,72.16,64.99
2022,One bed,All property types,Wicklow,Euro,1014.03,15500,155851,1057.0936904761904,0.06542129032258065,243.7,263.37,103.3,72.16,64.99
2022,1 to 3 bed,All property types,Wicklow,Euro,997.07,15500,155851,1230.7152459016395,0.06432709677419356,243.7,263.37,103.3,72.16,64.99
2022,Two bed,All property types,Wicklow,Euro,981.22,15500,155851,1274.9833802816902,0.06330451612903226,243.7,263.37,103.3,72.16,64.99
2022,1 to 2 bed,All property types,Wicklow,Euro,960.5,15500,155851,1184.0090322580645,0.06196774193548387,243.7,263.37,103.3,72.16,64.99
2022,1 to 2 bed,All property types,Wicklow,Euro,940.06,15500,155851,1184.0090322580645,0.06064903225806451,243.7,263.37,103.3,72.16,64.99
2022,One bed,All property types,Wicklow,Euro,864.47,15500,155851,1057.0936904761904,0.055772258064516134,243.7,263.37,103.3,72.16,64.99
2022,One bed,All property types,Wicklow,Euro,799.19,15500,155851,1057.0936904761904,0.051560645161290324,243.7,263.37,103.3,72.16,64.99
