Year,Number of Bedrooms,Property Type,County,UNIT,Rent_Price,Land_Price,Population of County
2022,Four plus bed,All property types,Carlow,Euro,1397.92,17417,61968
2022,Four plus bed,All property types,Carlow,Euro,1323.98,17417,61968
2022,All bedrooms,All property types,Carlow,Euro,1060.03,17417,61968
2022,Three bed,All property types,Carlow,Euro,1028.83,17417,61968
2022,All bedrooms,All property types,Carlow,Euro,1017.06,17417,61968
2022,All bedrooms,All property types,Carlow,Euro,1012.83,17417,61968
2022,Three bed,All property types,Carlow,Euro,997.69,17417,61968
2022,Three bed,All property types,Carlow,Euro,982.21,17417,61968
2022,1 to 3 bed,All property types,Carlow,Euro,969.62,17417,61968
2022,1 to 3 bed,All property types,Carlow,Euro,945.86,17417,61968
2022,1 to 3 bed,All property types,Carlow,Euro,926.77,17417,61968
2022,Two bed,All property types,Carlow,Euro,907.25,17417,61968
2022,1 to 2 bed,All property types,Carlow,Euro,888.99,17417,61968
2022,Two bed,All property types,Carlow,Euro,877.48,17417,61968
2022,Two bed,All property types,Carlow,Euro,860.42,17417,61968
2022,1 to 2 bed,All property types,Carlow,Euro,858.69,17417,61968
2022,One bed,All property types,Carlow,Euro,849.14,17417,61968
2022,1 to 2 bed,All property types,Carlow,Euro,842,17417,61968
2022,One bed,All property types,Carlow,Euro,813.52,17417,61968
2022,Four plus bed,All property types,Cavan,Euro,1079.64,10000,81704
2022,Four plus bed,All property types,Cavan,Euro,1047.92,10000,81704
2022,Four plus bed,All property types,Cavan,Euro,973.88,10000,81704
2022,Four plus bed,All property types,Cavan,Euro,971.62,10000,81704
2022,Three bed,All property types,Cavan,Euro,956.26,10000,81704
2022,Three bed,All property types,Cavan,Euro,898.99,10000,81704
2022,All bedrooms,All property types,Cavan,Euro,889.31,10000,81704
2022,All bedrooms,All property types,Cavan,Euro,865.28,10000,81704
2022,All bedrooms,All property types,Cavan,Euro,844.51,10000,81704
2022,1 to 3 bed,All property types,Cavan,Euro,837.07,10000,81704
2022,Two bed,All property types,Cavan,Euro,822.93,10000,81704
2022,1 to 3 bed,All property types,Cavan,Euro,816.1,10000,81704
2022,Three bed,All property types,Cavan,Euro,807.56,10000,81704
2022,Three bed,All property types,Cavan,Euro,805.33,10000,81704
2022,Three bed,All property types,Cavan,Euro,801.24,10000,81704
2022,All bedrooms,All property types,Cavan,Euro,797.31,10000,81704
2022,All bedrooms,All property types,Cavan,Euro,795.35,10000,81704
2022,All bedrooms,All property types,Cavan,Euro,793.75,10000,81704
2022,1 to 2 bed,All property types,Cavan,Euro,788.43,10000,81704
2022,1 to 3 bed,All property types,Cavan,Euro,761.29,10000,81704
2022,Two bed,All property types,Cavan,Euro,757.11,10000,81704
2022,1 to 3 bed,All property types,Cavan,Euro,746.61,10000,81704
2022,Two bed,All property types,Cavan,Euro,739.31,10000,81704
2022,All bedrooms,All property types,Cavan,Euro,728.95,10000,81704
2022,1 to 2 bed,All property types,Cavan,Euro,728.51,10000,81704
2022,All bedrooms,All property types,Cavan,Euro,715.75,10000,81704
2022,Three bed,All property types,Cavan,Euro,714.49,10000,81704
2022,Three bed,All property types,Cavan,Euro,709.17,10000,81704
2022,1 to 3 bed,All property types,Cavan,Euro,702.02,10000,81704
2022,One bed,All property types,Cavan,Euro,697.62,10000,81704
2022,1 to 2 bed,All property types,Cavan,Euro,696.33,10000,81704
2022,1 to 2 bed,All property types,Cavan,Euro,692.09,10000,81704
2022,1 to 3 bed,All property types,Cavan,Euro,690.07,10000,81704
2022,1 to 3 bed,All property types,Cavan,Euro,685.72,10000,81704
2022,1 to 3 bed,All property types,Cavan,Euro,677.96,10000,81704
2022,Two bed,All property types,Cavan,Euro,669.83,10000,81704
2022,One bed,All property types,Cavan,Euro,667.19,10000,81704
2022,Two bed,All property types,Cavan,Euro,665.96,10000,81704
2022,Three bed,All property types,Cavan,Euro,661.62,10000,81704
2022,1 to 2 bed,All property types,Cavan,Euro,655.67,10000,81704
2022,1 to 2 bed,All property types,Cavan,Euro,615.98,10000,81704
2022,All bedrooms,All property types,Cavan,Euro,615.31,10000,81704
2022,One bed,All property types,Cavan,Euro,607.75,10000,81704
2022,1 to 3 bed,All property types,Cavan,Euro,601.44,10000,81704
2022,1 to 2 bed,All property types,Cavan,Euro,587.11,10000,81704
2022,1 to 2 bed,All property types,Cavan,Euro,536.25,10000,81704
2022,Four plus bed,All property types,Clare,Euro,1157.5,9875,127938
2022,Four plus bed,All property types,Clare,Euro,1071.69,9875,127938
2022,Three bed,All property types,Clare,Euro,1038.72,9875,127938
2022,Three bed,All property types,Clare,Euro,1024.16,9875,127938
2022,Three bed,All property types,Clare,Euro,1003.83,9875,127938
2022,Three bed,All property types,Clare,Euro,992.88,9875,127938
2022,All bedrooms,All property types,Clare,Euro,983.09,9875,127938
2022,1 to 3 bed,All property types,Clare,Euro,967.09,9875,127938
2022,Three bed,All property types,Clare,Euro,956.38,9875,127938
2022,All bedrooms,All property types,Clare,Euro,955.1,9875,127938
2022,1 to 3 bed,All property types,Clare,Euro,948.72,9875,127938
2022,All bedrooms,All property types,Clare,Euro,943.63,9875,127938
2022,All bedrooms,All property types,Clare,Euro,941.41,9875,127938
2022,1 to 3 bed,All property types,Clare,Euro,932.51,9875,127938
2022,Two bed,All property types,Clare,Euro,918.76,9875,127938
2022,1 to 3 bed,All property types,Clare,Euro,913.77,9875,127938
2022,Two bed,All property types,Clare,Euro,911.35,9875,127938
2022,All bedrooms,All property types,Clare,Euro,905.46,9875,127938
2022,1 to 2 bed,All property types,Clare,Euro,899.76,9875,127938
2022,1 to 2 bed,All property types,Clare,Euro,895.26,9875,127938
2022,All bedrooms,All property types,Clare,Euro,892.09,9875,127938
2022,1 to 3 bed,All property types,Clare,Euro,851.31,9875,127938
2022,1 to 3 bed,All property types,Clare,Euro,824.02,9875,127938
2022,Two bed,All property types,Clare,Euro,815.48,9875,127938
2022,Two bed,All property types,Clare,Euro,815.25,9875,127938
2022,1 to 2 bed,All property types,Clare,Euro,751.08,9875,127938
2022,1 to 2 bed,All property types,Clare,Euro,707.7,9875,127938
2022,Three bed,All property types,Clare,Euro,674.58,9875,127938
2022,All bedrooms,All property types,Clare,Euro,645.19,9875,127938
2022,1 to 3 bed,All property types,Clare,Euro,632.66,9875,127938
2022,Two bed,All property types,Clare,Euro,632.19,9875,127938
2022,1 to 2 bed,All property types,Clare,Euro,594.72,9875,127938
2022,One bed,All property types,Clare,Euro,569.77,9875,127938
2022,One bed,All property types,Clare,Euro,524.87,9875,127938
2022,Four plus bed,All property types,Cork,Euro,2031.86,17875,584156
2022,Four plus bed,All property types,Cork,Euro,1874.94,17875,584156
2022,Four plus bed,All property types,Cork,Euro,1780.89,17875,584156
2022,Four plus bed,All property types,Cork,Euro,1683.22,17875,584156
2022,Four plus bed,All property types,Cork,Euro,1666.3,17875,584156
2022,All bedrooms,All property types,Cork,Euro,1645.5,17875,584156
2022,Four plus bed,All property types,Cork,Euro,1610.16,17875,584156
2022,Four plus bed,All property types,Cork,Euro,1606.71,17875,584156
2022,Four plus bed,All property types,Cork,Euro,1570.15,17875,584156
2022,Three bed,All property types,Cork,Euro,1566.06,17875,584156
2022,Three bed,All property types,Cork,Euro,1545.77,17875,584156
2022,Three bed,All property types,Cork,Euro,1508.51,17875,584156
2022,Three bed,All property types,Cork,Euro,1452.07,17875,584156
2022,All bedrooms,All property types,Cork,Euro,1432.18,17875,584156
2022,All bedrooms,All property types,Cork,Euro,1430.42,17875,584156
2022,All bedrooms,All property types,Cork,Euro,1429.62,17875,584156
2022,Two bed,All property types,Cork,Euro,1419.22,17875,584156
2022,Two bed,All property types,Cork,Euro,1403.69,17875,584156
2022,1 to 3 bed,All property types,Cork,Euro,1398.53,17875,584156
2022,1 to 3 bed,All property types,Cork,Euro,1393.14,17875,584156
2022,Four plus bed,All property types,Cork,Euro,1388.75,17875,584156
2022,1 to 3 bed,All property types,Cork,Euro,1386.77,17875,584156
2022,All bedrooms,All property types,Cork,Euro,1384.28,17875,584156
2022,Three bed,All property types,Cork,Euro,1380.96,17875,584156
2022,All bedrooms,All property types,Cork,Euro,1378.86,17875,584156
2022,1 to 3 bed,All property types,Cork,Euro,1362.41,17875,584156
2022,All bedrooms,All property types,Cork,Euro,1361.46,17875,584156
2022,Three bed,All property types,Cork,Euro,1359.65,17875,584156
2022,Three bed,All property types,Cork,Euro,1344.39,17875,584156
2022,Two bed,All property types,Cork,Euro,1338.48,17875,584156
2022,Two bed,All property types,Cork,Euro,1334.21,17875,584156
2022,1 to 3 bed,All property types,Cork,Euro,1330.94,17875,584156
2022,All bedrooms,All property types,Cork,Euro,1329.78,17875,584156
2022,Two bed,All property types,Cork,Euro,1317.06,17875,584156
2022,Three bed,All property types,Cork,Euro,1308.67,17875,584156
2022,Three bed,All property types,Cork,Euro,1306.94,17875,584156
2022,1 to 3 bed,All property types,Cork,Euro,1305.53,17875,584156
2022,1 to 3 bed,All property types,Cork,Euro,1300.26,17875,584156
2022,All bedrooms,All property types,Cork,Euro,1295.61,17875,584156
2022,1 to 2 bed,All property types,Cork,Euro,1293.65,17875,584156
2022,1 to 2 bed,All property types,Cork,Euro,1292.65,17875,584156
2022,All bedrooms,All property types,Cork,Euro,1289.43,17875,584156
2022,Three bed,All property types,Cork,Euro,1270.26,17875,584156
2022,Four plus bed,All property types,Cork,Euro,1270.03,17875,584156
2022,Three bed,All property types,Cork,Euro,1267.64,17875,584156
2022,Two bed,All property types,Cork,Euro,1262.84,17875,584156
2022,1 to 3 bed,All property types,Cork,Euro,1262.24,17875,584156
2022,1 to 2 bed,All property types,Cork,Euro,1260.86,17875,584156
2022,Three bed,All property types,Cork,Euro,1259.78,17875,584156
2022,Two bed,All property types,Cork,Euro,1251.47,17875,584156
2022,All bedrooms,All property types,Cork,Euro,1245.05,17875,584156
2022,1 to 3 bed,All property types,Cork,Euro,1242.94,17875,584156
2022,All bedrooms,All property types,Cork,Euro,1239,17875,584156
2022,1 to 2 bed,All property types,Cork,Euro,1235.82,17875,584156
2022,1 to 2 bed,All property types,Cork,Euro,1229.04,17875,584156
2022,1 to 3 bed,All property types,Cork,Euro,1220.57,17875,584156
2022,All bedrooms,All property types,Cork,Euro,1208.46,17875,584156
2022,1 to 2 bed,All property types,Cork,Euro,1204.5,17875,584156
2022,All bedrooms,All property types,Cork,Euro,1201.76,17875,584156
2022,1 to 3 bed,All property types,Cork,Euro,1201.01,17875,584156
2022,Two bed,All property types,Cork,Euro,1198.62,17875,584156
2022,All bedrooms,All property types,Cork,Euro,1187.49,17875,584156
2022,1 to 3 bed,All property types,Cork,Euro,1180.93,17875,584156
2022,Two bed,All property types,Cork,Euro,1179.4,17875,584156
2022,1 to 3 bed,All property types,Cork,Euro,1175.45,17875,584156
2022,1 to 2 bed,All property types,Cork,Euro,1166.18,17875,584156
2022,1 to 3 bed,All property types,Cork,Euro,1165.55,17875,584156
2022,Two bed,All property types,Cork,Euro,1164.66,17875,584156
2022,1 to 3 bed,All property types,Cork,Euro,1159.4,17875,584156
2022,All bedrooms,All property types,Cork,Euro,1148.56,17875,584156
2022,Three bed,All property types,Cork,Euro,1148.41,17875,584156
2022,1 to 2 bed,All property types,Cork,Euro,1147.75,17875,584156
2022,Four plus bed,All property types,Cork,Euro,1136.51,17875,584156
2022,All bedrooms,All property types,Cork,Euro,1131.16,17875,584156
2022,1 to 3 bed,All property types,Cork,Euro,1130.28,17875,584156
2022,Three bed,All property types,Cork,Euro,1126.23,17875,584156
2022,1 to 2 bed,All property types,Cork,Euro,1117.68,17875,584156
2022,1 to 2 bed,All property types,Cork,Euro,1100.82,17875,584156
2022,Two bed,All property types,Cork,Euro,1099.78,17875,584156
2022,Three bed,All property types,Cork,Euro,1094.51,17875,584156
2022,1 to 3 bed,All property types,Cork,Euro,1092.36,17875,584156
2022,Two bed,All property types,Cork,Euro,1083.15,17875,584156
2022,Three bed,All property types,Cork,Euro,1078.19,17875,584156
2022,Two bed,All property types,Cork,Euro,1071.1,17875,584156
2022,Four plus bed,All property types,Cork,Euro,1070.71,17875,584156
2022,Two bed,All property types,Cork,Euro,1064.16,17875,584156
2022,One bed,All property types,Cork,Euro,1063.55,17875,584156
2022,1 to 2 bed,All property types,Cork,Euro,1055.82,17875,584156
2022,1 to 2 bed,All property types,Cork,Euro,1055.73,17875,584156
2022,All bedrooms,All property types,Cork,Euro,1054.97,17875,584156
2022,1 to 2 bed,All property types,Cork,Euro,1041.69,17875,584156
2022,Three bed,All property types,Cork,Euro,1037.96,17875,584156
2022,One bed,All property types,Cork,Euro,1032.23,17875,584156
2022,1 to 3 bed,All property types,Cork,Euro,1031.03,17875,584156
2022,1 to 2 bed,All property types,Cork,Euro,1017.06,17875,584156
2022,Three bed,All property types,Cork,Euro,1013.62,17875,584156
2022,All bedrooms,All property types,Cork,Euro,1012.01,17875,584156
2022,Three bed,All property types,Cork,Euro,1010.65,17875,584156
2022,All bedrooms,All property types,Cork,Euro,1002.12,17875,584156
2022,1 to 3 bed,All property types,Cork,Euro,999.73,17875,584156
2022,Two bed,All property types,Cork,Euro,996.74,17875,584156
2022,One bed,All property types,Cork,Euro,995.58,17875,584156
2022,One bed,All property types,Cork,Euro,995.41,17875,584156
2022,All bedrooms,All property types,Cork,Euro,994.88,17875,584156
2022,All bedrooms,All property types,Cork,Euro,994.32,17875,584156
2022,1 to 3 bed,All property types,Cork,Euro,994.32,17875,584156
2022,1 to 3 bed,All property types,Cork,Euro,993.55,17875,584156
2022,All bedrooms,All property types,Cork,Euro,993.37,17875,584156
2022,Two bed,All property types,Cork,Euro,992.19,17875,584156
2022,All bedrooms,All property types,Cork,Euro,988.2,17875,584156
2022,One bed,All property types,Cork,Euro,987.68,17875,584156
2022,1 to 3 bed,All property types,Cork,Euro,974.68,17875,584156
2022,Three bed,All property types,Cork,Euro,973.97,17875,584156
2022,1 to 3 bed,All property types,Cork,Euro,973.77,17875,584156
2022,All bedrooms,All property types,Cork,Euro,970.34,17875,584156
2022,Three bed,All property types,Cork,Euro,960.81,17875,584156
2022,Three bed,All property types,Cork,Euro,959.83,17875,584156
2022,1 to 3 bed,All property types,Cork,Euro,953.08,17875,584156
2022,One bed,All property types,Cork,Euro,952.96,17875,584156
2022,All bedrooms,All property types,Cork,Euro,949.5,17875,584156
2022,Two bed,All property types,Cork,Euro,948.25,17875,584156
2022,Three bed,All property types,Cork,Euro,945.33,17875,584156
2022,1 to 3 bed,All property types,Cork,Euro,938.29,17875,584156
2022,All bedrooms,All property types,Cork,Euro,938.08,17875,584156
2022,Two bed,All property types,Cork,Euro,935.98,17875,584156
2022,1 to 2 bed,All property types,Cork,Euro,930.22,17875,584156
2022,Four plus bed,All property types,Cork,Euro,922.4,17875,584156
2022,1 to 2 bed,All property types,Cork,Euro,915.74,17875,584156
2022,1 to 3 bed,All property types,Cork,Euro,904.93,17875,584156
2022,All bedrooms,All property types,Cork,Euro,901.31,17875,584156
2022,Two bed,All property types,Cork,Euro,896.25,17875,584156
2022,1 to 3 bed,All property types,Cork,Euro,894.98,17875,584156
2022,1 to 2 bed,All property types,Cork,Euro,890.57,17875,584156
2022,Three bed,All property types,Cork,Euro,890.4,17875,584156
2022,1 to 3 bed,All property types,Cork,Euro,882.82,17875,584156
2022,All bedrooms,All property types,Cork,Euro,874.99,17875,584156
2022,All bedrooms,All property types,Cork,Euro,860.44,17875,584156
2022,All bedrooms,All property types,Cork,Euro,857.89,17875,584156
2022,Two bed,All property types,Cork,Euro,857.22,17875,584156
2022,Three bed,All property types,Cork,Euro,857.14,17875,584156
2022,One bed,All property types,Cork,Euro,852.75,17875,584156
2022,1 to 2 bed,All property types,Cork,Euro,850.89,17875,584156
2022,1 to 3 bed,All property types,Cork,Euro,850.2,17875,584156
2022,All bedrooms,All property types,Cork,Euro,848.42,17875,584156
2022,Three bed,All property types,Cork,Euro,844.49,17875,584156
2022,1 to 2 bed,All property types,Cork,Euro,840.21,17875,584156
2022,1 to 3 bed,All property types,Cork,Euro,835.07,17875,584156
2022,1 to 2 bed,All property types,Cork,Euro,832.23,17875,584156
2022,1 to 3 bed,All property types,Cork,Euro,831.75,17875,584156
2022,1 to 3 bed,All property types,Cork,Euro,828.58,17875,584156
2022,1 to 2 bed,All property types,Cork,Euro,825.15,17875,584156
2022,All bedrooms,All property types,Cork,Euro,819.53,17875,584156
2022,1 to 2 bed,All property types,Cork,Euro,817.85,17875,584156
2022,Two bed,All property types,Cork,Euro,810.61,17875,584156
2022,One bed,All property types,Cork,Euro,796.33,17875,584156
2022,Two bed,All property types,Cork,Euro,793.82,17875,584156
2022,Two bed,All property types,Cork,Euro,791.07,17875,584156
2022,1 to 3 bed,All property types,Cork,Euro,790.64,17875,584156
2022,All bedrooms,All property types,Cork,Euro,787.65,17875,584156
2022,Two bed,All property types,Cork,Euro,787.08,17875,584156
2022,1 to 2 bed,All property types,Cork,Euro,767.14,17875,584156
2022,1 to 3 bed,All property types,Cork,Euro,755.95,17875,584156
2022,1 to 2 bed,All property types,Cork,Euro,755.02,17875,584156
2022,1 to 2 bed,All property types,Cork,Euro,736.17,17875,584156
2022,One bed,All property types,Cork,Euro,719.28,17875,584156
2022,1 to 2 bed,All property types,Cork,Euro,714.35,17875,584156
2022,Two bed,All property types,Cork,Euro,714.31,17875,584156
2022,1 to 2 bed,All property types,Cork,Euro,686.53,17875,584156
2022,One bed,All property types,Cork,Euro,680.72,17875,584156
2022,One bed,All property types,Cork,Euro,615.42,17875,584156
2022,Four plus bed,All property types,Donegal,Euro,933.9,13280,167084
2022,Four plus bed,All property types,Donegal,Euro,817.69,13280,167084
2022,Three bed,All property types,Donegal,Euro,812.29,13280,167084
2022,Four plus bed,All property types,Donegal,Euro,812.09,13280,167084
2022,All bedrooms,All property types,Donegal,Euro,787.89,13280,167084
2022,Four plus bed,All property types,Donegal,Euro,746.67,13280,167084
2022,1 to 3 bed,All property types,Donegal,Euro,745.93,13280,167084
2022,Three bed,All property types,Donegal,Euro,726.56,13280,167084
2022,Three bed,All property types,Donegal,Euro,724.51,13280,167084
2022,Two bed,All property types,Donegal,Euro,712.2,13280,167084
2022,All bedrooms,All property types,Donegal,Euro,703.3,13280,167084
2022,1 to 2 bed,All property types,Donegal,Euro,677.77,13280,167084
2022,All bedrooms,All property types,Donegal,Euro,667.09,13280,167084
2022,1 to 3 bed,All property types,Donegal,Euro,666.05,13280,167084
2022,Three bed,All property types,Donegal,Euro,663.47,13280,167084
2022,All bedrooms,All property types,Donegal,Euro,655.23,13280,167084
2022,Three bed,All property types,Donegal,Euro,648.74,13280,167084
2022,All bedrooms,All property types,Donegal,Euro,648.24,13280,167084
2022,All bedrooms,All property types,Donegal,Euro,646.62,13280,167084
2022,1 to 3 bed,All property types,Donegal,Euro,639.04,13280,167084
2022,Two bed,All property types,Donegal,Euro,630.45,13280,167084
2022,1 to 3 bed,All property types,Donegal,Euro,625.5,13280,167084
2022,All bedrooms,All property types,Donegal,Euro,622.06,13280,167084
2022,Two bed,All property types,Donegal,Euro,619.15,13280,167084
2022,Two bed,All property types,Donegal,Euro,612.2,13280,167084
2022,All bedrooms,All property types,Donegal,Euro,610.79,13280,167084
2022,1 to 2 bed,All property types,Donegal,Euro,605.77,13280,167084
2022,1 to 2 bed,All property types,Donegal,Euro,605.63,13280,167084
2022,All bedrooms,All property types,Donegal,Euro,603.84,13280,167084
2022,1 to 3 bed,All property types,Donegal,Euro,602.37,13280,167084
2022,1 to 3 bed,All property types,Donegal,Euro,596.55,13280,167084
2022,One bed,All property types,Donegal,Euro,596.54,13280,167084
2022,1 to 3 bed,All property types,Donegal,Euro,592.12,13280,167084
2022,1 to 2 bed,All property types,Donegal,Euro,581.81,13280,167084
2022,1 to 3 bed,All property types,Donegal,Euro,579.01,13280,167084
2022,1 to 2 bed,All property types,Donegal,Euro,573.46,13280,167084
2022,1 to 3 bed,All property types,Donegal,Euro,565.41,13280,167084
2022,Three bed,All property types,Donegal,Euro,553.04,13280,167084
2022,1 to 2 bed,All property types,Donegal,Euro,552.19,13280,167084
2022,Two bed,All property types,Donegal,Euro,551.28,13280,167084
2022,One bed,All property types,Donegal,Euro,538.09,13280,167084
2022,1 to 2 bed,All property types,Donegal,Euro,507.66,13280,167084
2022,Four plus bed,All property types,Dublin,Euro,4324.51,18395,1458154
2022,Four plus bed,All property types,Dublin,Euro,4213.17,18395,1458154
2022,Four plus bed,All property types,Dublin,Euro,4188.71,18395,1458154
2022,Four plus bed,All property types,Dublin,Euro,3941.27,18395,1458154
2022,Four plus bed,All property types,Dublin,Euro,3676.63,18395,1458154
2022,Four plus bed,All property types,Dublin,Euro,3585.99,18395,1458154
2022,Four plus bed,All property types,Dublin,Euro,3364.25,18395,1458154
2022,Three bed,All property types,Dublin,Euro,3298.2,18395,1458154
2022,Four plus bed,All property types,Dublin,Euro,3293,18395,1458154
2022,Four plus bed,All property types,Dublin,Euro,3281.75,18395,1458154
2022,Four plus bed,All property types,Dublin,Euro,3270.48,18395,1458154
2022,Four plus bed,All property types,Dublin,Euro,3216.02,18395,1458154
2022,Four plus bed,All property types,Dublin,Euro,3115.88,18395,1458154
2022,Four plus bed,All property types,Dublin,Euro,3086.44,18395,1458154
2022,Four plus bed,All property types,Dublin,Euro,3062.55,18395,1458154
2022,Four plus bed,All property types,Dublin,Euro,3013.47,18395,1458154
2022,Four plus bed,All property types,Dublin,Euro,3006.57,18395,1458154
2022,Four plus bed,All property types,Dublin,Euro,2938.04,18395,1458154
2022,All bedrooms,All property types,Dublin,Euro,2933.85,18395,1458154
2022,Four plus bed,All property types,Dublin,Euro,2933.23,18395,1458154
2022,Four plus bed,All property types,Dublin,Euro,2912.37,18395,1458154
2022,Four plus bed,All property types,Dublin,Euro,2907.53,18395,1458154
2022,Three bed,All property types,Dublin,Euro,2898.88,18395,1458154
2022,All bedrooms,All property types,Dublin,Euro,2865.28,18395,1458154
2022,Three bed,All property types,Dublin,Euro,2813.48,18395,1458154
2022,Three bed,All property types,Dublin,Euro,2788.09,18395,1458154
2022,Four plus bed,All property types,Dublin,Euro,2772.37,18395,1458154
2022,Three bed,All property types,Dublin,Euro,2734.45,18395,1458154
2022,Three bed,All property types,Dublin,Euro,2727.07,18395,1458154
2022,Three bed,All property types,Dublin,Euro,2726.23,18395,1458154
2022,Four plus bed,All property types,Dublin,Euro,2715.31,18395,1458154
2022,All bedrooms,All property types,Dublin,Euro,2709.97,18395,1458154
2022,Four plus bed,All property types,Dublin,Euro,2655.67,18395,1458154
2022,Four plus bed,All property types,Dublin,Euro,2613.35,18395,1458154
2022,Three bed,All property types,Dublin,Euro,2611.36,18395,1458154
2022,Three bed,All property types,Dublin,Euro,2586.88,18395,1458154
2022,Three bed,All property types,Dublin,Euro,2563.85,18395,1458154
2022,Three bed,All property types,Dublin,Euro,2548.56,18395,1458154
2022,Four plus bed,All property types,Dublin,Euro,2543.96,18395,1458154
2022,Three bed,All property types,Dublin,Euro,2493.3,18395,1458154
2022,Three bed,All property types,Dublin,Euro,2485.67,18395,1458154
2022,Three bed,All property types,Dublin,Euro,2473.57,18395,1458154
2022,Four plus bed,All property types,Dublin,Euro,2466.18,18395,1458154
2022,Two bed,All property types,Dublin,Euro,2465.49,18395,1458154
2022,All bedrooms,All property types,Dublin,Euro,2462.86,18395,1458154
2022,Three bed,All property types,Dublin,Euro,2455.86,18395,1458154
2022,Three bed,All property types,Dublin,Euro,2453.93,18395,1458154
2022,All bedrooms,All property types,Dublin,Euro,2443.32,18395,1458154
2022,Three bed,All property types,Dublin,Euro,2437.27,18395,1458154
2022,Four plus bed,All property types,Dublin,Euro,2435.79,18395,1458154
2022,Three bed,All property types,Dublin,Euro,2430.66,18395,1458154
2022,All bedrooms,All property types,Dublin,Euro,2421.71,18395,1458154
2022,Three bed,All property types,Dublin,Euro,2404.69,18395,1458154
2022,Three bed,All property types,Dublin,Euro,2401.7,18395,1458154
2022,Four plus bed,All property types,Dublin,Euro,2400.68,18395,1458154
2022,All bedrooms,All property types,Dublin,Euro,2396.3,18395,1458154
2022,All bedrooms,All property types,Dublin,Euro,2391.13,18395,1458154
2022,1 to 3 bed,All property types,Dublin,Euro,2391.13,18395,1458154
2022,All bedrooms,All property types,Dublin,Euro,2378.75,18395,1458154
2022,All bedrooms,All property types,Dublin,Euro,2369.66,18395,1458154
2022,Three bed,All property types,Dublin,Euro,2369.4,18395,1458154
2022,Three bed,All property types,Dublin,Euro,2357.69,18395,1458154
2022,1 to 2 bed,All property types,Dublin,Euro,2355.29,18395,1458154
2022,Three bed,All property types,Dublin,Euro,2350.69,18395,1458154
2022,1 to 3 bed,All property types,Dublin,Euro,2328.36,18395,1458154
2022,All bedrooms,All property types,Dublin,Euro,2325.22,18395,1458154
2022,Four plus bed,All property types,Dublin,Euro,2324.97,18395,1458154
2022,All bedrooms,All property types,Dublin,Euro,2319.38,18395,1458154
2022,Two bed,All property types,Dublin,Euro,2319.38,18395,1458154
2022,Two bed,All property types,Dublin,Euro,2311.47,18395,1458154
2022,Three bed,All property types,Dublin,Euro,2305.5,18395,1458154
2022,1 to 3 bed,All property types,Dublin,Euro,2300.76,18395,1458154
2022,Three bed,All property types,Dublin,Euro,2296.52,18395,1458154
2022,Three bed,All property types,Dublin,Euro,2290.1,18395,1458154
2022,1 to 3 bed,All property types,Dublin,Euro,2272.65,18395,1458154
2022,Three bed,All property types,Dublin,Euro,2269.31,18395,1458154
2022,Three bed,All property types,Dublin,Euro,2269.3,18395,1458154
2022,All bedrooms,All property types,Dublin,Euro,2260.94,18395,1458154
2022,All bedrooms,All property types,Dublin,Euro,2257.36,18395,1458154
2022,1 to 3 bed,All property types,Dublin,Euro,2257.36,18395,1458154
2022,All bedrooms,All property types,Dublin,Euro,2248.3,18395,1458154
2022,Three bed,All property types,Dublin,Euro,2247.94,18395,1458154
2022,Four plus bed,All property types,Dublin,Euro,2241.21,18395,1458154
2022,1 to 2 bed,All property types,Dublin,Euro,2231.09,18395,1458154
2022,Two bed,All property types,Dublin,Euro,2229.49,18395,1458154
2022,1 to 3 bed,All property types,Dublin,Euro,2221.44,18395,1458154
2022,All bedrooms,All property types,Dublin,Euro,2205.82,18395,1458154
2022,Three bed,All property types,Dublin,Euro,2201.3,18395,1458154
2022,All bedrooms,All property types,Dublin,Euro,2201.26,18395,1458154
2022,Three bed,All property types,Dublin,Euro,2201.15,18395,1458154
2022,Four plus bed,All property types,Dublin,Euro,2195.19,18395,1458154
2022,Two bed,All property types,Dublin,Euro,2183.87,18395,1458154
2022,1 to 2 bed,All property types,Dublin,Euro,2182.6,18395,1458154
2022,Three bed,All property types,Dublin,Euro,2177.36,18395,1458154
2022,1 to 3 bed,All property types,Dublin,Euro,2174.78,18395,1458154
2022,Three bed,All property types,Dublin,Euro,2172.8,18395,1458154
2022,Three bed,All property types,Dublin,Euro,2161.16,18395,1458154
2022,All bedrooms,All property types,Dublin,Euro,2152.15,18395,1458154
2022,Three bed,All property types,Dublin,Euro,2150.46,18395,1458154
2022,1 to 3 bed,All property types,Dublin,Euro,2141.15,18395,1458154
2022,Three bed,All property types,Dublin,Euro,2140,18395,1458154
2022,1 to 3 bed,All property types,Dublin,Euro,2139.52,18395,1458154
2022,Three bed,All property types,Dublin,Euro,2137.59,18395,1458154
2022,Three bed,All property types,Dublin,Euro,2129.01,18395,1458154
2022,Two bed,All property types,Dublin,Euro,2128.04,18395,1458154
2022,Two bed,All property types,Dublin,Euro,2126.73,18395,1458154
2022,All bedrooms,All property types,Dublin,Euro,2123.84,18395,1458154
2022,1 to 3 bed,All property types,Dublin,Euro,2123.84,18395,1458154
2022,Three bed,All property types,Dublin,Euro,2117.31,18395,1458154
2022,Three bed,All property types,Dublin,Euro,2116.21,18395,1458154
2022,Two bed,All property types,Dublin,Euro,2113.83,18395,1458154
2022,Three bed,All property types,Dublin,Euro,2112.73,18395,1458154
2022,Two bed,All property types,Dublin,Euro,2111.6,18395,1458154
2022,All bedrooms,All property types,Dublin,Euro,2109.05,18395,1458154
2022,Two bed,All property types,Dublin,Euro,2108.91,18395,1458154
2022,1 to 2 bed,All property types,Dublin,Euro,2108.76,18395,1458154
2022,All bedrooms,All property types,Dublin,Euro,2103.97,18395,1458154
2022,Three bed,All property types,Dublin,Euro,2101.04,18395,1458154
2022,All bedrooms,All property types,Dublin,Euro,2099.82,18395,1458154
2022,All bedrooms,All property types,Dublin,Euro,2098.39,18395,1458154
2022,All bedrooms,All property types,Dublin,Euro,2098.07,18395,1458154
2022,Two bed,All property types,Dublin,Euro,2086.19,18395,1458154
2022,All bedrooms,All property types,Dublin,Euro,2076.69,18395,1458154
2022,Four plus bed,All property types,Dublin,Euro,2070.6,18395,1458154
2022,All bedrooms,All property types,Dublin,Euro,2069.45,18395,1458154
2022,Two bed,All property types,Dublin,Euro,2064.34,18395,1458154
2022,All bedrooms,All property types,Dublin,Euro,2062.96,18395,1458154
2022,All bedrooms,All property types,Dublin,Euro,2059.67,18395,1458154
2022,1 to 3 bed,All property types,Dublin,Euro,2059.45,18395,1458154
2022,1 to 3 bed,All property types,Dublin,Euro,2058.88,18395,1458154
2022,1 to 3 bed,All property types,Dublin,Euro,2057.83,18395,1458154
2022,All bedrooms,All property types,Dublin,Euro,2056.75,18395,1458154
2022,1 to 2 bed,All property types,Dublin,Euro,2056.68,18395,1458154
2022,Two bed,All property types,Dublin,Euro,2054.65,18395,1458154
2022,Two bed,All property types,Dublin,Euro,2049.28,18395,1458154
2022,1 to 3 bed,All property types,Dublin,Euro,2046.42,18395,1458154
2022,1 to 3 bed,All property types,Dublin,Euro,2045.99,18395,1458154
2022,1 to 3 bed,All property types,Dublin,Euro,2042.83,18395,1458154
2022,Two bed,All property types,Dublin,Euro,2041.1,18395,1458154
2022,Two bed,All property types,Dublin,Euro,2040.41,18395,1458154
2022,1 to 3 bed,All property types,Dublin,Euro,2039.58,18395,1458154
2022,Two bed,All property types,Dublin,Euro,2034.61,18395,1458154
2022,Three bed,All property types,Dublin,Euro,2034.3,18395,1458154
2022,1 to 3 bed,All property types,Dublin,Euro,2032.66,18395,1458154
2022,Two bed,All property types,Dublin,Euro,2024.86,18395,1458154
2022,1 to 3 bed,All property types,Dublin,Euro,2022.27,18395,1458154
2022,1 to 2 bed,All property types,Dublin,Euro,2020.77,18395,1458154
2022,1 to 3 bed,All property types,Dublin,Euro,2018.57,18395,1458154
2022,All bedrooms,All property types,Dublin,Euro,2017.85,18395,1458154
2022,Three bed,All property types,Dublin,Euro,2017.76,18395,1458154
2022,1 to 3 bed,All property types,Dublin,Euro,2017.55,18395,1458154
2022,Three bed,All property types,Dublin,Euro,2012.66,18395,1458154
2022,Three bed,All property types,Dublin,Euro,2012.05,18395,1458154
2022,1 to 2 bed,All property types,Dublin,Euro,2011.29,18395,1458154
2022,Two bed,All property types,Dublin,Euro,2007.82,18395,1458154
2022,Three bed,All property types,Dublin,Euro,2005.68,18395,1458154
2022,1 to 3 bed,All property types,Dublin,Euro,2004.38,18395,1458154
2022,Two bed,All property types,Dublin,Euro,2004.02,18395,1458154
2022,All bedrooms,All property types,Dublin,Euro,2002.39,18395,1458154
2022,Two bed,All property types,Dublin,Euro,2001.16,18395,1458154
2022,Three bed,All property types,Dublin,Euro,1999.33,18395,1458154
2022,All bedrooms,All property types,Dublin,Euro,1998.72,18395,1458154
2022,1 to 3 bed,All property types,Dublin,Euro,1990.69,18395,1458154
2022,1 to 2 bed,All property types,Dublin,Euro,1990.2,18395,1458154
2022,Three bed,All property types,Dublin,Euro,1990.17,18395,1458154
2022,All bedrooms,All property types,Dublin,Euro,1988.71,18395,1458154
2022,Three bed,All property types,Dublin,Euro,1988.13,18395,1458154
2022,All bedrooms,All property types,Dublin,Euro,1988.02,18395,1458154
2022,1 to 2 bed,All property types,Dublin,Euro,1986.57,18395,1458154
2022,1 to 2 bed,All property types,Dublin,Euro,1986.39,18395,1458154
2022,Two bed,All property types,Dublin,Euro,1981.3,18395,1458154
2022,Two bed,All property types,Dublin,Euro,1979.26,18395,1458154
2022,Two bed,All property types,Dublin,Euro,1977.76,18395,1458154
2022,Three bed,All property types,Dublin,Euro,1976.94,18395,1458154
2022,All bedrooms,All property types,Dublin,Euro,1973.08,18395,1458154
2022,All bedrooms,All property types,Dublin,Euro,1969.86,18395,1458154
2022,1 to 2 bed,All property types,Dublin,Euro,1969.71,18395,1458154
2022,All bedrooms,All property types,Dublin,Euro,1968.8,18395,1458154
2022,1 to 3 bed,All property types,Dublin,Euro,1966.55,18395,1458154
2022,Three bed,All property types,Dublin,Euro,1966.21,18395,1458154
2022,Two bed,All property types,Dublin,Euro,1965.41,18395,1458154
2022,Three bed,All property types,Dublin,Euro,1963.61,18395,1458154
2022,Three bed,All property types,Dublin,Euro,1963.58,18395,1458154
2022,Two bed,All property types,Dublin,Euro,1960.69,18395,1458154
2022,1 to 3 bed,All property types,Dublin,Euro,1959.25,18395,1458154
2022,1 to 3 bed,All property types,Dublin,Euro,1958.51,18395,1458154
2022,Two bed,All property types,Dublin,Euro,1956.58,18395,1458154
2022,1 to 2 bed,All property types,Dublin,Euro,1952.02,18395,1458154
2022,Two bed,All property types,Dublin,Euro,1951.61,18395,1458154
2022,Two bed,All property types,Dublin,Euro,1947.7,18395,1458154
2022,All bedrooms,All property types,Dublin,Euro,1947.18,18395,1458154
2022,1 to 2 bed,All property types,Dublin,Euro,1946.33,18395,1458154
2022,Three bed,All property types,Dublin,Euro,1944.38,18395,1458154
2022,Two bed,All property types,Dublin,Euro,1938.82,18395,1458154
2022,1 to 3 bed,All property types,Dublin,Euro,1937.04,18395,1458154
2022,All bedrooms,All property types,Dublin,Euro,1935.66,18395,1458154
2022,Two bed,All property types,Dublin,Euro,1934.87,18395,1458154
2022,1 to 2 bed,All property types,Dublin,Euro,1933.92,18395,1458154
2022,All bedrooms,All property types,Dublin,Euro,1933.12,18395,1458154
2022,Four plus bed,All property types,Dublin,Euro,1927.06,18395,1458154
2022,1 to 2 bed,All property types,Dublin,Euro,1924.86,18395,1458154
2022,Three bed,All property types,Dublin,Euro,1922.84,18395,1458154
2022,1 to 3 bed,All property types,Dublin,Euro,1921.87,18395,1458154
2022,Three bed,All property types,Dublin,Euro,1921.83,18395,1458154
2022,1 to 2 bed,All property types,Dublin,Euro,1920.19,18395,1458154
2022,Three bed,All property types,Dublin,Euro,1919.11,18395,1458154
2022,Two bed,All property types,Dublin,Euro,1919.05,18395,1458154
2022,1 to 2 bed,All property types,Dublin,Euro,1918.92,18395,1458154
2022,Three bed,All property types,Dublin,Euro,1915.99,18395,1458154
2022,All bedrooms,All property types,Dublin,Euro,1904.4,18395,1458154
2022,All bedrooms,All property types,Dublin,Euro,1904.32,18395,1458154
2022,1 to 3 bed,All property types,Dublin,Euro,1904.32,18395,1458154
2022,1 to 2 bed,All property types,Dublin,Euro,1903.22,18395,1458154
2022,Three bed,All property types,Dublin,Euro,1902.1,18395,1458154
2022,All bedrooms,All property types,Dublin,Euro,1901.34,18395,1458154
2022,All bedrooms,All property types,Dublin,Euro,1899.9,18395,1458154
2022,Four plus bed,All property types,Dublin,Euro,1898.88,18395,1458154
2022,All bedrooms,All property types,Dublin,Euro,1895.99,18395,1458154
2022,All bedrooms,All property types,Dublin,Euro,1895.99,18395,1458154
2022,All bedrooms,All property types,Dublin,Euro,1894.74,18395,1458154
2022,Two bed,All property types,Dublin,Euro,1892.57,18395,1458154
2022,1 to 3 bed,All property types,Dublin,Euro,1892.08,18395,1458154
2022,All bedrooms,All property types,Dublin,Euro,1889.85,18395,1458154
2022,Two bed,All property types,Dublin,Euro,1889.33,18395,1458154
2022,Three bed,All property types,Dublin,Euro,1889,18395,1458154
2022,1 to 3 bed,All property types,Dublin,Euro,1887.57,18395,1458154
2022,1 to 2 bed,All property types,Dublin,Euro,1887.54,18395,1458154
2022,1 to 3 bed,All property types,Dublin,Euro,1885.27,18395,1458154
2022,Two bed,All property types,Dublin,Euro,1884.51,18395,1458154
2022,Four plus bed,All property types,Dublin,Euro,1884.46,18395,1458154
2022,All bedrooms,All property types,Dublin,Euro,1883.36,18395,1458154
2022,1 to 2 bed,All property types,Dublin,Euro,1878.53,18395,1458154
2022,Three bed,All property types,Dublin,Euro,1877.47,18395,1458154
2022,All bedrooms,All property types,Dublin,Euro,1873.97,18395,1458154
2022,1 to 3 bed,All property types,Dublin,Euro,1873.72,18395,1458154
2022,All bedrooms,All property types,Dublin,Euro,1873.69,18395,1458154
2022,All bedrooms,All property types,Dublin,Euro,1872.38,18395,1458154
2022,1 to 3 bed,All property types,Dublin,Euro,1872.38,18395,1458154
2022,1 to 3 bed,All property types,Dublin,Euro,1871.82,18395,1458154
2022,Two bed,All property types,Dublin,Euro,1870.83,18395,1458154
2022,One bed,All property types,Dublin,Euro,1870.73,18395,1458154
2022,1 to 2 bed,All property types,Dublin,Euro,1868.67,18395,1458154
2022,1 to 3 bed,All property types,Dublin,Euro,1868.18,18395,1458154
2022,All bedrooms,All property types,Dublin,Euro,1868.14,18395,1458154
2022,1 to 2 bed,All property types,Dublin,Euro,1866.64,18395,1458154
2022,Two bed,All property types,Dublin,Euro,1865.93,18395,1458154
2022,Two bed,All property types,Dublin,Euro,1865.5,18395,1458154
2022,1 to 2 bed,All property types,Dublin,Euro,1865.11,18395,1458154
2022,1 to 3 bed,All property types,Dublin,Euro,1864.7,18395,1458154
2022,1 to 3 bed,All property types,Dublin,Euro,1863.88,18395,1458154
2022,All bedrooms,All property types,Dublin,Euro,1863.55,18395,1458154
2022,Three bed,All property types,Dublin,Euro,1862.82,18395,1458154
2022,1 to 3 bed,All property types,Dublin,Euro,1861.21,18395,1458154
2022,All bedrooms,All property types,Dublin,Euro,1860.69,18395,1458154
2022,Two bed,All property types,Dublin,Euro,1859.43,18395,1458154
2022,1 to 3 bed,All property types,Dublin,Euro,1856.72,18395,1458154
2022,1 to 3 bed,All property types,Dublin,Euro,1855,18395,1458154
2022,Three bed,All property types,Dublin,Euro,1854.52,18395,1458154
2022,Two bed,All property types,Dublin,Euro,1853.2,18395,1458154
2022,1 to 2 bed,All property types,Dublin,Euro,1853,18395,1458154
2022,1 to 3 bed,All property types,Dublin,Euro,1852.65,18395,1458154
2022,1 to 2 bed,All property types,Dublin,Euro,1852.64,18395,1458154
2022,Three bed,All property types,Dublin,Euro,1851.46,18395,1458154
2022,Two bed,All property types,Dublin,Euro,1847.97,18395,1458154
2022,Two bed,All property types,Dublin,Euro,1847.32,18395,1458154
2022,1 to 3 bed,All property types,Dublin,Euro,1844.39,18395,1458154
2022,1 to 2 bed,All property types,Dublin,Euro,1842.89,18395,1458154
2022,1 to 2 bed,All property types,Dublin,Euro,1839.74,18395,1458154
2022,Two bed,All property types,Dublin,Euro,1838.01,18395,1458154
2022,Two bed,All property types,Dublin,Euro,1835.92,18395,1458154
2022,1 to 3 bed,All property types,Dublin,Euro,1835.29,18395,1458154
2022,Two bed,All property types,Dublin,Euro,1834.37,18395,1458154
2022,1 to 3 bed,All property types,Dublin,Euro,1834.13,18395,1458154
2022,Two bed,All property types,Dublin,Euro,1832.65,18395,1458154
2022,All bedrooms,All property types,Dublin,Euro,1831.72,18395,1458154
2022,All bedrooms,All property types,Dublin,Euro,1827.35,18395,1458154
2022,All bedrooms,All property types,Dublin,Euro,1826.55,18395,1458154
2022,All bedrooms,All property types,Dublin,Euro,1825.52,18395,1458154
2022,1 to 2 bed,All property types,Dublin,Euro,1824.68,18395,1458154
2022,All bedrooms,All property types,Dublin,Euro,1824.07,18395,1458154
2022,1 to 3 bed,All property types,Dublin,Euro,1821.98,18395,1458154
2022,All bedrooms,All property types,Dublin,Euro,1820.89,18395,1458154
2022,1 to 3 bed,All property types,Dublin,Euro,1820.89,18395,1458154
2022,All bedrooms,All property types,Dublin,Euro,1819.57,18395,1458154
2022,1 to 3 bed,All property types,Dublin,Euro,1819.57,18395,1458154
2022,All bedrooms,All property types,Dublin,Euro,1818.95,18395,1458154
2022,1 to 3 bed,All property types,Dublin,Euro,1816.54,18395,1458154
2022,Three bed,All property types,Dublin,Euro,1814.88,18395,1458154
2022,1 to 2 bed,All property types,Dublin,Euro,1814.1,18395,1458154
2022,Two bed,All property types,Dublin,Euro,1813.4,18395,1458154
2022,All bedrooms,All property types,Dublin,Euro,1812.28,18395,1458154
2022,1 to 3 bed,All property types,Dublin,Euro,1812.28,18395,1458154
2022,1 to 3 bed,All property types,Dublin,Euro,1811.37,18395,1458154
2022,All bedrooms,All property types,Dublin,Euro,1810.88,18395,1458154
2022,Two bed,All property types,Dublin,Euro,1809.15,18395,1458154
2022,1 to 2 bed,All property types,Dublin,Euro,1808.47,18395,1458154
2022,Three bed,All property types,Dublin,Euro,1806.19,18395,1458154
2022,1 to 2 bed,All property types,Dublin,Euro,1802.25,18395,1458154
2022,1 to 3 bed,All property types,Dublin,Euro,1800.72,18395,1458154
2022,Two bed,All property types,Dublin,Euro,1800.24,18395,1458154
2022,Three bed,All property types,Dublin,Euro,1799.87,18395,1458154
2022,Two bed,All property types,Dublin,Euro,1799.73,18395,1458154
2022,1 to 3 bed,All property types,Dublin,Euro,1798.4,18395,1458154
2022,1 to 3 bed,All property types,Dublin,Euro,1797.95,18395,1458154
2022,All bedrooms,All property types,Dublin,Euro,1796.96,18395,1458154
2022,1 to 2 bed,All property types,Dublin,Euro,1796.96,18395,1458154
2022,1 to 3 bed,All property types,Dublin,Euro,1796.96,18395,1458154
2022,1 to 2 bed,All property types,Dublin,Euro,1794.74,18395,1458154
2022,Two bed,All property types,Dublin,Euro,1793.4,18395,1458154
2022,All bedrooms,All property types,Dublin,Euro,1790.63,18395,1458154
2022,All bedrooms,All property types,Dublin,Euro,1790.4,18395,1458154
2022,1 to 2 bed,All property types,Dublin,Euro,1789.84,18395,1458154
2022,1 to 3 bed,All property types,Dublin,Euro,1788.01,18395,1458154
2022,Four plus bed,All property types,Dublin,Euro,1786.97,18395,1458154
2022,Two bed,All property types,Dublin,Euro,1784.01,18395,1458154
2022,Two bed,All property types,Dublin,Euro,1780.06,18395,1458154
2022,1 to 2 bed,All property types,Dublin,Euro,1779.18,18395,1458154
2022,1 to 3 bed,All property types,Dublin,Euro,1778.15,18395,1458154
2022,1 to 2 bed,All property types,Dublin,Euro,1776.76,18395,1458154
2022,Two bed,All property types,Dublin,Euro,1776.14,18395,1458154
2022,1 to 3 bed,All property types,Dublin,Euro,1774.15,18395,1458154
2022,Two bed,All property types,Dublin,Euro,1773.44,18395,1458154
2022,All bedrooms,All property types,Dublin,Euro,1773.09,18395,1458154
2022,Two bed,All property types,Dublin,Euro,1770.42,18395,1458154
2022,1 to 2 bed,All property types,Dublin,Euro,1770,18395,1458154
2022,1 to 3 bed,All property types,Dublin,Euro,1768.85,18395,1458154
2022,Two bed,All property types,Dublin,Euro,1765.34,18395,1458154
2022,Three bed,All property types,Dublin,Euro,1761.68,18395,1458154
2022,All bedrooms,All property types,Dublin,Euro,1760.92,18395,1458154
2022,Two bed,All property types,Dublin,Euro,1760.84,18395,1458154
2022,All bedrooms,All property types,Dublin,Euro,1756.51,18395,1458154
2022,1 to 2 bed,All property types,Dublin,Euro,1755.5,18395,1458154
2022,1 to 3 bed,All property types,Dublin,Euro,1754.98,18395,1458154
2022,All bedrooms,All property types,Dublin,Euro,1754.92,18395,1458154
2022,All bedrooms,All property types,Dublin,Euro,1754.79,18395,1458154
2022,All bedrooms,All property types,Dublin,Euro,1754.58,18395,1458154
2022,1 to 2 bed,All property types,Dublin,Euro,1752.88,18395,1458154
2022,All bedrooms,All property types,Dublin,Euro,1751.53,18395,1458154
2022,1 to 2 bed,All property types,Dublin,Euro,1751.18,18395,1458154
2022,1 to 3 bed,All property types,Dublin,Euro,1750.2,18395,1458154
2022,1 to 2 bed,All property types,Dublin,Euro,1747.43,18395,1458154
2022,1 to 3 bed,All property types,Dublin,Euro,1745.84,18395,1458154
2022,Two bed,All property types,Dublin,Euro,1745.8,18395,1458154
2022,Two bed,All property types,Dublin,Euro,1745.53,18395,1458154
2022,1 to 2 bed,All property types,Dublin,Euro,1744.77,18395,1458154
2022,1 to 2 bed,All property types,Dublin,Euro,1744.45,18395,1458154
2022,1 to 3 bed,All property types,Dublin,Euro,1744.01,18395,1458154
2022,Three bed,All property types,Dublin,Euro,1743.53,18395,1458154
2022,One bed,All property types,Dublin,Euro,1742.56,18395,1458154
2022,Two bed,All property types,Dublin,Euro,1740.39,18395,1458154
2022,One bed,All property types,Dublin,Euro,1738.26,18395,1458154
2022,All bedrooms,All property types,Dublin,Euro,1737.05,18395,1458154
2022,Two bed,All property types,Dublin,Euro,1736.09,18395,1458154
2022,1 to 2 bed,All property types,Dublin,Euro,1735.94,18395,1458154
2022,1 to 3 bed,All property types,Dublin,Euro,1733.98,18395,1458154
2022,Two bed,All property types,Dublin,Euro,1730.77,18395,1458154
2022,Three bed,All property types,Dublin,Euro,1728.48,18395,1458154
2022,All bedrooms,All property types,Dublin,Euro,1725.5,18395,1458154
2022,1 to 3 bed,All property types,Dublin,Euro,1724.99,18395,1458154
2022,Three bed,All property types,Dublin,Euro,1724.13,18395,1458154
2022,Three bed,All property types,Dublin,Euro,1723.95,18395,1458154
2022,All bedrooms,All property types,Dublin,Euro,1723.77,18395,1458154
2022,Three bed,All property types,Dublin,Euro,1723.25,18395,1458154
2022,All bedrooms,All property types,Dublin,Euro,1722.3,18395,1458154
2022,1 to 3 bed,All property types,Dublin,Euro,1719.41,18395,1458154
2022,Two bed,All property types,Dublin,Euro,1716.78,18395,1458154
2022,All bedrooms,All property types,Dublin,Euro,1715.86,18395,1458154
2022,Three bed,All property types,Dublin,Euro,1714.17,18395,1458154
2022,1 to 2 bed,All property types,Dublin,Euro,1712.69,18395,1458154
2022,1 to 3 bed,All property types,Dublin,Euro,1712.07,18395,1458154
2022,1 to 2 bed,All property types,Dublin,Euro,1711.92,18395,1458154
2022,Two bed,All property types,Dublin,Euro,1710.03,18395,1458154
2022,One bed,All property types,Dublin,Euro,1708.63,18395,1458154
2022,1 to 2 bed,All property types,Dublin,Euro,1704.48,18395,1458154
2022,Two bed,All property types,Dublin,Euro,1704.1,18395,1458154
2022,1 to 2 bed,All property types,Dublin,Euro,1701.43,18395,1458154
2022,All bedrooms,All property types,Dublin,Euro,1700.45,18395,1458154
2022,1 to 3 bed,All property types,Dublin,Euro,1700.45,18395,1458154
2022,All bedrooms,All property types,Dublin,Euro,1700.36,18395,1458154
2022,All bedrooms,All property types,Dublin,Euro,1699.16,18395,1458154
2022,One bed,All property types,Dublin,Euro,1698.82,18395,1458154
2022,Two bed,All property types,Dublin,Euro,1698.72,18395,1458154
2022,Two bed,All property types,Dublin,Euro,1698.42,18395,1458154
2022,Two bed,All property types,Dublin,Euro,1697.87,18395,1458154
2022,Three bed,All property types,Dublin,Euro,1696.18,18395,1458154
2022,1 to 3 bed,All property types,Dublin,Euro,1696.16,18395,1458154
2022,All bedrooms,All property types,Dublin,Euro,1694.47,18395,1458154
2022,1 to 3 bed,All property types,Dublin,Euro,1694.47,18395,1458154
2022,1 to 2 bed,All property types,Dublin,Euro,1692.59,18395,1458154
2022,Three bed,All property types,Dublin,Euro,1691.81,18395,1458154
2022,One bed,All property types,Dublin,Euro,1691.68,18395,1458154
2022,All bedrooms,All property types,Dublin,Euro,1691.67,18395,1458154
2022,1 to 3 bed,All property types,Dublin,Euro,1690.13,18395,1458154
2022,Two bed,All property types,Dublin,Euro,1689.22,18395,1458154
2022,1 to 3 bed,All property types,Dublin,Euro,1687.36,18395,1458154
2022,1 to 2 bed,All property types,Dublin,Euro,1682.81,18395,1458154
2022,All bedrooms,All property types,Dublin,Euro,1682.67,18395,1458154
2022,1 to 3 bed,All property types,Dublin,Euro,1682.45,18395,1458154
2022,Three bed,All property types,Dublin,Euro,1678,18395,1458154
2022,1 to 3 bed,All property types,Dublin,Euro,1677.99,18395,1458154
2022,Two bed,All property types,Dublin,Euro,1677.84,18395,1458154
2022,1 to 2 bed,All property types,Dublin,Euro,1677.03,18395,1458154
2022,All bedrooms,All property types,Dublin,Euro,1676.26,18395,1458154
2022,1 to 3 bed,All property types,Dublin,Euro,1675.8,18395,1458154
2022,All bedrooms,All property types,Dublin,Euro,1673.74,18395,1458154
2022,All bedrooms,All property types,Dublin,Euro,1673.08,18395,1458154
2022,Two bed,All property types,Dublin,Euro,1671.74,18395,1458154
2022,1 to 2 bed,All property types,Dublin,Euro,1670.66,18395,1458154
2022,Two bed,All property types,Dublin,Euro,1669.76,18395,1458154
2022,All bedrooms,All property types,Dublin,Euro,1669.55,18395,1458154
2022,Two bed,All property types,Dublin,Euro,1668.59,18395,1458154
2022,Two bed,All property types,Dublin,Euro,1668.37,18395,1458154
2022,Two bed,All property types,Dublin,Euro,1668.13,18395,1458154
2022,1 to 3 bed,All property types,Dublin,Euro,1662.78,18395,1458154
2022,1 to 2 bed,All property types,Dublin,Euro,1662.01,18395,1458154
2022,1 to 3 bed,All property types,Dublin,Euro,1661.59,18395,1458154
2022,1 to 2 bed,All property types,Dublin,Euro,1660.76,18395,1458154
2022,Three bed,All property types,Dublin,Euro,1660.68,18395,1458154
2022,1 to 3 bed,All property types,Dublin,Euro,1659.5,18395,1458154
2022,All bedrooms,All property types,Dublin,Euro,1659.34,18395,1458154
2022,Two bed,All property types,Dublin,Euro,1659.14,18395,1458154
2022,1 to 3 bed,All property types,Dublin,Euro,1659.1,18395,1458154
2022,Two bed,All property types,Dublin,Euro,1656.93,18395,1458154
2022,All bedrooms,All property types,Dublin,Euro,1655.96,18395,1458154
2022,Three bed,All property types,Dublin,Euro,1655.74,18395,1458154
2022,All bedrooms,All property types,Dublin,Euro,1653.4,18395,1458154
2022,One bed,All property types,Dublin,Euro,1652.43,18395,1458154
2022,1 to 2 bed,All property types,Dublin,Euro,1651.95,18395,1458154
2022,1 to 2 bed,All property types,Dublin,Euro,1649.17,18395,1458154
2022,1 to 3 bed,All property types,Dublin,Euro,1648.82,18395,1458154
2022,All bedrooms,All property types,Dublin,Euro,1648.02,18395,1458154
2022,1 to 2 bed,All property types,Dublin,Euro,1647.29,18395,1458154
2022,All bedrooms,All property types,Dublin,Euro,1646.82,18395,1458154
2022,Two bed,All property types,Dublin,Euro,1644.21,18395,1458154
2022,All bedrooms,All property types,Dublin,Euro,1643.63,18395,1458154
2022,1 to 2 bed,All property types,Dublin,Euro,1642.53,18395,1458154
2022,All bedrooms,All property types,Dublin,Euro,1640.5,18395,1458154
2022,1 to 3 bed,All property types,Dublin,Euro,1639.71,18395,1458154
2022,Two bed,All property types,Dublin,Euro,1639.25,18395,1458154
2022,Two bed,All property types,Dublin,Euro,1637.96,18395,1458154
2022,One bed,All property types,Dublin,Euro,1637.63,18395,1458154
2022,Three bed,All property types,Dublin,Euro,1637.44,18395,1458154
2022,All bedrooms,All property types,Dublin,Euro,1636.2,18395,1458154
2022,Two bed,All property types,Dublin,Euro,1635.83,18395,1458154
2022,All bedrooms,All property types,Dublin,Euro,1635.72,18395,1458154
2022,Two bed,All property types,Dublin,Euro,1634.81,18395,1458154
2022,1 to 3 bed,All property types,Dublin,Euro,1634.02,18395,1458154
2022,1 to 2 bed,All property types,Dublin,Euro,1632.7,18395,1458154
2022,Two bed,All property types,Dublin,Euro,1631.89,18395,1458154
2022,Two bed,All property types,Dublin,Euro,1628.55,18395,1458154
2022,All bedrooms,All property types,Dublin,Euro,1628.52,18395,1458154
2022,1 to 3 bed,All property types,Dublin,Euro,1628.14,18395,1458154
2022,1 to 3 bed,All property types,Dublin,Euro,1625.19,18395,1458154
2022,1 to 2 bed,All property types,Dublin,Euro,1623.82,18395,1458154
2022,All bedrooms,All property types,Dublin,Euro,1623.19,18395,1458154
2022,Two bed,All property types,Dublin,Euro,1622.95,18395,1458154
2022,One bed,All property types,Dublin,Euro,1622.66,18395,1458154
2022,Two bed,All property types,Dublin,Euro,1622.56,18395,1458154
2022,1 to 2 bed,All property types,Dublin,Euro,1621.34,18395,1458154
2022,All bedrooms,All property types,Dublin,Euro,1620.09,18395,1458154
2022,1 to 3 bed,All property types,Dublin,Euro,1618.86,18395,1458154
2022,1 to 2 bed,All property types,Dublin,Euro,1618.08,18395,1458154
2022,1 to 3 bed,All property types,Dublin,Euro,1617.65,18395,1458154
2022,1 to 3 bed,All property types,Dublin,Euro,1616.57,18395,1458154
2022,1 to 3 bed,All property types,Dublin,Euro,1616.48,18395,1458154
2022,1 to 2 bed,All property types,Dublin,Euro,1616.04,18395,1458154
2022,1 to 3 bed,All property types,Dublin,Euro,1615.48,18395,1458154
2022,1 to 2 bed,All property types,Dublin,Euro,1615.45,18395,1458154
2022,1 to 3 bed,All property types,Dublin,Euro,1615.33,18395,1458154
2022,1 to 3 bed,All property types,Dublin,Euro,1612.48,18395,1458154
2022,One bed,All property types,Dublin,Euro,1610.89,18395,1458154
2022,All bedrooms,All property types,Dublin,Euro,1610.47,18395,1458154
2022,Two bed,All property types,Dublin,Euro,1609.76,18395,1458154
2022,One bed,All property types,Dublin,Euro,1608.34,18395,1458154
2022,Two bed,All property types,Dublin,Euro,1608.11,18395,1458154
2022,1 to 2 bed,All property types,Dublin,Euro,1608.1,18395,1458154
2022,1 to 3 bed,All property types,Dublin,Euro,1606.71,18395,1458154
2022,Three bed,All property types,Dublin,Euro,1606.17,18395,1458154
2022,All bedrooms,All property types,Dublin,Euro,1604.78,18395,1458154
2022,One bed,All property types,Dublin,Euro,1603.74,18395,1458154
2022,All bedrooms,All property types,Dublin,Euro,1602.26,18395,1458154
2022,1 to 3 bed,All property types,Dublin,Euro,1598.72,18395,1458154
2022,Two bed,All property types,Dublin,Euro,1597.91,18395,1458154
2022,1 to 2 bed,All property types,Dublin,Euro,1593.58,18395,1458154
2022,1 to 2 bed,All property types,Dublin,Euro,1592.61,18395,1458154
2022,All bedrooms,All property types,Dublin,Euro,1592.01,18395,1458154
2022,1 to 2 bed,All property types,Dublin,Euro,1590.16,18395,1458154
2022,1 to 3 bed,All property types,Dublin,Euro,1590.05,18395,1458154
2022,Two bed,All property types,Dublin,Euro,1589.13,18395,1458154
2022,1 to 2 bed,All property types,Dublin,Euro,1587.73,18395,1458154
2022,Two bed,All property types,Dublin,Euro,1587.32,18395,1458154
2022,Two bed,All property types,Dublin,Euro,1587.24,18395,1458154
2022,One bed,All property types,Dublin,Euro,1586.98,18395,1458154
2022,Two bed,All property types,Dublin,Euro,1586.86,18395,1458154
2022,1 to 2 bed,All property types,Dublin,Euro,1586.14,18395,1458154
2022,1 to 3 bed,All property types,Dublin,Euro,1585.73,18395,1458154
2022,Two bed,All property types,Dublin,Euro,1585.69,18395,1458154
2022,1 to 3 bed,All property types,Dublin,Euro,1585.46,18395,1458154
2022,1 to 2 bed,All property types,Dublin,Euro,1584.32,18395,1458154
2022,1 to 2 bed,All property types,Dublin,Euro,1584.27,18395,1458154
2022,One bed,All property types,Dublin,Euro,1584.08,18395,1458154
2022,All bedrooms,All property types,Dublin,Euro,1583.73,18395,1458154
2022,All bedrooms,All property types,Dublin,Euro,1582.74,18395,1458154
2022,1 to 2 bed,All property types,Dublin,Euro,1582.01,18395,1458154
2022,1 to 2 bed,All property types,Dublin,Euro,1581.06,18395,1458154
2022,1 to 3 bed,All property types,Dublin,Euro,1579.57,18395,1458154
2022,One bed,All property types,Dublin,Euro,1579.3,18395,1458154
2022,All bedrooms,All property types,Dublin,Euro,1579.07,18395,1458154
2022,Two bed,All property types,Dublin,Euro,1573.98,18395,1458154
2022,All bedrooms,All property types,Dublin,Euro,1573.27,18395,1458154
2022,All bedrooms,All property types,Dublin,Euro,1573.19,18395,1458154
2022,All bedrooms,All property types,Dublin,Euro,1571.87,18395,1458154
2022,1 to 2 bed,All property types,Dublin,Euro,1571.23,18395,1458154
2022,1 to 2 bed,All property types,Dublin,Euro,1570.75,18395,1458154
2022,1 to 3 bed,All property types,Dublin,Euro,1569.07,18395,1458154
2022,One bed,All property types,Dublin,Euro,1567.19,18395,1458154
2022,1 to 3 bed,All property types,Dublin,Euro,1565.39,18395,1458154
2022,1 to 3 bed,All property types,Dublin,Euro,1561.48,18395,1458154
2022,1 to 2 bed,All property types,Dublin,Euro,1561.2,18395,1458154
2022,One bed,All property types,Dublin,Euro,1560.67,18395,1458154
2022,Two bed,All property types,Dublin,Euro,1560.22,18395,1458154
2022,1 to 3 bed,All property types,Dublin,Euro,1559.4,18395,1458154
2022,1 to 3 bed,All property types,Dublin,Euro,1558.47,18395,1458154
2022,1 to 3 bed,All property types,Dublin,Euro,1557.55,18395,1458154
2022,All bedrooms,All property types,Dublin,Euro,1557.35,18395,1458154
2022,One bed,All property types,Dublin,Euro,1553.59,18395,1458154
2022,Two bed,All property types,Dublin,Euro,1551.07,18395,1458154
2022,1 to 3 bed,All property types,Dublin,Euro,1549.43,18395,1458154
2022,1 to 2 bed,All property types,Dublin,Euro,1548.43,18395,1458154
2022,One bed,All property types,Dublin,Euro,1547.72,18395,1458154
2022,All bedrooms,All property types,Dublin,Euro,1545.12,18395,1458154
2022,Two bed,All property types,Dublin,Euro,1543.41,18395,1458154
2022,One bed,All property types,Dublin,Euro,1541.77,18395,1458154
2022,1 to 2 bed,All property types,Dublin,Euro,1538.98,18395,1458154
2022,1 to 2 bed,All property types,Dublin,Euro,1537.96,18395,1458154
2022,All bedrooms,All property types,Dublin,Euro,1536.77,18395,1458154
2022,Two bed,All property types,Dublin,Euro,1532.78,18395,1458154
2022,1 to 2 bed,All property types,Dublin,Euro,1532.64,18395,1458154
2022,1 to 3 bed,All property types,Dublin,Euro,1528.5,18395,1458154
2022,All bedrooms,All property types,Dublin,Euro,1526.87,18395,1458154
2022,1 to 2 bed,All property types,Dublin,Euro,1524.66,18395,1458154
2022,1 to 2 bed,All property types,Dublin,Euro,1523.65,18395,1458154
2022,1 to 3 bed,All property types,Dublin,Euro,1523.53,18395,1458154
2022,1 to 3 bed,All property types,Dublin,Euro,1523.32,18395,1458154
2022,1 to 2 bed,All property types,Dublin,Euro,1522.86,18395,1458154
2022,1 to 3 bed,All property types,Dublin,Euro,1522.41,18395,1458154
2022,1 to 2 bed,All property types,Dublin,Euro,1516.41,18395,1458154
2022,1 to 3 bed,All property types,Dublin,Euro,1514.76,18395,1458154
2022,All bedrooms,All property types,Dublin,Euro,1514.03,18395,1458154
2022,One bed,All property types,Dublin,Euro,1512.23,18395,1458154
2022,1 to 3 bed,All property types,Dublin,Euro,1506.87,18395,1458154
2022,1 to 2 bed,All property types,Dublin,Euro,1502.32,18395,1458154
2022,1 to 3 bed,All property types,Dublin,Euro,1501.91,18395,1458154
2022,Two bed,All property types,Dublin,Euro,1501.7,18395,1458154
2022,1 to 3 bed,All property types,Dublin,Euro,1501.67,18395,1458154
2022,1 to 2 bed,All property types,Dublin,Euro,1499.82,18395,1458154
2022,1 to 2 bed,All property types,Dublin,Euro,1498.39,18395,1458154
2022,1 to 2 bed,All property types,Dublin,Euro,1495.73,18395,1458154
2022,One bed,All property types,Dublin,Euro,1494.33,18395,1458154
2022,1 to 2 bed,All property types,Dublin,Euro,1493.09,18395,1458154
2022,All bedrooms,All property types,Dublin,Euro,1493.02,18395,1458154
2022,1 to 2 bed,All property types,Dublin,Euro,1492.37,18395,1458154
2022,1 to 3 bed,All property types,Dublin,Euro,1492.26,18395,1458154
2022,1 to 2 bed,All property types,Dublin,Euro,1492.18,18395,1458154
2022,One bed,All property types,Dublin,Euro,1490.26,18395,1458154
2022,One bed,All property types,Dublin,Euro,1489.91,18395,1458154
2022,1 to 3 bed,All property types,Dublin,Euro,1489.29,18395,1458154
2022,One bed,All property types,Dublin,Euro,1486.13,18395,1458154
2022,1 to 2 bed,All property types,Dublin,Euro,1479.46,18395,1458154
2022,Two bed,All property types,Dublin,Euro,1479.29,18395,1458154
2022,1 to 2 bed,All property types,Dublin,Euro,1479.29,18395,1458154
2022,One bed,All property types,Dublin,Euro,1473.57,18395,1458154
2022,1 to 2 bed,All property types,Dublin,Euro,1473.57,18395,1458154
2022,One bed,All property types,Dublin,Euro,1473.26,18395,1458154
2022,All bedrooms,All property types,Dublin,Euro,1469.31,18395,1458154
2022,1 to 2 bed,All property types,Dublin,Euro,1466.92,18395,1458154
2022,1 to 2 bed,All property types,Dublin,Euro,1466.85,18395,1458154
2022,All bedrooms,All property types,Dublin,Euro,1463.13,18395,1458154
2022,1 to 3 bed,All property types,Dublin,Euro,1463.13,18395,1458154
2022,One bed,All property types,Dublin,Euro,1461.93,18395,1458154
2022,Two bed,All property types,Dublin,Euro,1461.19,18395,1458154
2022,One bed,All property types,Dublin,Euro,1461.11,18395,1458154
2022,One bed,All property types,Dublin,Euro,1454.72,18395,1458154
2022,One bed,All property types,Dublin,Euro,1450.09,18395,1458154
2022,1 to 3 bed,All property types,Dublin,Euro,1449.42,18395,1458154
2022,One bed,All property types,Dublin,Euro,1449.28,18395,1458154
2022,One bed,All property types,Dublin,Euro,1447.3,18395,1458154
2022,1 to 2 bed,All property types,Dublin,Euro,1445.54,18395,1458154
2022,1 to 2 bed,All property types,Dublin,Euro,1442.27,18395,1458154
2022,1 to 3 bed,All property types,Dublin,Euro,1439.74,18395,1458154
2022,One bed,All property types,Dublin,Euro,1438.49,18395,1458154
2022,One bed,All property types,Dublin,Euro,1438.37,18395,1458154
2022,1 to 3 bed,All property types,Dublin,Euro,1437.5,18395,1458154
2022,1 to 2 bed,All property types,Dublin,Euro,1435.22,18395,1458154
2022,1 to 2 bed,All property types,Dublin,Euro,1430.96,18395,1458154
2022,1 to 2 bed,All property types,Dublin,Euro,1426.25,18395,1458154
2022,1 to 2 bed,All property types,Dublin,Euro,1422.65,18395,1458154
2022,1 to 2 bed,All property types,Dublin,Euro,1413.08,18395,1458154
2022,One bed,All property types,Dublin,Euro,1412.13,18395,1458154
2022,Two bed,All property types,Dublin,Euro,1405.47,18395,1458154
2022,1 to 2 bed,All property types,Dublin,Euro,1402.9,18395,1458154
2022,One bed,All property types,Dublin,Euro,1401.81,18395,1458154
2022,Two bed,All property types,Dublin,Euro,1391.6,18395,1458154
2022,1 to 2 bed,All property types,Dublin,Euro,1390.26,18395,1458154
2022,One bed,All property types,Dublin,Euro,1389.88,18395,1458154
2022,One bed,All property types,Dublin,Euro,1389.87,18395,1458154
2022,One bed,All property types,Dublin,Euro,1381.24,18395,1458154
2022,1 to 2 bed,All property types,Dublin,Euro,1374.89,18395,1458154
2022,One bed,All property types,Dublin,Euro,1369.97,18395,1458154
2022,One bed,All property types,Dublin,Euro,1369.31,18395,1458154
2022,1 to 2 bed,All property types,Dublin,Euro,1366.38,18395,1458154
2022,1 to 2 bed,All property types,Dublin,Euro,1364.25,18395,1458154
2022,1 to 2 bed,All property types,Dublin,Euro,1364.23,18395,1458154
2022,One bed,All property types,Dublin,Euro,1358.96,18395,1458154
2022,One bed,All property types,Dublin,Euro,1356.33,18395,1458154
2022,One bed,All property types,Dublin,Euro,1345.39,18395,1458154
2022,One bed,All property types,Dublin,Euro,1342.47,18395,1458154
2022,One bed,All property types,Dublin,Euro,1341.99,18395,1458154
2022,1 to 2 bed,All property types,Dublin,Euro,1341.51,18395,1458154
2022,One bed,All property types,Dublin,Euro,1333.35,18395,1458154
2022,One bed,All property types,Dublin,Euro,1329.88,18395,1458154
2022,1 to 2 bed,All property types,Dublin,Euro,1327.61,18395,1458154
2022,All bedrooms,All property types,Dublin,Euro,1324.02,18395,1458154
2022,One bed,All property types,Dublin,Euro,1323.06,18395,1458154
2022,One bed,All property types,Dublin,Euro,1304.09,18395,1458154
2022,One bed,All property types,Dublin,Euro,1297.26,18395,1458154
2022,One bed,All property types,Dublin,Euro,1294.47,18395,1458154
2022,1 to 3 bed,All property types,Dublin,Euro,1286.09,18395,1458154
2022,One bed,All property types,Dublin,Euro,1285.82,18395,1458154
2022,One bed,All property types,Dublin,Euro,1285.47,18395,1458154
2022,One bed,All property types,Dublin,Euro,1275.42,18395,1458154
2022,One bed,All property types,Dublin,Euro,1275.34,18395,1458154
2022,One bed,All property types,Dublin,Euro,1272.99,18395,1458154
2022,1 to 2 bed,All property types,Dublin,Euro,1257.19,18395,1458154
2022,One bed,All property types,Dublin,Euro,1255.7,18395,1458154
2022,One bed,All property types,Dublin,Euro,1255.23,18395,1458154
2022,One bed,All property types,Dublin,Euro,1251.85,18395,1458154
2022,One bed,All property types,Dublin,Euro,1249.62,18395,1458154
2022,One bed,All property types,Dublin,Euro,1246.6,18395,1458154
2022,One bed,All property types,Dublin,Euro,1241.15,18395,1458154
2022,One bed,All property types,Dublin,Euro,1241.01,18395,1458154
2022,One bed,All property types,Dublin,Euro,1238.34,18395,1458154
2022,1 to 2 bed,All property types,Dublin,Euro,1230.48,18395,1458154
2022,One bed,All property types,Dublin,Euro,1211.65,18395,1458154
2022,One bed,All property types,Dublin,Euro,1207.35,18395,1458154
2022,One bed,All property types,Dublin,Euro,1189.66,18395,1458154
2022,One bed,All property types,Dublin,Euro,1185.56,18395,1458154
2022,All bedrooms,All property types,Dublin,Euro,1137.65,18395,1458154
2022,One bed,All property types,Dublin,Euro,1117.24,18395,1458154
2022,1 to 3 bed,All property types,Dublin,Euro,1102.45,18395,1458154
2022,One bed,All property types,Dublin,Euro,1096.36,18395,1458154
2022,One bed,All property types,Dublin,Euro,1090.13,18395,1458154
2022,One bed,All property types,Dublin,Euro,1072.15,18395,1458154
2022,1 to 2 bed,All property types,Dublin,Euro,1059.81,18395,1458154
2022,One bed,All property types,Dublin,Euro,950.35,18395,1458154
2022,Four plus bed,All property types,Galway,Euro,1893.71,10500,277737
2022,Four plus bed,All property types,Galway,Euro,1871.56,10500,277737
2022,Four plus bed,All property types,Galway,Euro,1794.36,10500,277737
2022,All bedrooms,All property types,Galway,Euro,1737.18,10500,277737
2022,Four plus bed,All property types,Galway,Euro,1690.67,10500,277737
2022,Four plus bed,All property types,Galway,Euro,1588.01,10500,277737
2022,Four plus bed,All property types,Galway,Euro,1547.14,10500,277737
2022,All bedrooms,All property types,Galway,Euro,1470.81,10500,277737
2022,Three bed,All property types,Galway,Euro,1463.27,10500,277737
2022,Four plus bed,All property types,Galway,Euro,1455.64,10500,277737
2022,All bedrooms,All property types,Galway,Euro,1452.12,10500,277737
2022,All bedrooms,All property types,Galway,Euro,1445.9,10500,277737
2022,Four plus bed,All property types,Galway,Euro,1439.43,10500,277737
2022,Three bed,All property types,Galway,Euro,1429.96,10500,277737
2022,All bedrooms,All property types,Galway,Euro,1428.53,10500,277737
2022,Four plus bed,All property types,Galway,Euro,1398.57,10500,277737
2022,Four plus bed,All property types,Galway,Euro,1387.79,10500,277737
2022,Three bed,All property types,Galway,Euro,1382.56,10500,277737
2022,Two bed,All property types,Galway,Euro,1377.7,10500,277737
2022,1 to 3 bed,All property types,Galway,Euro,1341.17,10500,277737
2022,Three bed,All property types,Galway,Euro,1317.06,10500,277737
2022,1 to 2 bed,All property types,Galway,Euro,1314.45,10500,277737
2022,1 to 3 bed,All property types,Galway,Euro,1312.06,10500,277737
2022,All bedrooms,All property types,Galway,Euro,1307.45,10500,277737
2022,Two bed,All property types,Galway,Euro,1294.91,10500,277737
2022,All bedrooms,All property types,Galway,Euro,1292.57,10500,277737
2022,Two bed,All property types,Galway,Euro,1285.63,10500,277737
2022,Three bed,All property types,Galway,Euro,1277.38,10500,277737
2022,All bedrooms,All property types,Galway,Euro,1275.87,10500,277737
2022,All bedrooms,All property types,Galway,Euro,1275.85,10500,277737
2022,Three bed,All property types,Galway,Euro,1273.6,10500,277737
2022,1 to 3 bed,All property types,Galway,Euro,1273.45,10500,277737
2022,Three bed,All property types,Galway,Euro,1263.81,10500,277737
2022,Two bed,All property types,Galway,Euro,1255.01,10500,277737
2022,1 to 3 bed,All property types,Galway,Euro,1252.29,10500,277737
2022,All bedrooms,All property types,Galway,Euro,1250.17,10500,277737
2022,All bedrooms,All property types,Galway,Euro,1249.15,10500,277737
2022,Three bed,All property types,Galway,Euro,1228.8,10500,277737
2022,All bedrooms,All property types,Galway,Euro,1224.06,10500,277737
2022,1 to 2 bed,All property types,Galway,Euro,1219.39,10500,277737
2022,All bedrooms,All property types,Galway,Euro,1214.26,10500,277737
2022,1 to 2 bed,All property types,Galway,Euro,1210.04,10500,277737
2022,Three bed,All property types,Galway,Euro,1201.94,10500,277737
2022,1 to 2 bed,All property types,Galway,Euro,1192.26,10500,277737
2022,1 to 3 bed,All property types,Galway,Euro,1177.01,10500,277737
2022,1 to 3 bed,All property types,Galway,Euro,1170.98,10500,277737
2022,Three bed,All property types,Galway,Euro,1166.98,10500,277737
2022,1 to 3 bed,All property types,Galway,Euro,1164.05,10500,277737
2022,Two bed,All property types,Galway,Euro,1157.87,10500,277737
2022,1 to 3 bed,All property types,Galway,Euro,1148.27,10500,277737
2022,Three bed,All property types,Galway,Euro,1143.36,10500,277737
2022,1 to 2 bed,All property types,Galway,Euro,1133.77,10500,277737
2022,1 to 3 bed,All property types,Galway,Euro,1133.51,10500,277737
2022,All bedrooms,All property types,Galway,Euro,1129.71,10500,277737
2022,All bedrooms,All property types,Galway,Euro,1126.86,10500,277737
2022,Three bed,All property types,Galway,Euro,1120.94,10500,277737
2022,Four plus bed,All property types,Galway,Euro,1117.63,10500,277737
2022,Four plus bed,All property types,Galway,Euro,1117.23,10500,277737
2022,Four plus bed,All property types,Galway,Euro,1116.9,10500,277737
2022,1 to 2 bed,All property types,Galway,Euro,1089.3,10500,277737
2022,Four plus bed,All property types,Galway,Euro,1086.05,10500,277737
2022,Two bed,All property types,Galway,Euro,1065.83,10500,277737
2022,1 to 2 bed,All property types,Galway,Euro,1057.89,10500,277737
2022,1 to 3 bed,All property types,Galway,Euro,1053.97,10500,277737
2022,1 to 3 bed,All property types,Galway,Euro,1052.1,10500,277737
2022,Two bed,All property types,Galway,Euro,1047.32,10500,277737
2022,1 to 3 bed,All property types,Galway,Euro,1021,10500,277737
2022,All bedrooms,All property types,Galway,Euro,1012.38,10500,277737
2022,Two bed,All property types,Galway,Euro,1007.2,10500,277737
2022,1 to 2 bed,All property types,Galway,Euro,992.17,10500,277737
2022,All bedrooms,All property types,Galway,Euro,991.66,10500,277737
2022,Three bed,All property types,Galway,Euro,991.36,10500,277737
2022,Three bed,All property types,Galway,Euro,981.93,10500,277737
2022,All bedrooms,All property types,Galway,Euro,974.07,10500,277737
2022,All bedrooms,All property types,Galway,Euro,972.21,10500,277737
2022,Three bed,All property types,Galway,Euro,966.99,10500,277737
2022,One bed,All property types,Galway,Euro,965.53,10500,277737
2022,Four plus bed,All property types,Galway,Euro,963.44,10500,277737
2022,1 to 3 bed,All property types,Galway,Euro,956.19,10500,277737
2022,All bedrooms,All property types,Galway,Euro,948.62,10500,277737
2022,1 to 3 bed,All property types,Galway,Euro,945.6,10500,277737
2022,1 to 3 bed,All property types,Galway,Euro,911.95,10500,277737
2022,1 to 3 bed,All property types,Galway,Euro,910.61,10500,277737
2022,1 to 2 bed,All property types,Galway,Euro,906.9,10500,277737
2022,Three bed,All property types,Galway,Euro,893.02,10500,277737
2022,Two bed,All property types,Galway,Euro,889.66,10500,277737
2022,Two bed,All property types,Galway,Euro,883.45,10500,277737
2022,1 to 3 bed,All property types,Galway,Euro,882.96,10500,277737
2022,One bed,All property types,Galway,Euro,869.65,10500,277737
2022,Two bed,All property types,Galway,Euro,856.52,10500,277737
2022,1 to 2 bed,All property types,Galway,Euro,854.99,10500,277737
2022,Two bed,All property types,Galway,Euro,852.82,10500,277737
2022,All bedrooms,All property types,Galway,Euro,852.53,10500,277737
2022,All bedrooms,All property types,Galway,Euro,848.7,10500,277737
2022,1 to 2 bed,All property types,Galway,Euro,845.83,10500,277737
2022,1 to 2 bed,All property types,Galway,Euro,844.73,10500,277737
2022,Two bed,All property types,Galway,Euro,835.6,10500,277737
2022,1 to 3 bed,All property types,Galway,Euro,809.88,10500,277737
2022,1 to 2 bed,All property types,Galway,Euro,802.42,10500,277737
2022,1 to 2 bed,All property types,Galway,Euro,794.35,10500,277737
2022,Three bed,All property types,Galway,Euro,790.97,10500,277737
2022,Two bed,All property types,Galway,Euro,782.41,10500,277737
2022,All bedrooms,All property types,Galway,Euro,773.08,10500,277737
2022,One bed,All property types,Galway,Euro,758.33,10500,277737
2022,One bed,All property types,Galway,Euro,748.57,10500,277737
2022,1 to 2 bed,All property types,Galway,Euro,741.91,10500,277737
2022,1 to 3 bed,All property types,Galway,Euro,728.41,10500,277737
2022,1 to 3 bed,All property types,Galway,Euro,719.63,10500,277737
2022,Two bed,All property types,Galway,Euro,708.26,10500,277737
2022,1 to 2 bed,All property types,Galway,Euro,692.5,10500,277737
2022,One bed,All property types,Galway,Euro,657.53,10500,277737
2022,Four plus bed,All property types,Kerry,Euro,1315.57,14500,156458
2022,Four plus bed,All property types,Kerry,Euro,1097.28,14500,156458
2022,Four plus bed,All property types,Kerry,Euro,1074.49,14500,156458
2022,All bedrooms,All property types,Kerry,Euro,1055.87,14500,156458
2022,Three bed,All property types,Kerry,Euro,1048.92,14500,156458
2022,Two bed,All property types,Kerry,Euro,1012.8,14500,156458
2022,1 to 3 bed,All property types,Kerry,Euro,989.2,14500,156458
2022,Three bed,All property types,Kerry,Euro,982.77,14500,156458
2022,1 to 2 bed,All property types,Kerry,Euro,947.53,14500,156458
2022,Three bed,All property types,Kerry,Euro,935.18,14500,156458
2022,All bedrooms,All property types,Kerry,Euro,912.25,14500,156458
2022,All bedrooms,All property types,Kerry,Euro,912.19,14500,156458
2022,1 to 3 bed,All property types,Kerry,Euro,909.03,14500,156458
2022,Three bed,All property types,Kerry,Euro,899,14500,156458
2022,Three bed,All property types,Kerry,Euro,897.4,14500,156458
2022,All bedrooms,All property types,Kerry,Euro,893.51,14500,156458
2022,All bedrooms,All property types,Kerry,Euro,879.83,14500,156458
2022,1 to 3 bed,All property types,Kerry,Euro,877.05,14500,156458
2022,Two bed,All property types,Kerry,Euro,874.22,14500,156458
2022,Two bed,All property types,Kerry,Euro,871.6,14500,156458
2022,Two bed,All property types,Kerry,Euro,866.05,14500,156458
2022,1 to 2 bed,All property types,Kerry,Euro,857.51,14500,156458
2022,1 to 3 bed,All property types,Kerry,Euro,853.55,14500,156458
2022,Four plus bed,All property types,Kerry,Euro,849.64,14500,156458
2022,1 to 3 bed,All property types,Kerry,Euro,844.03,14500,156458
2022,1 to 2 bed,All property types,Kerry,Euro,810.16,14500,156458
2022,One bed,All property types,Kerry,Euro,809.38,14500,156458
2022,1 to 2 bed,All property types,Kerry,Euro,803.16,14500,156458
2022,Three bed,All property types,Kerry,Euro,799.37,14500,156458
2022,Three bed,All property types,Kerry,Euro,782.46,14500,156458
2022,All bedrooms,All property types,Kerry,Euro,779.99,14500,156458
2022,All bedrooms,All property types,Kerry,Euro,762.51,14500,156458
2022,1 to 3 bed,All property types,Kerry,Euro,746.49,14500,156458
2022,1 to 3 bed,All property types,Kerry,Euro,732.16,14500,156458
2022,1 to 2 bed,All property types,Kerry,Euro,728.07,14500,156458
2022,All bedrooms,All property types,Kerry,Euro,720.13,14500,156458
2022,1 to 3 bed,All property types,Kerry,Euro,695.13,14500,156458
2022,Two bed,All property types,Kerry,Euro,689.05,14500,156458
2022,One bed,All property types,Kerry,Euro,677.36,14500,156458
2022,Two bed,All property types,Kerry,Euro,665.53,14500,156458
2022,One bed,All property types,Kerry,Euro,653.33,14500,156458
2022,1 to 2 bed,All property types,Kerry,Euro,653.31,14500,156458
2022,1 to 2 bed,All property types,Kerry,Euro,628.94,14500,156458
2022,Four plus bed,All property types,Kildare,Euro,2122.71,18680,247774
2022,Four plus bed,All property types,Kildare,Euro,2046.06,18680,247774
2022,Four plus bed,All property types,Kildare,Euro,1945.43,18680,247774
2022,Four plus bed,All property types,Kildare,Euro,1909.76,18680,247774
2022,Four plus bed,All property types,Kildare,Euro,1871.07,18680,247774
2022,Three bed,All property types,Kildare,Euro,1784.54,18680,247774
2022,All bedrooms,All property types,Kildare,Euro,1700.48,18680,247774
2022,Three bed,All property types,Kildare,Euro,1631.76,18680,247774
2022,Four plus bed,All property types,Kildare,Euro,1625.08,18680,247774
2022,Three bed,All property types,Kildare,Euro,1601.98,18680,247774
2022,1 to 3 bed,All property types,Kildare,Euro,1598.52,18680,247774
2022,Two bed,All property types,Kildare,Euro,1576.47,18680,247774
2022,All bedrooms,All property types,Kildare,Euro,1549.92,18680,247774
2022,Three bed,All property types,Kildare,Euro,1549.1,18680,247774
2022,All bedrooms,All property types,Kildare,Euro,1545.04,18680,247774
2022,Two bed,All property types,Kildare,Euro,1522.37,18680,247774
2022,Three bed,All property types,Kildare,Euro,1518.93,18680,247774
2022,All bedrooms,All property types,Kildare,Euro,1511.05,18680,247774
2022,Three bed,All property types,Kildare,Euro,1488.34,18680,247774
2022,Three bed,All property types,Kildare,Euro,1486.73,18680,247774
2022,1 to 2 bed,All property types,Kildare,Euro,1486.13,18680,247774
2022,All bedrooms,All property types,Kildare,Euro,1484.34,18680,247774
2022,1 to 3 bed,All property types,Kildare,Euro,1470.98,18680,247774
2022,1 to 3 bed,All property types,Kildare,Euro,1464.75,18680,247774
2022,1 to 3 bed,All property types,Kildare,Euro,1446.39,18680,247774
2022,1 to 3 bed,All property types,Kildare,Euro,1431.75,18680,247774
2022,Three bed,All property types,Kildare,Euro,1421.87,18680,247774
2022,All bedrooms,All property types,Kildare,Euro,1412.46,18680,247774
2022,Two bed,All property types,Kildare,Euro,1401.79,18680,247774
2022,1 to 2 bed,All property types,Kildare,Euro,1365.34,18680,247774
2022,1 to 2 bed,All property types,Kildare,Euro,1360.59,18680,247774
2022,All bedrooms,All property types,Kildare,Euro,1360.49,18680,247774
2022,Two bed,All property types,Kildare,Euro,1352.26,18680,247774
2022,All bedrooms,All property types,Kildare,Euro,1340.64,18680,247774
2022,1 to 3 bed,All property types,Kildare,Euro,1334.61,18680,247774
2022,Three bed,All property types,Kildare,Euro,1333.62,18680,247774
2022,1 to 3 bed,All property types,Kildare,Euro,1329.94,18680,247774
2022,Three bed,All property types,Kildare,Euro,1320.93,18680,247774
2022,1 to 2 bed,All property types,Kildare,Euro,1319.45,18680,247774
2022,Two bed,All property types,Kildare,Euro,1316.98,18680,247774
2022,Two bed,All property types,Kildare,Euro,1307.7,18680,247774
2022,1 to 2 bed,All property types,Kildare,Euro,1293.39,18680,247774
2022,Three bed,All property types,Kildare,Euro,1285.33,18680,247774
2022,All bedrooms,All property types,Kildare,Euro,1275.04,18680,247774
2022,1 to 3 bed,All property types,Kildare,Euro,1274.82,18680,247774
2022,Two bed,All property types,Kildare,Euro,1257.3,18680,247774
2022,All bedrooms,All property types,Kildare,Euro,1250.34,18680,247774
2022,Two bed,All property types,Kildare,Euro,1248.14,18680,247774
2022,Two bed,All property types,Kildare,Euro,1246.62,18680,247774
2022,1 to 2 bed,All property types,Kildare,Euro,1241.61,18680,247774
2022,All bedrooms,All property types,Kildare,Euro,1233.7,18680,247774
2022,1 to 2 bed,All property types,Kildare,Euro,1233.7,18680,247774
2022,Three bed,All property types,Kildare,Euro,1229.47,18680,247774
2022,1 to 3 bed,All property types,Kildare,Euro,1227.05,18680,247774
2022,Two bed,All property types,Kildare,Euro,1210.5,18680,247774
2022,1 to 2 bed,All property types,Kildare,Euro,1208.9,18680,247774
2022,1 to 3 bed,All property types,Kildare,Euro,1203.59,18680,247774
2022,One bed,All property types,Kildare,Euro,1182.85,18680,247774
2022,1 to 3 bed,All property types,Kildare,Euro,1178.22,18680,247774
2022,One bed,All property types,Kildare,Euro,1175.43,18680,247774
2022,Two bed,All property types,Kildare,Euro,1168.4,18680,247774
2022,1 to 2 bed,All property types,Kildare,Euro,1153.51,18680,247774
2022,All bedrooms,All property types,Kildare,Euro,1152.48,18680,247774
2022,1 to 2 bed,All property types,Kildare,Euro,1145.48,18680,247774
2022,All bedrooms,All property types,Kildare,Euro,1136.99,18680,247774
2022,All bedrooms,All property types,Kildare,Euro,1129.72,18680,247774
2022,Two bed,All property types,Kildare,Euro,1127.02,18680,247774
2022,One bed,All property types,Kildare,Euro,1125.05,18680,247774
2022,1 to 3 bed,All property types,Kildare,Euro,1107.63,18680,247774
2022,Three bed,All property types,Kildare,Euro,1102.32,18680,247774
2022,1 to 2 bed,All property types,Kildare,Euro,1095.73,18680,247774
2022,1 to 3 bed,All property types,Kildare,Euro,1092.79,18680,247774
2022,1 to 3 bed,All property types,Kildare,Euro,1087.97,18680,247774
2022,All bedrooms,All property types,Kildare,Euro,1050.27,18680,247774
2022,One bed,All property types,Kildare,Euro,1046.76,18680,247774
2022,All bedrooms,All property types,Kildare,Euro,1032.83,18680,247774
2022,1 to 2 bed,All property types,Kildare,Euro,1022.7,18680,247774
2022,One bed,All property types,Kildare,Euro,1016.05,18680,247774
2022,1 to 3 bed,All property types,Kildare,Euro,1015.16,18680,247774
2022,1 to 3 bed,All property types,Kildare,Euro,993.74,18680,247774
2022,Two bed,All property types,Kildare,Euro,986.8,18680,247774
2022,Two bed,All property types,Kildare,Euro,962.67,18680,247774
2022,1 to 2 bed,All property types,Kildare,Euro,946.7,18680,247774
2022,1 to 2 bed,All property types,Kildare,Euro,939.55,18680,247774
2022,One bed,All property types,Kildare,Euro,923.05,18680,247774
2022,One bed,All property types,Kildare,Euro,903.63,18680,247774
2022,One bed,All property types,Kildare,Euro,856.06,18680,247774
2022,One bed,All property types,Kildare,Euro,836.01,18680,247774
2022,Four plus bed,All property types,Kilkenny,Euro,1157.74,15200,104160
2022,Two bed,All property types,Kilkenny,Euro,1043.75,15200,104160
2022,All bedrooms,All property types,Kilkenny,Euro,1037.8,15200,104160
2022,Three bed,All property types,Kilkenny,Euro,1021.09,15200,104160
2022,All bedrooms,All property types,Kilkenny,Euro,1008.56,15200,104160
2022,1 to 3 bed,All property types,Kilkenny,Euro,1004.98,15200,104160
2022,1 to 2 bed,All property types,Kilkenny,Euro,993.67,15200,104160
2022,Three bed,All property types,Kilkenny,Euro,942.18,15200,104160
2022,All bedrooms,All property types,Kilkenny,Euro,940.06,15200,104160
2022,All bedrooms,All property types,Kilkenny,Euro,935.34,15200,104160
2022,1 to 3 bed,All property types,Kilkenny,Euro,877.14,15200,104160
2022,1 to 3 bed,All property types,Kilkenny,Euro,871.33,15200,104160
2022,1 to 3 bed,All property types,Kilkenny,Euro,851.03,15200,104160
2022,All bedrooms,All property types,Kilkenny,Euro,844.73,15200,104160
2022,Two bed,All property types,Kilkenny,Euro,830.42,15200,104160
2022,All bedrooms,All property types,Kilkenny,Euro,803.87,15200,104160
2022,1 to 3 bed,All property types,Kilkenny,Euro,802.9,15200,104160
2022,1 to 2 bed,All property types,Kilkenny,Euro,789.48,15200,104160
2022,One bed,All property types,Kilkenny,Euro,707.19,15200,104160
2022,Four plus bed,All property types,Laois,Euro,1115.77,14625,91877
2022,Four plus bed,All property types,Laois,Euro,1069.61,14625,91877
2022,Three bed,All property types,Laois,Euro,1032.16,14625,91877
2022,Three bed,All property types,Laois,Euro,1002.06,14625,91877
2022,Three bed,All property types,Laois,Euro,998.74,14625,91877
2022,All bedrooms,All property types,Laois,Euro,989.88,14625,91877
2022,1 to 3 bed,All property types,Laois,Euro,970.21,14625,91877
2022,All bedrooms,All property types,Laois,Euro,950.74,14625,91877
2022,Two bed,All property types,Laois,Euro,942.06,14625,91877
2022,Three bed,All property types,Laois,Euro,941.97,14625,91877
2022,All bedrooms,All property types,Laois,Euro,932.67,14625,91877
2022,1 to 3 bed,All property types,Laois,Euro,930.77,14625,91877
2022,All bedrooms,All property types,Laois,Euro,929.04,14625,91877
2022,1 to 3 bed,All property types,Laois,Euro,913.8,14625,91877
2022,1 to 2 bed,All property types,Laois,Euro,908.26,14625,91877
2022,Two bed,All property types,Laois,Euro,900.92,14625,91877
2022,Two bed,All property types,Laois,Euro,895.78,14625,91877
2022,1 to 3 bed,All property types,Laois,Euro,880.46,14625,91877
2022,All bedrooms,All property types,Laois,Euro,868.81,14625,91877
2022,1 to 3 bed,All property types,Laois,Euro,855.76,14625,91877
2022,1 to 2 bed,All property types,Laois,Euro,855.29,14625,91877
2022,Two bed,All property types,Laois,Euro,854,14625,91877
2022,1 to 2 bed,All property types,Laois,Euro,847.6,14625,91877
2022,1 to 2 bed,All property types,Laois,Euro,809.06,14625,91877
2022,One bed,All property types,Laois,Euro,734.03,14625,91877
2022,One bed,All property types,Laois,Euro,701.52,14625,91877
2022,One bed,All property types,Laois,Euro,700.57,14625,91877
2022,Four plus bed,All property types,Leitrim,Euro,906.36,7625,35199
2022,Four plus bed,All property types,Leitrim,Euro,827.6,7625,35199
2022,Three bed,All property types,Leitrim,Euro,812.63,7625,35199
2022,All bedrooms,All property types,Leitrim,Euro,756.71,7625,35199
2022,1 to 3 bed,All property types,Leitrim,Euro,730.12,7625,35199
2022,Two bed,All property types,Leitrim,Euro,719.92,7625,35199
2022,Three bed,All property types,Leitrim,Euro,715.11,7625,35199
2022,All bedrooms,All property types,Leitrim,Euro,710.51,7625,35199
2022,1 to 2 bed,All property types,Leitrim,Euro,692.34,7625,35199
2022,1 to 3 bed,All property types,Leitrim,Euro,682.32,7625,35199
2022,Two bed,All property types,Leitrim,Euro,677.74,7625,35199
2022,1 to 2 bed,All property types,Leitrim,Euro,650.27,7625,35199
2022,Three bed,All property types,Leitrim,Euro,634.44,7625,35199
2022,One bed,All property types,Leitrim,Euro,613.46,7625,35199
2022,All bedrooms,All property types,Leitrim,Euro,612.75,7625,35199
2022,1 to 3 bed,All property types,Leitrim,Euro,596.15,7625,35199
2022,One bed,All property types,Leitrim,Euro,559.18,7625,35199
2022,1 to 2 bed,All property types,Leitrim,Euro,545.09,7625,35199
2022,Four plus bed,All property types,Limerick,Euro,1983.25,14833,209536
2022,Four plus bed,All property types,Limerick,Euro,1728.91,14833,209536
2022,All bedrooms,All property types,Limerick,Euro,1665.94,14833,209536
2022,Four plus bed,All property types,Limerick,Euro,1622.81,14833,209536
2022,Four plus bed,All property types,Limerick,Euro,1548.12,14833,209536
2022,Four plus bed,All property types,Limerick,Euro,1528.73,14833,209536
2022,All bedrooms,All property types,Limerick,Euro,1410.23,14833,209536
2022,Three bed,All property types,Limerick,Euro,1372.61,14833,209536
2022,Three bed,All property types,Limerick,Euro,1332.15,14833,209536
2022,All bedrooms,All property types,Limerick,Euro,1308.28,14833,209536
2022,1 to 3 bed,All property types,Limerick,Euro,1308.16,14833,209536
2022,1 to 3 bed,All property types,Limerick,Euro,1268.9,14833,209536
2022,All bedrooms,All property types,Limerick,Euro,1263.82,14833,209536
2022,All bedrooms,All property types,Limerick,Euro,1260.06,14833,209536
2022,Three bed,All property types,Limerick,Euro,1255.4,14833,209536
2022,Three bed,All property types,Limerick,Euro,1254.21,14833,209536
2022,1 to 3 bed,All property types,Limerick,Euro,1219.35,14833,209536
2022,1 to 3 bed,All property types,Limerick,Euro,1208.81,14833,209536
2022,All bedrooms,All property types,Limerick,Euro,1190.5,14833,209536
2022,Two bed,All property types,Limerick,Euro,1171.67,14833,209536
2022,All bedrooms,All property types,Limerick,Euro,1164.08,14833,209536
2022,Two bed,All property types,Limerick,Euro,1162.95,14833,209536
2022,Three bed,All property types,Limerick,Euro,1155.49,14833,209536
2022,1 to 2 bed,All property types,Limerick,Euro,1145.76,14833,209536
2022,Three bed,All property types,Limerick,Euro,1137.46,14833,209536
2022,1 to 2 bed,All property types,Limerick,Euro,1137.11,14833,209536
2022,All bedrooms,All property types,Limerick,Euro,1132.51,14833,209536
2022,1 to 3 bed,All property types,Limerick,Euro,1128.37,14833,209536
2022,Two bed,All property types,Limerick,Euro,1110.8,14833,209536
2022,1 to 3 bed,All property types,Limerick,Euro,1099.97,14833,209536
2022,1 to 3 bed,All property types,Limerick,Euro,1072.65,14833,209536
2022,Two bed,All property types,Limerick,Euro,1067.05,14833,209536
2022,1 to 2 bed,All property types,Limerick,Euro,1067.05,14833,209536
2022,1 to 3 bed,All property types,Limerick,Euro,1065.78,14833,209536
2022,Two bed,All property types,Limerick,Euro,1061.42,14833,209536
2022,1 to 2 bed,All property types,Limerick,Euro,1053.17,14833,209536
2022,Three bed,All property types,Limerick,Euro,1043.62,14833,209536
2022,1 to 2 bed,All property types,Limerick,Euro,1002.56,14833,209536
2022,All bedrooms,All property types,Limerick,Euro,963.47,14833,209536
2022,1 to 3 bed,All property types,Limerick,Euro,963.47,14833,209536
2022,Two bed,All property types,Limerick,Euro,958.85,14833,209536
2022,1 to 2 bed,All property types,Limerick,Euro,944.15,14833,209536
2022,Four plus bed,All property types,Limerick,Euro,919.82,14833,209536
2022,One bed,All property types,Limerick,Euro,881.26,14833,209536
2022,Three bed,All property types,Limerick,Euro,880.89,14833,209536
2022,One bed,All property types,Limerick,Euro,867.67,14833,209536
2022,One bed,All property types,Limerick,Euro,824.04,14833,209536
2022,All bedrooms,All property types,Limerick,Euro,816.16,14833,209536
2022,All bedrooms,All property types,Limerick,Euro,801.3,14833,209536
2022,1 to 3 bed,All property types,Limerick,Euro,800.63,14833,209536
2022,Three bed,All property types,Limerick,Euro,792.04,14833,209536
2022,Three bed,All property types,Limerick,Euro,751.4,14833,209536
2022,1 to 3 bed,All property types,Limerick,Euro,746.39,14833,209536
2022,Two bed,All property types,Limerick,Euro,733.74,14833,209536
2022,All bedrooms,All property types,Limerick,Euro,717.78,14833,209536
2022,1 to 2 bed,All property types,Limerick,Euro,713.37,14833,209536
2022,Two bed,All property types,Limerick,Euro,702.68,14833,209536
2022,1 to 3 bed,All property types,Limerick,Euro,697.67,14833,209536
2022,1 to 2 bed,All property types,Limerick,Euro,672.21,14833,209536
2022,Four plus bed,All property types,Longford,Euro,903.95,12625,46751
2022,Four plus bed,All property types,Longford,Euro,886.02,12625,46751
2022,Three bed,All property types,Longford,Euro,868.24,12625,46751
2022,Two bed,All property types,Longford,Euro,842.64,12625,46751
2022,Three bed,All property types,Longford,Euro,809.14,12625,46751
2022,All bedrooms,All property types,Longford,Euro,803.62,12625,46751
2022,Three bed,All property types,Longford,Euro,797.74,12625,46751
2022,All bedrooms,All property types,Longford,Euro,788.66,12625,46751
2022,1 to 3 bed,All property types,Longford,Euro,788.2,12625,46751
2022,Two bed,All property types,Longford,Euro,783.25,12625,46751
2022,All bedrooms,All property types,Longford,Euro,783.09,12625,46751
2022,Two bed,All property types,Longford,Euro,772.84,12625,46751
2022,1 to 3 bed,All property types,Longford,Euro,765.85,12625,46751
2022,1 to 3 bed,All property types,Longford,Euro,759.43,12625,46751
2022,Three bed,All property types,Longford,Euro,757.5,12625,46751
2022,All bedrooms,All property types,Longford,Euro,754.84,12625,46751
2022,1 to 2 bed,All property types,Longford,Euro,747.81,12625,46751
2022,1 to 2 bed,All property types,Longford,Euro,740.36,12625,46751
2022,All bedrooms,All property types,Longford,Euro,740.15,12625,46751
2022,1 to 2 bed,All property types,Longford,Euro,729.9,12625,46751
2022,1 to 3 bed,All property types,Longford,Euro,717.78,12625,46751
2022,1 to 3 bed,All property types,Longford,Euro,712.49,12625,46751
2022,1 to 2 bed,All property types,Longford,Euro,704.34,12625,46751
2022,One bed,All property types,Longford,Euro,636.1,12625,46751
2022,1 to 2 bed,All property types,Longford,Euro,619.57,12625,46751
2022,Two bed,All property types,Longford,Euro,615.89,12625,46751
2022,One bed,All property types,Longford,Euro,611.95,12625,46751
2022,One bed,All property types,Longford,Euro,585.68,12625,46751
2022,Four plus bed,All property types,Louth,Euro,1531.86,15833,139703
2022,Four plus bed,All property types,Louth,Euro,1432.23,15833,139703
2022,Four plus bed,All property types,Louth,Euro,1381.64,15833,139703
2022,Three bed,All property types,Louth,Euro,1306.06,15833,139703
2022,Three bed,All property types,Louth,Euro,1267.56,15833,139703
2022,Three bed,All property types,Louth,Euro,1226.72,15833,139703
2022,All bedrooms,All property types,Louth,Euro,1214.23,15833,139703
2022,Two bed,All property types,Louth,Euro,1200.91,15833,139703
2022,Three bed,All property types,Louth,Euro,1186.1,15833,139703
2022,1 to 3 bed,All property types,Louth,Euro,1180.94,15833,139703
2022,All bedrooms,All property types,Louth,Euro,1167.55,15833,139703
2022,All bedrooms,All property types,Louth,Euro,1133.29,15833,139703
2022,1 to 3 bed,All property types,Louth,Euro,1132.26,15833,139703
2022,1 to 2 bed,All property types,Louth,Euro,1116.55,15833,139703
2022,Two bed,All property types,Louth,Euro,1113.73,15833,139703
2022,1 to 3 bed,All property types,Louth,Euro,1102.43,15833,139703
2022,All bedrooms,All property types,Louth,Euro,1088.33,15833,139703
2022,1 to 3 bed,All property types,Louth,Euro,1061.08,15833,139703
2022,Two bed,All property types,Louth,Euro,1057.66,15833,139703
2022,1 to 2 bed,All property types,Louth,Euro,1055.88,15833,139703
2022,1 to 2 bed,All property types,Louth,Euro,1012.45,15833,139703
2022,Two bed,All property types,Louth,Euro,1001.19,15833,139703
2022,One bed,All property types,Louth,Euro,969.84,15833,139703
2022,1 to 2 bed,All property types,Louth,Euro,920.4,15833,139703
2022,One bed,All property types,Louth,Euro,908.19,15833,139703
2022,One bed,All property types,Louth,Euro,819.07,15833,139703
2022,Four plus bed,All property types,Mayo,Euro,1258.83,10600,137970
2022,Four plus bed,All property types,Mayo,Euro,1021.15,10600,137970
2022,All bedrooms,All property types,Mayo,Euro,1001.96,10600,137970
2022,Two bed,All property types,Mayo,Euro,991.72,10600,137970
2022,Three bed,All property types,Mayo,Euro,979.25,10600,137970
2022,1 to 3 bed,All property types,Mayo,Euro,956.8,10600,137970
2022,1 to 2 bed,All property types,Mayo,Euro,947.69,10600,137970
2022,Three bed,All property types,Mayo,Euro,934.04,10600,137970
2022,Four plus bed,All property types,Mayo,Euro,910.5,10600,137970
2022,All bedrooms,All property types,Mayo,Euro,890.55,10600,137970
2022,Four plus bed,All property types,Mayo,Euro,889.62,10600,137970
2022,1 to 3 bed,All property types,Mayo,Euro,857.52,10600,137970
2022,Two bed,All property types,Mayo,Euro,834.8,10600,137970
2022,Three bed,All property types,Mayo,Euro,827.07,10600,137970
2022,All bedrooms,All property types,Mayo,Euro,814.62,10600,137970
2022,Four plus bed,All property types,Mayo,Euro,810.38,10600,137970
2022,Four plus bed,All property types,Mayo,Euro,805.52,10600,137970
2022,1 to 2 bed,All property types,Mayo,Euro,799.03,10600,137970
2022,All bedrooms,All property types,Mayo,Euro,796.53,10600,137970
2022,Two bed,All property types,Mayo,Euro,787.63,10600,137970
2022,1 to 3 bed,All property types,Mayo,Euro,787.06,10600,137970
2022,Two bed,All property types,Mayo,Euro,786.58,10600,137970
2022,Three bed,All property types,Mayo,Euro,782.7,10600,137970
2022,Three bed,All property types,Mayo,Euro,777,10600,137970
2022,Three bed,All property types,Mayo,Euro,774.26,10600,137970
2022,1 to 3 bed,All property types,Mayo,Euro,763.85,10600,137970
2022,1 to 2 bed,All property types,Mayo,Euro,754.28,10600,137970
2022,Three bed,All property types,Mayo,Euro,753.15,10600,137970
2022,1 to 2 bed,All property types,Mayo,Euro,739.49,10600,137970
2022,All bedrooms,All property types,Mayo,Euro,733.16,10600,137970
2022,All bedrooms,All property types,Mayo,Euro,728.14,10600,137970
2022,All bedrooms,All property types,Mayo,Euro,714.2,10600,137970
2022,1 to 3 bed,All property types,Mayo,Euro,708.54,10600,137970
2022,Three bed,All property types,Mayo,Euro,705.82,10600,137970
2022,1 to 3 bed,All property types,Mayo,Euro,705.26,10600,137970
2022,Three bed,All property types,Mayo,Euro,701.88,10600,137970
2022,All bedrooms,All property types,Mayo,Euro,701.12,10600,137970
2022,One bed,All property types,Mayo,Euro,699.32,10600,137970
2022,1 to 3 bed,All property types,Mayo,Euro,690.91,10600,137970
2022,All bedrooms,All property types,Mayo,Euro,683.93,10600,137970
2022,1 to 3 bed,All property types,Mayo,Euro,674.05,10600,137970
2022,One bed,All property types,Mayo,Euro,672.64,10600,137970
2022,Two bed,All property types,Mayo,Euro,664.28,10600,137970
2022,1 to 3 bed,All property types,Mayo,Euro,661.59,10600,137970
2022,All bedrooms,All property types,Mayo,Euro,648.72,10600,137970
2022,Two bed,All property types,Mayo,Euro,646.5,10600,137970
2022,1 to 2 bed,All property types,Mayo,Euro,641.45,10600,137970
2022,One bed,All property types,Mayo,Euro,634.18,10600,137970
2022,1 to 3 bed,All property types,Mayo,Euro,627.24,10600,137970
2022,Two bed,All property types,Mayo,Euro,627,10600,137970
2022,1 to 2 bed,All property types,Mayo,Euro,624.85,10600,137970
2022,All bedrooms,All property types,Mayo,Euro,616.1,10600,137970
2022,1 to 2 bed,All property types,Mayo,Euro,613.97,10600,137970
2022,Two bed,All property types,Mayo,Euro,601.51,10600,137970
2022,1 to 2 bed,All property types,Mayo,Euro,598.97,10600,137970
2022,Two bed,All property types,Mayo,Euro,565.71,10600,137970
2022,1 to 3 bed,All property types,Mayo,Euro,552.02,10600,137970
2022,1 to 2 bed,All property types,Mayo,Euro,549.82,10600,137970
2022,One bed,All property types,Mayo,Euro,544.69,10600,137970
2022,Four plus bed,All property types,Meath,Euro,1942.57,16890,220826
2022,Three bed,All property types,Meath,Euro,1717.03,16890,220826
2022,Three bed,All property types,Meath,Euro,1706.78,16890,220826
2022,Three bed,All property types,Meath,Euro,1601.42,16890,220826
2022,Three bed,All property types,Meath,Euro,1591.44,16890,220826
2022,All bedrooms,All property types,Meath,Euro,1571.91,16890,220826
2022,Four plus bed,All property types,Meath,Euro,1534.23,16890,220826
2022,1 to 3 bed,All property types,Meath,Euro,1501.43,16890,220826
2022,All bedrooms,All property types,Meath,Euro,1499.34,16890,220826
2022,All bedrooms,All property types,Meath,Euro,1483.06,16890,220826
2022,Two bed,All property types,Meath,Euro,1464.12,16890,220826
2022,Three bed,All property types,Meath,Euro,1464,16890,220826
2022,Two bed,All property types,Meath,Euro,1439.83,16890,220826
2022,Four plus bed,All property types,Meath,Euro,1434.93,16890,220826
2022,1 to 3 bed,All property types,Meath,Euro,1429.98,16890,220826
2022,All bedrooms,All property types,Meath,Euro,1429.57,16890,220826
2022,Four plus bed,All property types,Meath,Euro,1429.21,16890,220826
2022,1 to 3 bed,All property types,Meath,Euro,1428.18,16890,220826
2022,All bedrooms,All property types,Meath,Euro,1414.01,16890,220826
2022,All bedrooms,All property types,Meath,Euro,1413.13,16890,220826
2022,Two bed,All property types,Meath,Euro,1406.2,16890,220826
2022,All bedrooms,All property types,Meath,Euro,1404.94,16890,220826
2022,1 to 3 bed,All property types,Meath,Euro,1398.72,16890,220826
2022,Three bed,All property types,Meath,Euro,1393.29,16890,220826
2022,1 to 2 bed,All property types,Meath,Euro,1381.23,16890,220826
2022,1 to 2 bed,All property types,Meath,Euro,1367.46,16890,220826
2022,Three bed,All property types,Meath,Euro,1363.73,16890,220826
2022,1 to 2 bed,All property types,Meath,Euro,1357.36,16890,220826
2022,Three bed,All property types,Meath,Euro,1356.67,16890,220826
2022,Two bed,All property types,Meath,Euro,1356.41,16890,220826
2022,1 to 3 bed,All property types,Meath,Euro,1350.82,16890,220826
2022,All bedrooms,All property types,Meath,Euro,1347.27,16890,220826
2022,Three bed,All property types,Meath,Euro,1345.37,16890,220826
2022,1 to 3 bed,All property types,Meath,Euro,1343.75,16890,220826
2022,1 to 2 bed,All property types,Meath,Euro,1336.47,16890,220826
2022,1 to 3 bed,All property types,Meath,Euro,1333.93,16890,220826
2022,Four plus bed,All property types,Meath,Euro,1316.57,16890,220826
2022,All bedrooms,All property types,Meath,Euro,1301.96,16890,220826
2022,Two bed,All property types,Meath,Euro,1279.29,16890,220826
2022,All bedrooms,All property types,Meath,Euro,1278.71,16890,220826
2022,Three bed,All property types,Meath,Euro,1263.55,16890,220826
2022,1 to 3 bed,All property types,Meath,Euro,1262.17,16890,220826
2022,Two bed,All property types,Meath,Euro,1257.35,16890,220826
2022,1 to 3 bed,All property types,Meath,Euro,1254.54,16890,220826
2022,1 to 2 bed,All property types,Meath,Euro,1240.24,16890,220826
2022,All bedrooms,All property types,Meath,Euro,1239.53,16890,220826
2022,Four plus bed,All property types,Meath,Euro,1227.99,16890,220826
2022,1 to 3 bed,All property types,Meath,Euro,1226.55,16890,220826
2022,All bedrooms,All property types,Meath,Euro,1222.53,16890,220826
2022,Three bed,All property types,Meath,Euro,1219.73,16890,220826
2022,Three bed,All property types,Meath,Euro,1219.55,16890,220826
2022,1 to 2 bed,All property types,Meath,Euro,1219.47,16890,220826
2022,Two bed,All property types,Meath,Euro,1211.51,16890,220826
2022,Two bed,All property types,Meath,Euro,1206.77,16890,220826
2022,1 to 3 bed,All property types,Meath,Euro,1198.93,16890,220826
2022,1 to 3 bed,All property types,Meath,Euro,1188.84,16890,220826
2022,1 to 2 bed,All property types,Meath,Euro,1181.38,16890,220826
2022,Two bed,All property types,Meath,Euro,1175.65,16890,220826
2022,All bedrooms,All property types,Meath,Euro,1160.01,16890,220826
2022,All bedrooms,All property types,Meath,Euro,1138.06,16890,220826
2022,One bed,All property types,Meath,Euro,1137.59,16890,220826
2022,1 to 2 bed,All property types,Meath,Euro,1137.02,16890,220826
2022,Two bed,All property types,Meath,Euro,1105.85,16890,220826
2022,1 to 2 bed,All property types,Meath,Euro,1098.43,16890,220826
2022,1 to 3 bed,All property types,Meath,Euro,1091.38,16890,220826
2022,1 to 3 bed,All property types,Meath,Euro,1090.58,16890,220826
2022,Three bed,All property types,Meath,Euro,1072.51,16890,220826
2022,Two bed,All property types,Meath,Euro,1062.16,16890,220826
2022,All bedrooms,All property types,Meath,Euro,1054.56,16890,220826
2022,All bedrooms,All property types,Meath,Euro,1044.84,16890,220826
2022,Two bed,All property types,Meath,Euro,994.44,16890,220826
2022,1 to 2 bed,All property types,Meath,Euro,991.23,16890,220826
2022,1 to 3 bed,All property types,Meath,Euro,987.45,16890,220826
2022,1 to 3 bed,All property types,Meath,Euro,984.38,16890,220826
2022,1 to 2 bed,All property types,Meath,Euro,973.32,16890,220826
2022,Two bed,All property types,Meath,Euro,943.04,16890,220826
2022,1 to 2 bed,All property types,Meath,Euro,929.16,16890,220826
2022,1 to 2 bed,All property types,Meath,Euro,923.17,16890,220826
2022,One bed,All property types,Meath,Euro,921.12,16890,220826
2022,One bed,All property types,Meath,Euro,886.22,16890,220826
2022,One bed,All property types,Meath,Euro,823.12,16890,220826
2022,One bed,All property types,Meath,Euro,742.23,16890,220826
2022,Four plus bed,All property types,Monaghan,Euro,1051.53,10500,65288
2022,Four plus bed,All property types,Monaghan,Euro,1000.95,10500,65288
2022,Four plus bed,All property types,Monaghan,Euro,899.61,10500,65288
2022,One bed,All property types,Monaghan,Euro,892.62,10500,65288
2022,All bedrooms,All property types,Monaghan,Euro,892.03,10500,65288
2022,Three bed,All property types,Monaghan,Euro,848.93,10500,65288
2022,Three bed,All property types,Monaghan,Euro,826.61,10500,65288
2022,1 to 3 bed,All property types,Monaghan,Euro,826.23,10500,65288
2022,Two bed,All property types,Monaghan,Euro,809.21,10500,65288
2022,All bedrooms,All property types,Monaghan,Euro,796.32,10500,65288
2022,1 to 2 bed,All property types,Monaghan,Euro,795.71,10500,65288
2022,1 to 3 bed,All property types,Monaghan,Euro,786.3,10500,65288
2022,Three bed,All property types,Monaghan,Euro,773.42,10500,65288
2022,Three bed,All property types,Monaghan,Euro,767.06,10500,65288
2022,All bedrooms,All property types,Monaghan,Euro,762.22,10500,65288
2022,All bedrooms,All property types,Monaghan,Euro,759.44,10500,65288
2022,1 to 2 bed,All property types,Monaghan,Euro,754.27,10500,65288
2022,Two bed,All property types,Monaghan,Euro,729.69,10500,65288
2022,1 to 3 bed,All property types,Monaghan,Euro,729.44,10500,65288
2022,1 to 3 bed,All property types,Monaghan,Euro,725.54,10500,65288
2022,Two bed,All property types,Monaghan,Euro,703.76,10500,65288
2022,Three bed,All property types,Monaghan,Euro,699.95,10500,65288
2022,1 to 2 bed,All property types,Monaghan,Euro,698.09,10500,65288
2022,1 to 2 bed,All property types,Monaghan,Euro,695.12,10500,65288
2022,Two bed,All property types,Monaghan,Euro,691.39,10500,65288
2022,One bed,All property types,Monaghan,Euro,673.6,10500,65288
2022,All bedrooms,All property types,Monaghan,Euro,659.55,10500,65288
2022,1 to 3 bed,All property types,Monaghan,Euro,650.1,10500,65288
2022,One bed,All property types,Monaghan,Euro,634.44,10500,65288
2022,Four plus bed,All property types,Offaly,Euro,1163.9,12042,83150
2022,Four plus bed,All property types,Offaly,Euro,1107.95,12042,83150
2022,Three bed,All property types,Offaly,Euro,1075.98,12042,83150
2022,Three bed,All property types,Offaly,Euro,1050.08,12042,83150
2022,All bedrooms,All property types,Offaly,Euro,1027.33,12042,83150
2022,1 to 3 bed,All property types,Offaly,Euro,995.43,12042,83150
2022,Two bed,All property types,Offaly,Euro,992.89,12042,83150
2022,Three bed,All property types,Offaly,Euro,981.76,12042,83150
2022,All bedrooms,All property types,Offaly,Euro,955.48,12042,83150
2022,Three bed,All property types,Offaly,Euro,945.54,12042,83150
2022,All bedrooms,All property types,Offaly,Euro,924.07,12042,83150
2022,1 to 3 bed,All property types,Offaly,Euro,923.77,12042,83150
2022,1 to 2 bed,All property types,Offaly,Euro,914.57,12042,83150
2022,All bedrooms,All property types,Offaly,Euro,902.76,12042,83150
2022,1 to 3 bed,All property types,Offaly,Euro,891.23,12042,83150
2022,1 to 3 bed,All property types,Offaly,Euro,877.98,12042,83150
2022,Two bed,All property types,Offaly,Euro,858.23,12042,83150
2022,Two bed,All property types,Offaly,Euro,827.8,12042,83150
2022,1 to 2 bed,All property types,Offaly,Euro,806.53,12042,83150
2022,1 to 2 bed,All property types,Offaly,Euro,804.69,12042,83150
2022,Three bed,All property types,Offaly,Euro,802.75,12042,83150
2022,One bed,All property types,Offaly,Euro,765.21,12042,83150
2022,All bedrooms,All property types,Offaly,Euro,736.26,12042,83150
2022,All bedrooms,All property types,Offaly,Euro,723.8,12042,83150
2022,1 to 3 bed,All property types,Offaly,Euro,720.52,12042,83150
2022,Two bed,All property types,Offaly,Euro,710.89,12042,83150
2022,One bed,All property types,Offaly,Euro,699.8,12042,83150
2022,1 to 3 bed,All property types,Offaly,Euro,678.98,12042,83150
2022,1 to 2 bed,All property types,Offaly,Euro,677.02,12042,83150
2022,1 to 2 bed,All property types,Offaly,Euro,647.09,12042,83150
2022,One bed,All property types,Offaly,Euro,625.22,12042,83150
2022,Four plus bed,All property types,Roscommon,Euro,1144.66,9000,70259
2022,Three bed,All property types,Roscommon,Euro,1100.66,9000,70259
2022,All bedrooms,All property types,Roscommon,Euro,1086.1,9000,70259
2022,1 to 3 bed,All property types,Roscommon,Euro,1066.17,9000,70259
2022,1 to 2 bed,All property types,Roscommon,Euro,1016.81,9000,70259
2022,Two bed,All property types,Roscommon,Euro,1013.6,9000,70259
2022,Four plus bed,All property types,Roscommon,Euro,964.3,9000,70259
2022,Four plus bed,All property types,Roscommon,Euro,897.82,9000,70259
2022,Three bed,All property types,Roscommon,Euro,882.63,9000,70259
2022,All bedrooms,All property types,Roscommon,Euro,832.03,9000,70259
2022,Three bed,All property types,Roscommon,Euro,830.26,9000,70259
2022,All bedrooms,All property types,Roscommon,Euro,800.55,9000,70259
2022,Four plus bed,All property types,Roscommon,Euro,799.26,9000,70259
2022,Three bed,All property types,Roscommon,Euro,787.94,9000,70259
2022,1 to 3 bed,All property types,Roscommon,Euro,771.24,9000,70259
2022,1 to 3 bed,All property types,Roscommon,Euro,764.29,9000,70259
2022,Two bed,All property types,Roscommon,Euro,764.07,9000,70259
2022,All bedrooms,All property types,Roscommon,Euro,736.63,9000,70259
2022,Two bed,All property types,Roscommon,Euro,727.01,9000,70259
2022,Three bed,All property types,Roscommon,Euro,712.43,9000,70259
2022,1 to 3 bed,All property types,Roscommon,Euro,711.68,9000,70259
2022,Three bed,All property types,Roscommon,Euro,705.11,9000,70259
2022,1 to 2 bed,All property types,Roscommon,Euro,701.84,9000,70259
2022,1 to 2 bed,All property types,Roscommon,Euro,692.9,9000,70259
2022,Four plus bed,All property types,Roscommon,Euro,692.5,9000,70259
2022,Three bed,All property types,Roscommon,Euro,692.33,9000,70259
2022,All bedrooms,All property types,Roscommon,Euro,688.19,9000,70259
2022,1 to 3 bed,All property types,Roscommon,Euro,673.33,9000,70259
2022,All bedrooms,All property types,Roscommon,Euro,661.87,9000,70259
2022,1 to 3 bed,All property types,Roscommon,Euro,652.67,9000,70259
2022,Two bed,All property types,Roscommon,Euro,643.41,9000,70259
2022,Two bed,All property types,Roscommon,Euro,635.35,9000,70259
2022,All bedrooms,All property types,Roscommon,Euro,628.47,9000,70259
2022,1 to 3 bed,All property types,Roscommon,Euro,624.37,9000,70259
2022,1 to 2 bed,All property types,Roscommon,Euro,621.3,9000,70259
2022,1 to 2 bed,All property types,Roscommon,Euro,609.77,9000,70259
2022,Two bed,All property types,Roscommon,Euro,579.68,9000,70259
2022,One bed,All property types,Roscommon,Euro,579.6,9000,70259
2022,One bed,All property types,Roscommon,Euro,578.91,9000,70259
2022,1 to 2 bed,All property types,Roscommon,Euro,559.81,9000,70259
2022,Four plus bed,All property types,Sligo,Euro,1346.22,9900,70198
2022,All bedrooms,All property types,Sligo,Euro,1145.13,9900,70198
2022,Four plus bed,All property types,Sligo,Euro,1095.5,9900,70198
2022,Four plus bed,All property types,Sligo,Euro,1067.36,9900,70198
2022,Three bed,All property types,Sligo,Euro,1027.6,9900,70198
2022,1 to 3 bed,All property types,Sligo,Euro,1027.6,9900,70198
2022,All bedrooms,All property types,Sligo,Euro,1006.18,9900,70198
2022,1 to 3 bed,All property types,Sligo,Euro,956.13,9900,70198
2022,Four plus bed,All property types,Sligo,Euro,947.29,9900,70198
2022,Three bed,All property types,Sligo,Euro,921.02,9900,70198
2022,Three bed,All property types,Sligo,Euro,909.52,9900,70198
2022,All bedrooms,All property types,Sligo,Euro,897.9,9900,70198
2022,All bedrooms,All property types,Sligo,Euro,894.94,9900,70198
2022,Three bed,All property types,Sligo,Euro,886.78,9900,70198
2022,Two bed,All property types,Sligo,Euro,880.98,9900,70198
2022,All bedrooms,All property types,Sligo,Euro,876.6,9900,70198
2022,All bedrooms,All property types,Sligo,Euro,866.58,9900,70198
2022,1 to 3 bed,All property types,Sligo,Euro,866.51,9900,70198
2022,Three bed,All property types,Sligo,Euro,861.4,9900,70198
2022,1 to 3 bed,All property types,Sligo,Euro,857.44,9900,70198
2022,1 to 3 bed,All property types,Sligo,Euro,855.59,9900,70198
2022,Two bed,All property types,Sligo,Euro,850.78,9900,70198
2022,1 to 2 bed,All property types,Sligo,Euro,844.33,9900,70198
2022,All bedrooms,All property types,Sligo,Euro,830.54,9900,70198
2022,1 to 3 bed,All property types,Sligo,Euro,825.05,9900,70198
2022,1 to 2 bed,All property types,Sligo,Euro,806.06,9900,70198
2022,Two bed,All property types,Sligo,Euro,803.51,9900,70198
2022,1 to 3 bed,All property types,Sligo,Euro,790.08,9900,70198
2022,1 to 2 bed,All property types,Sligo,Euro,788.81,9900,70198
2022,Two bed,All property types,Sligo,Euro,788.73,9900,70198
2022,1 to 2 bed,All property types,Sligo,Euro,762,9900,70198
2022,All bedrooms,All property types,Sligo,Euro,699.15,9900,70198
2022,Three bed,All property types,Sligo,Euro,674.19,9900,70198
2022,One bed,All property types,Sligo,Euro,670.92,9900,70198
2022,One bed,All property types,Sligo,Euro,652.59,9900,70198
2022,1 to 3 bed,All property types,Sligo,Euro,642.23,9900,70198
2022,1 to 2 bed,All property types,Sligo,Euro,629.03,9900,70198
2022,Four plus bed,All property types,Tipperary,Euro,1118.68,17865,167895
2022,Three bed,All property types,Tipperary,Euro,1035.13,17865,167895
2022,All bedrooms,All property types,Tipperary,Euro,1029.51,17865,167895
2022,Three bed,All property types,Tipperary,Euro,1020.62,17865,167895
2022,Four plus bed,All property types,Tipperary,Euro,1006.42,17865,167895
2022,Four plus bed,All property types,Tipperary,Euro,1000.82,17865,167895
2022,Four plus bed,All property types,Tipperary,Euro,973.88,17865,167895
2022,1 to 3 bed,All property types,Tipperary,Euro,958.02,17865,167895
2022,All bedrooms,All property types,Tipperary,Euro,913.63,17865,167895
2022,Three bed,All property types,Tipperary,Euro,902.96,17865,167895
2022,Four plus bed,All property types,Tipperary,Euro,901.46,17865,167895
2022,1 to 3 bed,All property types,Tipperary,Euro,879.72,17865,167895
2022,Three bed,All property types,Tipperary,Euro,873.73,17865,167895
2022,Three bed,All property types,Tipperary,Euro,872.98,17865,167895
2022,Three bed,All property types,Tipperary,Euro,853.91,17865,167895
2022,Three bed,All property types,Tipperary,Euro,850.17,17865,167895
2022,Four plus bed,All property types,Tipperary,Euro,849.52,17865,167895
2022,All bedrooms,All property types,Tipperary,Euro,838.06,17865,167895
2022,Three bed,All property types,Tipperary,Euro,827.35,17865,167895
2022,Three bed,All property types,Tipperary,Euro,825.35,17865,167895
2022,All bedrooms,All property types,Tipperary,Euro,819.04,17865,167895
2022,All bedrooms,All property types,Tipperary,Euro,818.36,17865,167895
2022,All bedrooms,All property types,Tipperary,Euro,814.53,17865,167895
2022,1 to 3 bed,All property types,Tipperary,Euro,810.25,17865,167895
2022,All bedrooms,All property types,Tipperary,Euro,809,17865,167895
2022,One bed,All property types,Tipperary,Euro,802.28,17865,167895
2022,Two bed,All property types,Tipperary,Euro,801.06,17865,167895
2022,1 to 3 bed,All property types,Tipperary,Euro,795.83,17865,167895
2022,1 to 3 bed,All property types,Tipperary,Euro,792.71,17865,167895
2022,All bedrooms,All property types,Tipperary,Euro,789.77,17865,167895
2022,1 to 3 bed,All property types,Tipperary,Euro,787.43,17865,167895
2022,1 to 3 bed,All property types,Tipperary,Euro,775.02,17865,167895
2022,Two bed,All property types,Tipperary,Euro,771.45,17865,167895
2022,Three bed,All property types,Tipperary,Euro,755.91,17865,167895
2022,1 to 3 bed,All property types,Tipperary,Euro,754.9,17865,167895
2022,1 to 2 bed,All property types,Tipperary,Euro,754.07,17865,167895
2022,Two bed,All property types,Tipperary,Euro,749.59,17865,167895
2022,All bedrooms,All property types,Tipperary,Euro,741.85,17865,167895
2022,Two bed,All property types,Tipperary,Euro,740.34,17865,167895
2022,1 to 2 bed,All property types,Tipperary,Euro,739.87,17865,167895
2022,Two bed,All property types,Tipperary,Euro,738.9,17865,167895
2022,All bedrooms,All property types,Tipperary,Euro,732.44,17865,167895
2022,Two bed,All property types,Tipperary,Euro,728.79,17865,167895
2022,1 to 2 bed,All property types,Tipperary,Euro,725.65,17865,167895
2022,All bedrooms,All property types,Tipperary,Euro,720.66,17865,167895
2022,Two bed,All property types,Tipperary,Euro,715.23,17865,167895
2022,1 to 2 bed,All property types,Tipperary,Euro,712.44,17865,167895
2022,1 to 2 bed,All property types,Tipperary,Euro,710.23,17865,167895
2022,1 to 3 bed,All property types,Tipperary,Euro,706.88,17865,167895
2022,1 to 3 bed,All property types,Tipperary,Euro,706.32,17865,167895
2022,1 to 2 bed,All property types,Tipperary,Euro,702.84,17865,167895
2022,1 to 3 bed,All property types,Tipperary,Euro,698.47,17865,167895
2022,Two bed,All property types,Tipperary,Euro,692.05,17865,167895
2022,All bedrooms,All property types,Tipperary,Euro,689.02,17865,167895
2022,Two bed,All property types,Tipperary,Euro,683.14,17865,167895
2022,1 to 3 bed,All property types,Tipperary,Euro,671.66,17865,167895
2022,Two bed,All property types,Tipperary,Euro,667.38,17865,167895
2022,1 to 2 bed,All property types,Tipperary,Euro,662.69,17865,167895
2022,One bed,All property types,Tipperary,Euro,649.97,17865,167895
2022,1 to 2 bed,All property types,Tipperary,Euro,637.93,17865,167895
2022,One bed,All property types,Tipperary,Euro,630.87,17865,167895
2022,One bed,All property types,Tipperary,Euro,625.73,17865,167895
2022,1 to 2 bed,All property types,Tipperary,Euro,616.82,17865,167895
2022,One bed,All property types,Tipperary,Euro,614.44,17865,167895
2022,1 to 2 bed,All property types,Tipperary,Euro,609.68,17865,167895
2022,One bed,All property types,Tipperary,Euro,569.27,17865,167895
2022,One bed,All property types,Tipperary,Euro,496.05,17865,167895
2022,Four plus bed,All property types,Waterford,Euro,2103.31,23000,127363
2022,Four plus bed,All property types,Waterford,Euro,1628.68,23000,127363
2022,All bedrooms,All property types,Waterford,Euro,1596.86,23000,127363
2022,Four plus bed,All property types,Waterford,Euro,1404.21,23000,127363
2022,All bedrooms,All property types,Waterford,Euro,1318.68,23000,127363
2022,Three bed,All property types,Waterford,Euro,1216.19,23000,127363
2022,Three bed,All property types,Waterford,Euro,1210.91,23000,127363
2022,1 to 3 bed,All property types,Waterford,Euro,1209.2,23000,127363
2022,All bedrooms,All property types,Waterford,Euro,1178.4,23000,127363
2022,1 to 3 bed,All property types,Waterford,Euro,1171.54,23000,127363
2022,Four plus bed,All property types,Waterford,Euro,1145.86,23000,127363
2022,All bedrooms,All property types,Waterford,Euro,1138.65,23000,127363
2022,Two bed,All property types,Waterford,Euro,1107.87,23000,127363
2022,All bedrooms,All property types,Waterford,Euro,1099.33,23000,127363
2022,1 to 3 bed,All property types,Waterford,Euro,1099.33,23000,127363
2022,1 to 3 bed,All property types,Waterford,Euro,1095.28,23000,127363
2022,Three bed,All property types,Waterford,Euro,1076.13,23000,127363
2022,1 to 2 bed,All property types,Waterford,Euro,1068.1,23000,127363
2022,All bedrooms,All property types,Waterford,Euro,1059.1,23000,127363
2022,Three bed,All property types,Waterford,Euro,1032.67,23000,127363
2022,Three bed,All property types,Waterford,Euro,1017.84,23000,127363
2022,All bedrooms,All property types,Waterford,Euro,992.57,23000,127363
2022,All bedrooms,All property types,Waterford,Euro,982.3,23000,127363
2022,1 to 3 bed,All property types,Waterford,Euro,962.84,23000,127363
2022,1 to 3 bed,All property types,Waterford,Euro,958.5,23000,127363
2022,All bedrooms,All property types,Waterford,Euro,955.84,23000,127363
2022,Three bed,All property types,Waterford,Euro,947.94,23000,127363
2022,All bedrooms,All property types,Waterford,Euro,940.74,23000,127363
2022,All bedrooms,All property types,Waterford,Euro,928.92,23000,127363
2022,Two bed,All property types,Waterford,Euro,927.17,23000,127363
2022,Two bed,All property types,Waterford,Euro,923.06,23000,127363
2022,1 to 3 bed,All property types,Waterford,Euro,922.48,23000,127363
2022,1 to 3 bed,All property types,Waterford,Euro,918.97,23000,127363
2022,All bedrooms,All property types,Waterford,Euro,910.14,23000,127363
2022,1 to 2 bed,All property types,Waterford,Euro,910.14,23000,127363
2022,1 to 3 bed,All property types,Waterford,Euro,910.14,23000,127363
2022,Two bed,All property types,Waterford,Euro,897.43,23000,127363
2022,Two bed,All property types,Waterford,Euro,894.28,23000,127363
2022,All bedrooms,All property types,Waterford,Euro,892.63,23000,127363
2022,1 to 2 bed,All property types,Waterford,Euro,892.63,23000,127363
2022,1 to 3 bed,All property types,Waterford,Euro,892.63,23000,127363
2022,1 to 3 bed,All property types,Waterford,Euro,890.18,23000,127363
2022,1 to 3 bed,All property types,Waterford,Euro,882.83,23000,127363
2022,All bedrooms,All property types,Waterford,Euro,877.25,23000,127363
2022,Two bed,All property types,Waterford,Euro,874.84,23000,127363
2022,1 to 2 bed,All property types,Waterford,Euro,870.17,23000,127363
2022,All bedrooms,All property types,Waterford,Euro,865.91,23000,127363
2022,1 to 3 bed,All property types,Waterford,Euro,862.8,23000,127363
2022,Two bed,All property types,Waterford,Euro,857.42,23000,127363
2022,1 to 2 bed,All property types,Waterford,Euro,841.88,23000,127363
2022,1 to 2 bed,All property types,Waterford,Euro,839.83,23000,127363
2022,1 to 3 bed,All property types,Waterford,Euro,832.58,23000,127363
2022,1 to 2 bed,All property types,Waterford,Euro,820.37,23000,127363
2022,1 to 2 bed,All property types,Waterford,Euro,807.71,23000,127363
2022,One bed,All property types,Waterford,Euro,801.67,23000,127363
2022,One bed,All property types,Waterford,Euro,795.73,23000,127363
2022,All bedrooms,All property types,Waterford,Euro,758.25,23000,127363
2022,One bed,All property types,Waterford,Euro,744.71,23000,127363
2022,One bed,All property types,Waterford,Euro,744.06,23000,127363
2022,1 to 3 bed,All property types,Waterford,Euro,739.23,23000,127363
2022,Four plus bed,All property types,Westmeath,Euro,1176.5,16371,96221
2022,Four plus bed,All property types,Westmeath,Euro,1154.16,16371,96221
2022,Four plus bed,All property types,Westmeath,Euro,1149.78,16371,96221
2022,Three bed,All property types,Westmeath,Euro,1037.85,16371,96221
2022,Three bed,All property types,Westmeath,Euro,1031.25,16371,96221
2022,All bedrooms,All property types,Westmeath,Euro,1028.3,16371,96221
2022,Two bed,All property types,Westmeath,Euro,1023.93,16371,96221
2022,All bedrooms,All property types,Westmeath,Euro,1004.14,16371,96221
2022,1 to 3 bed,All property types,Westmeath,Euro,999.8,16371,96221
2022,Three bed,All property types,Westmeath,Euro,997.98,16371,96221
2022,Three bed,All property types,Westmeath,Euro,995.78,16371,96221
2022,1 to 2 bed,All property types,Westmeath,Euro,984.34,16371,96221
2022,All bedrooms,All property types,Westmeath,Euro,981.05,16371,96221
2022,All bedrooms,All property types,Westmeath,Euro,967.79,16371,96221
2022,Two bed,All property types,Westmeath,Euro,957.36,16371,96221
2022,1 to 3 bed,All property types,Westmeath,Euro,944.37,16371,96221
2022,1 to 3 bed,All property types,Westmeath,Euro,940.42,16371,96221
2022,Two bed,All property types,Westmeath,Euro,932.31,16371,96221
2022,1 to 3 bed,All property types,Westmeath,Euro,927.7,16371,96221
2022,All bedrooms,All property types,Westmeath,Euro,918.13,16371,96221
2022,1 to 2 bed,All property types,Westmeath,Euro,913.76,16371,96221
2022,1 to 2 bed,All property types,Westmeath,Euro,912.19,16371,96221
2022,1 to 3 bed,All property types,Westmeath,Euro,893.22,16371,96221
2022,All bedrooms,All property types,Westmeath,Euro,885.59,16371,96221
2022,1 to 2 bed,All property types,Westmeath,Euro,877.65,16371,96221
2022,Two bed,All property types,Westmeath,Euro,877.02,16371,96221
2022,One bed,All property types,Westmeath,Euro,874.72,16371,96221
2022,1 to 3 bed,All property types,Westmeath,Euro,865.89,16371,96221
2022,Two bed,All property types,Westmeath,Euro,838.1,16371,96221
2022,1 to 2 bed,All property types,Westmeath,Euro,833.14,16371,96221
2022,1 to 2 bed,All property types,Westmeath,Euro,821.52,16371,96221
2022,All bedrooms,All property types,Westmeath,Euro,801.47,16371,96221
2022,One bed,All property types,Westmeath,Euro,790.86,16371,96221
2022,1 to 3 bed,All property types,Westmeath,Euro,761.3,16371,96221
2022,One bed,All property types,Westmeath,Euro,722.1,16371,96221
2022,Four plus bed,All property types,Wexford,Euro,1176.8,16500,163919
2022,Four plus bed,All property types,Wexford,Euro,1110.37,16500,163919
2022,Three bed,All property types,Wexford,Euro,1071.81,16500,163919
2022,Four plus bed,All property types,Wexford,Euro,1020.71,16500,163919
2022,Three bed,All property types,Wexford,Euro,1017.36,16500,163919
2022,All bedrooms,All property types,Wexford,Euro,1007.37,16500,163919
2022,All bedrooms,All property types,Wexford,Euro,1005.19,16500,163919
2022,All bedrooms,All property types,Wexford,Euro,979.32,16500,163919
2022,Four plus bed,All property types,Wexford,Euro,977.33,16500,163919
2022,1 to 3 bed,All property types,Wexford,Euro,975.58,16500,163919
2022,1 to 3 bed,All property types,Wexford,Euro,970.31,16500,163919
2022,Three bed,All property types,Wexford,Euro,962.93,16500,163919
2022,1 to 3 bed,All property types,Wexford,Euro,962.14,16500,163919
2022,Three bed,All property types,Wexford,Euro,957.92,16500,163919
2022,1 to 3 bed,All property types,Wexford,Euro,956.6,16500,163919
2022,All bedrooms,All property types,Wexford,Euro,950.02,16500,163919
2022,Two bed,All property types,Wexford,Euro,932.76,16500,163919
2022,Three bed,All property types,Wexford,Euro,928.36,16500,163919
2022,All bedrooms,All property types,Wexford,Euro,894.7,16500,163919
2022,Two bed,All property types,Wexford,Euro,889.34,16500,163919
2022,1 to 2 bed,All property types,Wexford,Euro,889.34,16500,163919
2022,1 to 2 bed,All property types,Wexford,Euro,882.61,16500,163919
2022,1 to 3 bed,All property types,Wexford,Euro,863.24,16500,163919
2022,Three bed,All property types,Wexford,Euro,854.71,16500,163919
2022,Two bed,All property types,Wexford,Euro,835.31,16500,163919
2022,All bedrooms,All property types,Wexford,Euro,832.09,16500,163919
2022,All bedrooms,All property types,Wexford,Euro,825.5,16500,163919
2022,Two bed,All property types,Wexford,Euro,824.54,16500,163919
2022,All bedrooms,All property types,Wexford,Euro,822.4,16500,163919
2022,1 to 3 bed,All property types,Wexford,Euro,812.3,16500,163919
2022,Three bed,All property types,Wexford,Euro,803.17,16500,163919
2022,All bedrooms,All property types,Wexford,Euro,802.76,16500,163919
2022,1 to 2 bed,All property types,Wexford,Euro,799.75,16500,163919
2022,1 to 3 bed,All property types,Wexford,Euro,798.27,16500,163919
2022,Two bed,All property types,Wexford,Euro,796.42,16500,163919
2022,1 to 2 bed,All property types,Wexford,Euro,795,16500,163919
2022,1 to 3 bed,All property types,Wexford,Euro,794.88,16500,163919
2022,1 to 3 bed,All property types,Wexford,Euro,784.1,16500,163919
2022,1 to 2 bed,All property types,Wexford,Euro,768.87,16500,163919
2022,Two bed,All property types,Wexford,Euro,767.36,16500,163919
2022,1 to 2 bed,All property types,Wexford,Euro,743.82,16500,163919
2022,1 to 2 bed,All property types,Wexford,Euro,717.54,16500,163919
2022,One bed,All property types,Wexford,Euro,717.53,16500,163919
2022,One bed,All property types,Wexford,Euro,694.55,16500,163919
2022,One bed,All property types,Wexford,Euro,676.37,16500,163919
2022,One bed,All property types,Wexford,Euro,641.41,16500,163919
2022,Four plus bed,All property types,Wicklow,Euro,2533.96,15500,155851
2022,Three bed,All property types,Wicklow,Euro,2124.45,15500,155851
2022,Four plus bed,All property types,Wicklow,Euro,2026.63,15500,155851
2022,All bedrooms,All property types,Wicklow,Euro,1974.76,15500,155851
2022,Three bed,All property types,Wicklow,Euro,1910.37,15500,155851
2022,1 to 3 bed,All property types,Wicklow,Euro,1904.25,15500,155851
2022,Two bed,All property types,Wicklow,Euro,1854.94,15500,155851
2022,Four plus bed,All property types,Wicklow,Euro,1847.9,15500,155851
2022,1 to 2 bed,All property types,Wicklow,Euro,1829.98,15500,155851
2022,Three bed,All property types,Wicklow,Euro,1747.91,15500,155851
2022,All bedrooms,All property types,Wicklow,Euro,1743.68,15500,155851
2022,Four plus bed,All property types,Wicklow,Euro,1655.82,15500,155851
2022,1 to 3 bed,All property types,Wicklow,Euro,1610.75,15500,155851
2022,Two bed,All property types,Wicklow,Euro,1567.73,15500,155851
2022,Two bed,All property types,Wicklow,Euro,1495.8,15500,155851
2022,Three bed,All property types,Wicklow,Euro,1485.98,15500,155851
2022,1 to 2 bed,All property types,Wicklow,Euro,1478.66,15500,155851
2022,All bedrooms,All property types,Wicklow,Euro,1473.49,15500,155851
2022,Three bed,All property types,Wicklow,Euro,1436.91,15500,155851
2022,1 to 3 bed,All property types,Wicklow,Euro,1425.61,15500,155851
2022,All bedrooms,All property types,Wicklow,Euro,1408.53,15500,155851
2022,Two bed,All property types,Wicklow,Euro,1406.11,15500,155851
2022,All bedrooms,All property types,Wicklow,Euro,1405.28,15500,155851
2022,All bedrooms,All property types,Wicklow,Euro,1403.67,15500,155851
2022,1 to 3 bed,All property types,Wicklow,Euro,1363.98,15500,155851
2022,Three bed,All property types,Wicklow,Euro,1356.34,15500,155851
2022,1 to 3 bed,All property types,Wicklow,Euro,1346.52,15500,155851
2022,1 to 3 bed,All property types,Wicklow,Euro,1338.83,15500,155851
2022,Four plus bed,All property types,Wicklow,Euro,1325.13,15500,155851
2022,All bedrooms,All property types,Wicklow,Euro,1298.75,15500,155851
2022,Two bed,All property types,Wicklow,Euro,1294.68,15500,155851
2022,1 to 2 bed,All property types,Wicklow,Euro,1277.37,15500,155851
2022,Two bed,All property types,Wicklow,Euro,1269.96,15500,155851
2022,1 to 2 bed,All property types,Wicklow,Euro,1268,15500,155851
2022,1 to 2 bed,All property types,Wicklow,Euro,1264.24,15500,155851
2022,1 to 3 bed,All property types,Wicklow,Euro,1248.42,15500,155851
2022,Three bed,All property types,Wicklow,Euro,1221.16,15500,155851
2022,1 to 2 bed,All property types,Wicklow,Euro,1158.77,15500,155851
2022,All bedrooms,All property types,Wicklow,Euro,1120.32,15500,155851
2022,All bedrooms,All property types,Wicklow,Euro,1116.17,15500,155851
2022,1 to 3 bed,All property types,Wicklow,Euro,1087.12,15500,155851
2022,1 to 3 bed,All property types,Wicklow,Euro,1083.2,15500,155851
2022,Two bed,All property types,Wicklow,Euro,1045.9,15500,155851
2022,One bed,All property types,Wicklow,Euro,1041.89,15500,155851
2022,All bedrooms,All property types,Wicklow,Euro,1031.04,15500,155851
2022,Two bed,All property types,Wicklow,Euro,1029.91,15500,155851
2022,1 to 2 bed,All property types,Wicklow,Euro,1027.49,15500,155851
2022,One bed,All property types,Wicklow,Euro,1014.03,15500,155851
2022,1 to 3 bed,All property types,Wicklow,Euro,997.07,15500,155851
2022,Two bed,All property types,Wicklow,Euro,981.22,15500,155851
2022,1 to 2 bed,All property types,Wicklow,Euro,960.5,15500,155851
2022,1 to 2 bed,All property types,Wicklow,Euro,940.06,15500,155851
2022,One bed,All property types,Wicklow,Euro,864.47,15500,155851
2022,One bed,All property types,Wicklow,Euro,799.19,15500,155851
